✅ Connected to Firestore
🎮 Joined channel: xqc
🚀 StreamSense Chat Ingestion Service Started!
Press Ctrl+C to stop...
✅ Connected to Twitch IRC
📡 Listening for messages...
[xqc] KEKlnsane: SCHIZO IM SORRY
[xqc] lively021: xqcK
[xqc] edricsonc: SCHIZO
[xqc] likeablesea7: GachiPls  DATA MINERS ALREADY SOLVED PUZZLE  ͏
[xqc] treehunter03: ohnono
[xqc] burier31: SCHIZO Alarm ALERT PewPewPew TTours SCHIZO Alarm ALERT PewPewPew TTours SCHIZO Alarm ALERT PewPewPew TTours
[xqc] rageca6e: CAUGHT HEY, DON'T SHOOT! CAUGHT HEY, DON'T SHOOT! CAUGHT HEY, DON'T SHOOT! CAUGHT HEY, DON'T SHOOT!
[xqc] ezammmmmm: pew pewp ewp ew
[xqc] sultanar2: KILL HIM
[xqc] bbuuuuh: buh
[xqc] r0ckystar_: IM DYINGGGGGGG ͏
[xqc] HardTlmes: im gonna lose it SCHIZO
[xqc] sherratt1027: shoot that MFER
[xqc] onered5: @KidViciousTV hahaha nice i am in morocco aga
[xqc] tugu478: CAMERA
[xqc] ekinuu: SCHIZOcat
[xqc] misteroncle: SCHIZO
[xqc] PetroneXL: xqcN
[xqc] ItsZarbon: TTours
[xqc] mon_gasan: CAUGHT  HEY, DON'T SHOOT! CAUGHT HEY, DON'T SHOOT! CAUGHT HEY, DON'T SHOOT! CAUGHT HEY, DON'T SHOOT!
[xqc] 晴天: SCHIZO
[xqc] Lemonaade1: SCHIZO
[xqc] rucksacksepp3: druskiDance don't hit the druski dance druskiDance
[xqc] Djrr13: SCHIZO
[xqc] navvlol: SCHIZO
[xqc] ezammmmmm: pew pew pew pew
[xqc] burier31: SCHIZO Alarm ALERT PewPewPew TTours SCHIZO Alarm ALERT PewPewPew TTours SCHIZO Alarm ALERT PewPewPew TTours SCHIZO Alarm ALERT PewPewPew TTours SCHIZO Alarm ALERT PewPewPew TTours
[xqc] frzsty_: aga no
[xqc] nef414: oh no I bet like 3 of em start pc’s
[xqc] taebny: OMEGALUL im sorry
[xqc] urfosterfather: IM SORRY
[xqc] mbappetizer: SAJ sorry
[xqc] nadernation84: STFU
[xqc] Luambuu: BRO HITTING THE ohnono EMOTE
[xqc] GoBuyMyBeats: Im sorry BatChest
[xqc] robeastx: NO
[xqc] ByteMeTwice_: It's just badly designed puzzle LOL
[xqc] Djrr13: PewPewPew
[xqc] xSLay3rJ: ohnono
[xqc] cuRaetor: PewPewPew
[xqc] 31hc: WHAT IS GOING ON
[xqc] agigaherger0: THESE FUCKIG NOISES AAAAAAAAAAAAAAAH
[xqc] 1Taro2: he's sorry chat, forgive him WeirdCat
[xqc] yifors: they all went braindead ggs
[xqc] lively021: xqcArm1 xqcK xqcArm2
[xqc] HardTlmes: SCHIZO shoot them
[xqc] Brennyy__: not listening o7
[xqc] sightsis: LOL
[xqc] assuray420: glorp
[xqc] OrganizedFridge: no
[xqc] iluvleevi: @ErenDerJager SOLO?
[xqc] KEKlnsane: SCHIZO SORRY
[xqc] staneurope: EXECUTE HIM MEGALUL cEXECUTE HIM MEGALUL EXECUTE HIM MEGALUL EXECUTE HIM MEGALUL EXECUTE HIM MEGALUL
[xqc] ianite258: SCHIZO
[xqc] jigachad_holy: THEVOICES make it stop
[xqc] azay1011: aga Sorry!
[xqc] Eric4211: sorry
[xqc] staneurope: EXECUTE HIM MEGALUL EXECUTE HIM MEGALUL EXECUTE HIM MEGALUL EXECUTE HIM MEGALUL
[xqc] Lemonaade1: ohnono
[xqc] misteroncle: SCHIZO   sorry
[xqc] ianite258: PewPewPew
[xqc] sultanar2: KILL HIM PLEASE
[xqc] e40dgaf: NOOOOOOO way mang
[xqc] wtfeon: sorry
[xqc] HardTlmes: SCHIZO  shoot them
[xqc] taebny: OMEGALUL  im sorry
[xqc] ezammmmmm: im sorry
[xqc] MrMoonie: no
[xqc] TheRealCypheric: I HAVE ADHD AND I CANT TAKE THIS WTF PewPewPew PewPewPew PewPewPew PewPewPew PewPewPew PewPewPew PewPewPew PewPewPew PewPewPew PewPewPew PewPewPew PewPewPew PewPewPew PewPewPew PewPewPew PewPewPew PewPewPew PewPewPew PewPewPew PewPewPew PewPewPew PewPewPew PewPewPew PewPewPew PewPewPew
[xqc] nexuwuh: glorpJam
[xqc] tugu478: TTours
[xqc] azay1011: aga Sorry! ͏
[xqc] FLORIDaPKER: forsenPossessed NotLikeThis forsenPossessed
[xqc] r0ckystar_: IM DYINGGGGGGG CHAT
[xqc] atila_xdd: SCHIZO
[xqc] gronkspikeyourmomm: LUL LUL
[xqc] PepegaLag: la
[xqc] kalvinvar: glorp 📡
[xqc] Djrr13: SCHIZO
[xqc] kawaii_usagi46: Lmaoo
[xqc] misteroncle: SCHIZO   sorry!
[xqc] worgl: PewPewPew
[xqc] Alsuwailem5: glorp this is central control
[xqc] cuRaetor: no
[xqc] Extremegaming234: PewPewPew
[xqc] sultanar2: EXECUTE HIM
[xqc] vibeswithevan: PoroSad sorry
[xqc] Jtdogian1: ohnono
[xqc] atila_xdd: SCHIZO SCHIZO SCHIZO SCHIZO SCHIZO SCHIZO SCHIZO SCHIZO
[xqc] KEKlnsane: PewPewPew
[xqc] Sizzlaa: LOL
[xqc] RandomMac5: what is happening bro
[xqc] SkyLineUS: pew pew pew pew pew pew
[xqc] tpreyer: SHOOT THE SORRY GUY
[xqc] iluvleevi: FLUTE GUY WHERE
[xqc] logscs: NOT EVEN PHASED LOL NOT EVEN PHASED LOL NOT EVEN PHASED LOL NOT EVEN PHASED LOL
[xqc] Jenceno: n OMEGALUL ICANT
[xqc] Fortcats: oroRage
[xqc] crujones033: this looks fun
[xqc] kalvinvar: glorp 📡 ͏
[xqc] Eric4211: PewPewPew
[xqc] iluvleevi: FLUTE GUY WHERE ͏
[xqc] MADlSTlC: LOL
[xqc] TheRealAegis: pew pew pew pew
[xqc] smuuggs: LOL
[xqc] skelettett: DONT SHOOT DONT SHOOT DONT SHOOT DONT SHOOT DONT SHOOT DONT SHOOT DONT SHOOT DONT SHOOT DONT SHOOT DONT SHOOT DONT SHOOT
[xqc] BeezzKneezz: SCHIZO
[xqc] staneurope: EXECUTE HIM MEGALUL EXECUTE HIM MEGALUL EXECUTE HIM MEGALUL EXECUTE HIM MEGALUL EXECUTE HIM MEGALUL EXECUTE HIM MEGALUL
[xqc] Lemonaade1: ohnono  ͏
[xqc] YuushaXD_: PewPewPew
[xqc] jared_ingels: no
[xqc] iluvleevi: FLUTE GUY WHERE
[xqc] levourdalak: Pepepains
[xqc] FiveOhNate: N OMEGALUL
[xqc] assuray420: glorpass
[xqc] fisher8va: glorpJam
[xqc] atila_xdd: SCHIZO SCHIZO SCHIZO SCHIZO SCHIZO
[xqc] ANY_BRUGGERS: WeirdChamp hes sorry
[xqc] ItsZarbon: SCHIZO
[xqc] ekinuu: the voices.....
[xqc] TriggeredOverPixels: SORRY SCHIZO
[xqc] idkfa___: kids just cant help but be annoying its insane LOL
[xqc] theecats33: no
[xqc] iluvleevi: FLUTE GUY WHERE ͏
[xqc] GoBuyMyBeats: Sorry BatChest
[xqc] hjku04239141: MONKA
[xqc] jigachad_holy: execute him
[xqc] Lemonaade1: ohnono
[xqc] PepegaLag: ta
[xqc] iluvleevi: FLUTE GUY WHERE
[xqc] cuRaetor: SCHIZO
[xqc] shinichi9do: o7
[xqc] luka115_: PewPewPew
[xqc] moura_bourants: no :)
[xqc] az_MadMax: what type of schizo shit did I just walk into
[xqc] 0sergen0: PauseChamp FLUTE GUY PauseChamp FLUTE GUY PauseChamp FLUTE GUY PauseChamp FLUTE GUY PauseChamp FLUTE GUY PauseChamp FLUTE GUY PauseChamp FLUTE GUY
[xqc] mon_gasan: CAUGHT  HEY, DON'T SHOOT! CAUGHT HEY, DON'T SHOOT! CAUGHT HEY, DON'T SHOOT! CAUGHT HEY, DON'T SHOOT
[xqc] akamo0: Finger blasting HUH
[xqc] HardTlmes: glorp
[xqc] taebny: PewPewPew
[xqc] Lemonaade1: ohnono  ͏
[xqc] CrossriderBankaiOfficial: SCHIZO this is hell
[xqc] nexuwuh: glorpJam whos calling me
[xqc] NNBVALIJ: GYAT SHAKING
[xqc] meloveyouwrongtime: kyrielleTerror
[xqc] BeezzKneezz: PEW PEW PEW PEW
[xqc] nadernation84: ITS TIME TO EXECUTE MEGALUL
[xqc] HardTlmes: glorp ͏
[xqc] PepegaLag: xa
[xqc] matiblunt: no TomFoolery
[xqc] wrap55: PewPewPew PewPewPew PewPewPew
[xqc] uNeq1: PewPewPew SHROUD IS COMING
[xqc] cuRaetor: PewPewPew
[xqc] jared_ingels: pew pew pew
[xqc] xbirrix: pew pew pew
[xqc] Sizzlaa: emmahyJoeating
[xqc] Luambuu: BRO HITTING THE ohnono EMOTE ͏
[xqc] edricsonc: NOT EVEN A REACTION FROM X LO
[xqc] jeremo947: SCHIZOcat MAKE IT STOP SCHIZOcat MAKE IT STOP SCHIZOcat MAKE IT STOP SCHIZOcat MAKE IT STOP SCHIZOcat MAKE IT STOP SCHIZOcat MAKE IT STOP SCHIZOcat MAKE IT STOP
[xqc] Lemon_GTH: ohnono dont shoot
[xqc] taebny: SCHIZO o
[xqc] rucksacksepp3: xqcDance pew pew pew
[xqc] hangrantbail: xqcLL
[xqc] PepegaLag: la
[xqc] boomsit0: do it chat, finish the dbunker
[xqc] jigachad_holy: MEGALUL execute
[xqc] jared_ingels: PewPewPew
[xqc] rageca6e: CAUGHT  HEY, DON'T SHOOT! CAUGHT HEY, DON'T SHOOT! CAUGHT HEY, DON'T SHOOT! CAUGHT HEY, DON'T SHOOT!
[xqc] KEKlnsane: SCHIZO HEY DONT SHOOT
[xqc] vibeswithevan: PepeNPC
[xqc] GoBuyMyBeats: Hey Dont shoot BatChest

📊 Stats: 171 messages in 30s (5.70 msg/sec)

[xqc] PetroneXL: Pointless
[xqc] PepegaLag: lo
[xqc] MADlSTlC: ???
[xqc] FLORIDaPKER: :D
[xqc] Butkeim: SCHIZO PEW SCHIZO PEW SCHIZO PEW SCHIZO PEW SCHIZO PEW SCHIZO PEW
[xqc] 1Taro2: LO
[xqc] rolln8ths: LMAO
[xqc] Lemonaade1: ohnono dont shoot
[xqc] ANY_BRUGGERS: PewPewPew
[xqc] branzales: MONKA
[xqc] HardTlmes: OMEGALUL
[xqc] HoneyKick: ohnono
[xqc] BLURWYA: ohnono HEY DONT SHOOT
[xqc] anderson12098: SeemsGood
[xqc] nightosphere0: SCHIZO infinite loop
[xqc] رمزی: SCHIZO
[xqc] patrickstar0670: SCHIZO Pointless
[xqc] Gman065: someone else took the data
[xqc] hwangyejl_: SCHIZO
[xqc] PepegaLag: ta
[xqc] 31hc: I just joined whats happening
[xqc] amk466: ...butthenameislessgenericsoyoudontaccidentallytypeit
[xqc] KidViciousTV: @onered5 nice, cheers! aga
[xqc] LeiS8n: LO LO
[xqc] taebny: SCHIZO THE VOICESSSSS
[xqc] Luambuu: ohnono
[xqc] assuray420: agahi
[xqc] adam7924adam: pew pew pew
[xqc] hunterapoo: xqcLL
[xqc] Brennyy__: LO
[xqc] Sizzlaa: hallo
[xqc] TriggeredOverPixels: LO
[xqc] bbuuuuh: ⣿⣿⣿⣿⣿⣿⣿⣿⣿⣿⣿⣿⣿⣿⣿⣿⣿⣿⣿⣿⣿ ⡏⠙⣿⣿⣿⡿⠿⢛⣋⣋⣙⣉⡛⠻⢿⠟⡀⣺⣿⣿⣿⠀⠀⠀⠀⠀ ⣷⡘⢤⣙⣋⣴⣧⣹⣿⣿⣿⣿⣿⣯⣴⣾⡃⣿⣿⣿⣿ ⣿⣿⢀⣿⣧⣤⡈⡙⢿⣿⣿⣿⣿⡟⠀⠀⠀⣌⠻⣿⣿ ⣿⡇⣼⣿⣿⣿⣿⣿⣾⠛⣿⣿⣿⡉⣶⣶⣿⣿⡇⢻⣿ ⣿⠅⣿⣿⣿⣿⣿⡿⠿⠂⠛⣿⣿⠂⠸⢿⣿⣿⣧⢸⣿ ⣿⡅⣿⣿⣿⣿⡏⣴⣾⣿⣦⡙⠟⣠⣾⣦⡙⢿⣿⠨⣿ ⣿⠇⣿⣿⣿⣿⡇⣿⣿⣿⣿⣗⢸⣿⣿⣿⣿⢀⣿⢂⣿ ⢋⣼⣿⣿⣿⣿⡇⢻⣟⣡⣥⣶⣬⡙⣿⣿⠋⣼⣟⢰⣿ ⣾⣿⣿⣿⣿⣿⣿⡈⢿⣿⣿⣿⣿⣿⠟⢡⣾⣿⣿⣦⠹ ⣿⣿⣿⣿⣿⣿⣿⣿⣶⣦⣦⣦⣦⣶⣶⣾⣿⣿⣿⣿⣧ ⣿⣿⣿⣿⣿⣿⣿⣿⣿⣿⣿⣿⣿⣿⣿⣿⣿⣿⣿⣿⣿
[xqc] boomsit0: xqcLL
[xqc] rubikReal: wrong game
[xqc] jammbiiii: LO
[xqc] 00Bluey: LO
[xqc] onered5: BRO LOL
[xqc] matiblunt: No Tomfoolery No Tomfoolery No Tomfoolery No Tomfoolery
[xqc] ItsZarbon: lo
[xqc] theecats33: tellem to move LOL
[xqc] PetroneXL: xqcL
[xqc] fredrickdouglass808: stuck LOL
[xqc] kyriebernstein: ome60
[xqc] Tech_Taylor: SCHIZO I'M SORRY SCHIZO I'M SORRY SCHIZO I'M SORRY SCHIZO I'M SORRY SCHIZO I'M SORRY SCHIZO I'M SORRY SCHIZO I'M SORRY SCHIZO I'M SORRY SCHIZO I'M SORRY
[xqc] jigachad_holy: buh
[xqc] Necrotized: @xQc some other chatter said :u have to activate all computer then a main computer becomes available u have to activate that one in the time span
[xqc] KEKlnsane: buh
[xqc] ANY_BRUGGERS: summoning shroud monkaW
[xqc] whalezie: ohnono HEY DONT SHOOT
[xqc] Eric4211: BUH
[xqc] ParsyDev: MAKING SOMETHING OUT OF NOTHING
[xqc] 2xChamp7: jimmym23EZMoney jimmym23EZMoney jimmym23EZMoney jimmym23EZMoney jimmym23EZMoney
[xqc] Luambuu: FirstTimeClanka
[xqc] tehchonka: Dance
[xqc] mon_gasan: buh
[xqc] heIixdd: pewpewpewpewpewpew don’t shoot
[xqc] NNBVALIJ: SCHIZO I'M SORRY SCHIZO I'M SORRY SCHIZO I'M SORRY SCHIZO I'M SORRY SCHIZO I'M SORRY SCHIZO I'M SORRY SCHIZO I'M SORRY SCHIZO I'M SORRY SCHIZO I'M SORRY
[xqc] Eric4211: buh
[xqc] robeastx: NO
[xqc] jbwyatt1976: yo
[xqc] K0rrupt1on: buh
[xqc] 00Bluey: buh
[xqc] crazyballa15: hey don’t shoot
[xqc] branzales: AlienPls3
[xqc] cuRaetor: SCHIZO
[xqc] uNeq1: buh
[xqc] BLURWYA: buh
[xqc] jigachad_holy: PewPewPew
[xqc] ItsZarbon: buh
[xqc] Brennyy__: that guy was just vibin lowkey
[xqc] kyriebernstein: buh
[xqc] TriggeredOverPixels: ohnono DON'T SHOOT
[xqc] mon_gasan: CAUGHT  HEY, DON'T SHOOT! CAUGHT HEY, DON'T SHOOT! CAUGHT HEY, DON'T SHOOT! CAUGHT HEY, DON'T SHOOT!
[xqc] frerrefref: Prayge
[xqc] rageca6e: CAUGHT HEY, DON'T SHOOT! CAUGHT HEY, DON'T SHOOT! CAUGHT HEY, DON'T SHOOT! CAUGHT HEY, DON'T SHOOT!
[xqc] nexuwuh: glorpJam whos calling me ͏
[xqc] meloveyouwrongtime: buh2
[xqc] ErenDerJager: @iluvleevi timer starts when all are activated
[xqc] cuRaetor: PewPewPew
[xqc] mengivivaan11: buh
[xqc] nef414: buh
[xqc] TriggeredOverPixels: ohnono DON'T SHOOT ohnono DON'T SHOOT ohnono DON'T SHOOT ohnono DON'T SHOOT ohnono DON'T SHOOT
[xqc] atila_xdd: PewPewPew
[xqc] KEKlnsane: PewPewPew
[xqc] 00Bluey: PewPewPew
[xqc] Eric4211: PewPewPew
[xqc] xSLay3rJ: buh
[xqc] jammbiiii: SCHIZO

📊 Stats: 260 messages in 1m0s (4.33 msg/sec)

[xqc] adam7924adam: pew pew pew pew pew pew
[xqc] 1Taro2: 3 left
[xqc] SquidgyCards: did anyone figure it out
[xqc] CrossriderBankaiOfficial: FeelsWeirdManW don't shoot
[xqc] Hectag0n_: is it working
[xqc] swift_ant: pew pew pew pew pwe
[xqc] cuRaetor: PewPewPew 󠀀
[xqc] Gubbis_db000: Kill the pew pew guy
[xqc] atila_xdd: PewPewPew PewPewPew PewPewPew PewPewPew
[xqc] jigachad_holy: will it work the same
[xqc] misteroncle: SCHIZO   don't shoot
[xqc] ParsyDev: MAXIMIZING THE THINGS HE CAN CONTROL, MINIMIZING THE THINGS HE CANT CONTROL
[xqc] jeremo947: SCHIZOcat MAKE IT STOP SCHIZOcat MAKE IT STOP SCHIZOcat MAKE IT STOP SCHIZOcat MAKE IT STOP SCHIZOcat MAKE IT STOP SCHIZOcat MAKE IT STOP SCHIZOcat MAKE IT STOP SCHIZOcat MAKE IT STOP SCHIZOcat MAKE IT STOP
[xqc] frerrefref: ???
[xqc] crazyballa15: buh pew pew pew pew
[xqc] SKY_x_x_x: kill that mf
[xqc] fromkrypton01: ⣿⠭⣿⣿⡏⣽⣿⣿⣿⣿⢿⣿⠿⣿⠿⠻⣿⣿⡛⣿⡟⢻⠟⣫⡙⣿⠛⣿⢻⣿ ⣿⠄⣿⣿⡇⣿⢋⣶⡆⣿⠈⢏⣼⠃⣬⠕⣿⣿⣷⡘⢡⣿⠸⠟⣡⣿⠠⢟⢸⣿ ⣿⣼⣿⣿⣤⣿⣬⣭⣶⣿⣧⡾⣿⣶⣶⣾⣿⣯⣙⡁⢻⣿⣿⣿⣿⣿⣿⣿⣿⣿ ⣿⣿⣿⣿⣿⣿⣿⣿⠟⡛⣻⡇⢟⠋⣿⣏⠭⠈⣯⡆⢰⡾⣿⣿⣿⣿⣿⣿⣿⣿ ⣿⣿⣿⣿⣿⣿⣿⡃⣾⠟⣻⠁⣿⠄⣟⢑⣫⣀⣿⣇⣨⣴⣿⣿⣿⣿⣿⣿⣿⣿ ⣿⣿⣿⣿⣿⣿⢿⣳⣴⣿⠿⠯⠽⣻⢿⣿⡿⣟⣻⣿⣿⣿⣛⡿⣿⣿⣿⣿⣿⣿ ⣿⣿⣿⣿⣫⣾⣿⣫⣵⣶⣿⡿⠿⠶⠮⠙⠿⠛⣛⣩⣭⡭⠟⠛⠚⠛⣻⢿⣿⣿ ⣿⣿⣟⢹⣿⣿⣿⠿⢟⡫⢕⣢⠭⠤⢤⣤⣏⣩⠪⣙⡠⢤⡩⠍⠄⢤⣄⡰⢙⣿ ⣿⢳⣏⣾⣿⣿⡩⠭⣱⣶⣿⠁⠨⠐⠂⢹⣿⣿⣿⣮⣾⣿⠄⠥⠐⠂⢹⣿⣿⣾ ⣯⣿⣿⣿⣿⣿⣿⣿⣞⠽⢻⠦⢀⣀⣤⠾⢿⣛⡯⣛⣻⣿⠦⢀⣀⣴⣛⡻⣯⣿ ⣼⣿⣿⣿⣿⣿⣩⣶⡶⠶⢤⣤⣝⣛⡻⠿⠿⢿⣿⣿⣿⣿⣿⣿⣿⠿⢟⣃⡻⣿ ⣿⣿⣿⣿⣿⣿⣿⣾⣽⣛⠷⢾⣭⣝⣛⣛⡻⠶⠶⠶⠶⠶⠶⠶⠶⢟⣛⢫⣿⣿ ⠘⠿⣿⣿⣿⣿⣿⣿⣿⣿⣿⣷⣶⣭⣽⣛⣛⣛⣛⡛⠻⠿⠿⠿⢿⣿⣻⣾⣿⣿ ⠄⠁⠨⠑⠲⠭⢭⣭⣽⣙⣛⣛⣛⣛⣛⣛⣛⠛⠛⠭⣿⣿⣶⣾⣿⣿⣿⣿⣿⣿ ⠄⠄⠄⠄⠈⠄⠄⠄⠐⠄⠄⠄⠄⠄⠄⠒⠄⠄⠄⠈⠄⠝⢿⣿⣿⣿⣿⣿⣿⣿
[xqc] Raydan1901: DONT FOR GET BLACK HOLE PC @xQc
[xqc] azay1011: ome56butthenameislongersoyoucantspamit someone shoot x once
[xqc] Tech_Taylor: PewPewPew
[xqc] grimejunt: soul47Muted
[xqc] harukakono: dansi
[xqc] kyriebernstein: buh  buh
[xqc] hangrantbail: xqcP_HF
[xqc] Eric4211: omE
[xqc] monzerschreck: one grenade snipers  Pog
[xqc] Nuhrv: LO
[xqc] Lemonaade1: ohnono
[xqc] 1Taro2: negative
[xqc] edricsonc: FOUR OUT OF EIGHT
[xqc] 2xChamp7: I hope this works
[xqc] atila_xdd: PewPewPew PewPewPew PewPewPew PewPewPew PewPewPew
[xqc] som9x: LOL
[xqc] jbwyatt1976: why so many ppl
[xqc] ItsZarbon: PewPewPew
[xqc] HardTlmes: negative Nope
[xqc] assuray420: wideSpeedNod
[xqc] hunterapoo: keepshUWU keepshUWU keepshUWU
[xqc] taebny: ADHD
[xqc] nightosphere0: ohnono
[xqc] matiblunt: No Tomfoolery No Tomfoolery No Tomfoolery No Tomfoolery No Tomfoolery No Tomfoolery No Tomfoolery No Tomfoolery No Tomfoolery
[xqc] PepegaLag: ehy
[xqc] NNBVALIJ: Buh
[xqc] qwertyouid: has anybody actually figured this out
[xqc] r0ckystar_: THIS IS TAKING WAY TOO LONG, THERE IS NO WAY ITS GONNA BE THIS
[xqc] jeremo947: N OMEGALUL
[xqc] temperestre2: NOIDONTTHINKSO
[xqc] yanagi1272: kill the pew pew pew guy
[xqc] HawkNH: PewPewPew
[xqc] cuRaetor: OMEGALUL NEGATIVE
[xqc] TheCaptainGooey: there is like 3 to your left
[xqc] cathug51: buh2
[xqc] rafeael: u got top one
[xqc] ANY_BRUGGERS: PewPewPew
[xqc] harukakono: dansi dansi
[xqc] AbramsBoy: tell em stay
[xqc] xxfajlipxx: i love @xQc
[xqc] MarvinDaMartian23: NAHH
[xqc] ParsyDev: HE IS TALKING TO HIS THINGY
[xqc] giirrburr: FeelsDankMan FluteTime we need da flute guy
[xqc] robeastx: NOPE
[xqc] slosi123: HUH
[xqc] luka115_: PewPewPew
[xqc] r0ckystar_: THIS IS TAKING WAY TOO LONG, THERE IS NO WAY ITS GONNA BE THIS ͏
[xqc] temperestre2: N OMEGALUL
[xqc] Hectag0n_: buh
[xqc] pillowfiend: HmmNotes
[xqc] BurntPuke: peepoGlad
[xqc] heIixdd: PewPewPew
[xqc] HardTlmes: Hmm
[xqc] shinichi9do: HUH
[xqc] Itswasiim: Nope
[xqc] rageca6e: CAUGHT  HEY, DON'T SHOOT! CAUGHT HEY, DON'T SHOOT! CAUGHT HEY, DON'T SHOOT! CAUGHT HEY, DON'T SHOOT!
[xqc] EphialtesTV: HUH
[xqc] CrossriderBankaiOfficial: HUH
[xqc] ekinuu: chnyForsen
[xqc] Silz69: how tf is he still going lol
[xqc] taebny: HUH
[xqc] Eric4211: yea
[xqc] feveronn: HUH
[xqc] 31hc: HUH
[xqc] moura_bourants: HUH
[xqc] YuushaXD_: ArcRaidersDance
[xqc] PulsE_FPS: YEAH!
[xqc] TriggeredOverPixels: someone shoot x Tomfoolery someone shoot x Tomfoolery someone shoot x Tomfoolery someone shoot x Tomfoolery someone shoot x Tomfoolery someone shoot x Tomfoolery
[xqc] mon_gasan: CAUGHT  HEY, DON'T SHOOT! CAUGHT HEY, DON'T SHOOT! CAUGHT HEY, DON'T SHOOT! CAUGHT HEY, DON'T SHOOT
[xqc] assuray420: mhm
[xqc] Tech_Taylor: THEVOICES
[xqc] goonerhours: HUH
[xqc] jeremo947: LOL NEGATIVE
[xqc] 31hc: yea!
[xqc] matiblunt: N OMEGALUL Tomfoolery N OMEGALULN OMEGALUL
[xqc] Extremegaming234: ArcRaidersDance
[xqc] luka115_: HUH
[xqc] taekwond0: Negative
[xqc] Amdad: HUH
[xqc] ItsZarbon: HUH
[xqc] Tech_Taylor: THEVOICES ͏
[xqc] sultanar2: autism
[xqc] MrMoonie: no ͏
[xqc] Jenceno: LO ya
[xqc] jigachad_holy: HUH OKAY
[xqc] cuRaetor: Pog
[xqc] gIxoom: no
[xqc] Jungle_Ben: so what is the theory here?? LOL
[xqc] harukakono: dans
[xqc] Karyukoo: noo they will just click it fully
[xqc] KEKlnsane: Dance
[xqc] temperestre2: annytfAlright
[xqc] cu3ed: ah yes that one
[xqc] vibeswithevan: Dance
[xqc] HawkNH: yea!
[xqc] Atrix646: xqc 🔴u want them to start it already?
[xqc] 31hc: ok

📊 Stats: 374 messages in 1m30s (4.16 msg/sec)

[xqc] misteroncle: HUH
[xqc] CincoBinco: start the others early
[xqc] taebny: HUH TOP AND BLACK HOLE?
[xqc] meloveyouwrongtime: honkersAnnoyed
[xqc] GoldiiLock: ArcRaidersDance
[xqc] cuRaetor: Dance
[xqc] feveronn: LO
[xqc] temperestre2: AlienDance
[xqc] akayuki_lahn: HUH
[xqc] YuushaXD_: TTours
[xqc] staneurope: TIRED Aware TIRED Aware TIRED Aware TIRED Aware TIRED Aware
[xqc] harukakono: widetime2
[xqc] jbwyatt1976: AYOO
[xqc] Eric4211: TTours
[xqc] hwangyejl_: TTours
[xqc] Tech_Taylor: TTours
[xqc] StillDecidingOnName: Dance
[xqc] gIxoom: TTours
[xqc] justin20545: wideBoink
[xqc] 24kamikaze: TTours ͏
[xqc] Luambuu: TTours
[xqc] lilyzcloudy: Dance
[xqc] nef414: you got the top one already when first tried
[xqc] HawkNH: Dance
[xqc] HotZin: literally not enough time left LO
[xqc] CrossriderBankaiOfficial: yeaga I dance
[xqc] PepegaLag: TTours
[xqc] CeeShort: TTours
[xqc] KEKlnsane: TTours
[xqc] nadernation84: no
[xqc] frerrefref: Just do all of them then you download
[xqc] Samskio: TTours
[xqc] temperestre2: TTours
[xqc] Fossabot: xqcL aggo732 just joined the jungle using Prime! xqcL Thanks so much for subbing xqcL And supporting the stream! xqcL
[xqc] misteroncle: TTours
[xqc] YetiKing3: ArcRaidersDance ArcRaidersDance
[xqc] Saleem699: the sounds of this game is full fucking adhd mode
[xqc] Mustang00: TTours
[xqc] fredrickdouglass808: LOL
[xqc] luka115_: TTours
[xqc] Atrix646: xqc 🔴U NEED A MAP
[xqc] patrickstar0670: CAUGHT
[xqc] zxerca: TTours
[xqc] matiblunt: Ttoursa
[xqc] boomsit0: NICE PIC
[xqc] bearinark: TTours
[xqc] mayotuyu: in theory on paper
[xqc] Lightningice9: OMEGALUL
[xqc] BurntPuke: Gladge
[xqc] AnaxesTV: Dance
[xqc] Raydan1901: 10 MINS LEFT @xQc
[xqc] jared_ingels: ArcRaidersDance
[xqc] assuray420: autism
[xqc] Jenceno: LO LO LO
[xqc] nicoaza: Dance
[xqc] mochagrande: TTours
[xqc] meloveyouwrongtime: meemsCaught4k
[xqc] rageca6e: CAUGHT HEY, DON'T SHOOT! CAUGHT HEY, DON'T SHOOT! CAUGHT HEY, DON'T SHOOT! CAUGHT HEY, DON'T SHOOT!
[xqc] 00Bluey: Dance
[xqc] robeastx: ArcRaidersDance
[xqc] cuRaetor: TTours
[xqc] feveronn: ???
[xqc] ParsyDev: MAXIMIZE the juice
[xqc] NNBVALIJ: ArcRaidersDance
[xqc] jigachad_holy: mhm
[xqc] jeremo947: ArcRaidersDance
[xqc] ekinuu: muniDance
[xqc] uriwrld: ArcRaidersDance
[xqc] TheRealCypheric: bro is so tired LOL
[xqc] taebny: Clueless
[xqc] cuRaetor: Dance
[xqc] ItsZarbon: Dance
[xqc] matiblunt: Ttours Ttours Ttours Ttours Ttours
[xqc] staneurope: Dance
[xqc] frerrefref: SAME TEAM
[xqc] HardTlmes: ArcRaidersDance
[xqc] hwangyejl_: wideSpeedNod
[xqc] Eric4211: ArcRaidersDance
[xqc] mon_gasan: CAUGHT  HEY, DON'T SHOOT! CAUGHT HEY, DON'T SHOOT! CAUGHT HEY, DON'T SHOOT! CAUGHT HEY, DON'T SHOOT!
[xqc] the5thomen: SCHIZO FOLLOW THE CABLES
[xqc] D347Hzor: should explore all map for hints @xQc
[xqc] xxfajlipxx: TTours
[xqc] nicoaza: ArcRaidersDance
[xqc] onered5: @KidViciousTV cheers !! aga 🤙
[xqc] 1Taro2: Hmm
[xqc] temperestre2: ArcRaidersDance
[xqc] 2xChamp7: Call them poor if it doesn't work x
[xqc] jigachad_holy: Shrug
[xqc] CrossriderBankaiOfficial: yeaga I talk
[xqc] HardTlmes: ArcRaidersDance ͏
[xqc] monopoleyes: no time left
[xqc] Tech_Taylor: ome32
[xqc] zangetzu91: ArcRaidersDance ArcRaidersDance
[xqc] Nuhrv: ArcRaidersDance
[xqc] cuRaetor: PewPewPew
[xqc] HotZin: you shove
[xqc] luka115_: ArcRaidersDance
[xqc] kyriebernstein: no
[xqc] robeastx: DinoDance
[xqc] jigachad_holy: PewPewPew
[xqc] Smileysoz: Aware 24 hour stream
[xqc] KCOT: SCHIZO
[xqc] RobertHouse_v21: HUH drop the meat ?
[xqc] gIxoom: PewPewPew
[xqc] Remastered_09: dansi
[xqc] soupnsandwichh: 500cigarettes
[xqc] hunterapoo: mehdidMAD mehdidMAD mehdidMAD
[xqc] JAphrox: holy sperging
[xqc] lookezbr: mhm
[xqc] atila_xdd: its supposed to be something for a duo/trio for sure
[xqc] Sizzlaa: ArcRaidersDance
[xqc] MrMoonie: ye prolly
[xqc] Upshot_Gaming: Check com tower
[xqc] r0ckystar_: I THINK I DEVOLOPPED SCHIZO TODAY
[xqc] luka115_: PewPewPew
[xqc] FiloDonnie: Rare 24h stream PogU
[xqc] KidViciousTV: but that's just a theory, a game theory
[xqc] CHIP_GON_AWOL: PewPewPew PewPewPew PewPewPew PewPewPew PewPewPew ͏
[xqc] uriwrld: PewPewPew PewPewPew PewPewPew
[xqc] jeremo947: EDM
[xqc] assuray420: glorpSingingAtYou
[xqc] tixztz: DinoDance
[xqc] commandobean: @xQc TRY TAKING DOWNLOADS TO COMMUNICATIONS TOWER JARIVS JARIVS JARIVS
[xqc] frerrefref: I think it has to be same team
[xqc] HomelessDayTrader: only one has the right data\
[xqc] luka115_: PewPewPew PewPewPew
[xqc] its_Physikz: No.
[xqc] swift_ant: pew pew pew pew pew
[xqc] sillylittlegoober_: LO doing all this for absolutely nothing not even a single loot or cutscene LO
[xqc] ItsZarbon: ArcRaidersDance
[xqc] moura_bourants: PewPewPew summoning shroud
[xqc] Extremegaming234: PewPewPew
[xqc] vibeswithevan: yeah drop the beat wideSpeedNod
[xqc] KEKlnsane: PewPewPew
[xqc] Nox_Ferox: okaaay okaaay
[xqc] levourdalak: KILL PEW PEW PEW GUY
[xqc] YuushaXD_: PewPewPew
[xqc] Itswasiim: Nope no
[xqc] cuRaetor: MUGA
[xqc] taebny: hes so tired hes going delulu Aware
[xqc] Tech_Taylor: ome32 pew pew pew pew
[xqc] KCOT: SCHIZO I CANT DO IT ANYMORE

📊 Stats: 516 messages in 2m0s (4.30 msg/sec)

[xqc] ekinuu: no
[xqc] luka115_: PewPewPew
[xqc] Jenceno: lets g OMEGALUL
[xqc] theecats33: prolly mane
[xqc] HawkNH: Ancestors died for this LO Ancestors died for this LO Ancestors died for this LO Ancestors died for this LO
[xqc] 31hc: no
[xqc] burier31: SCHIZO Alarm ALERT PewPewPew TTours SCHIZO Alarm ALERT PewPewPew TTours SCHIZO Alarm ALERT PewPewPew TTours
[xqc] Mazeroski_: FeelsDankMan FluteTime
[xqc] danbo000: PewPewPew
[xqc] levourdalak: KILL PEW PEW PEW GUY PLS
[xqc] imperialistkarl: that might be true but where would u upload it tho there is no where on map to upload
[xqc] assuray420: PewPewPew
[xqc] luka115_: PewPewPew PewPewPew PewPewPew PewPewPew
[xqc] ANY_BRUGGERS: PewPewPew 󠀀
[xqc] harukakono: tsucatGlowstick tsucatGlowstick tsucatGlowstick
[xqc] its_Physikz: Nope. Nope
[xqc] Fumi_030: more like drop a nuke
[xqc] iluvleevi: FLUTE GUY WHERE ͏
[xqc] tazxo: no
[xqc] YuushaXD_: SCHIZO PewPewPew
[xqc] xsrbro: What if the order is the number of wires at the bottom?
[xqc] fredrickdouglass808: BRO HAS BEEN PLAYING THIS GAME FOR 24 HOURS LOL\
[xqc] 14da0706: TTours
[xqc] Demo0681: communication tower
[xqc] hunterapoo: jasont2Flirt jasont2Flirt jasont2Flirt
[xqc] iluvleevi: FLUTE GUY WHERE
[xqc] 31hc: yea
[xqc] Sizzlaa: lol
[xqc] cuRaetor: PewPewPew
[xqc] SsllgHero: PewPewPew PewPewPew PewPewPew PewPewPew PewPewPew ͏
[xqc] FeelsWeirdMan____: forsenCD a theory
[xqc] luka115_: PewPewPew
[xqc] iluvleevi: FLUTE GUY WHEREFLUTE GUY WHERE
[xqc] burier31: SCHIZO Alarm ALERT PewPewPew TTours SCHIZO Alarm ALERT PewPewPew TTours SCHIZO Alarm ALERT PewPewPew TTours SCHIZO Alarm ALERT PewPewPew TTours SCHIZO Alarm ALERT PewPewPew TTours SCHIZO Alarm ALERT PewPewPew TTours
[xqc] MrMoonie: no
[xqc] iluvleevi: FLUTE GUY WHERE
[xqc] patrickstar0670: Pointless kill that guy
[xqc] rafeael: CAN THE PEWPEWPEW GUY FUCK OFF
[xqc] derekkeller: PewPewPew
[xqc] SteamMSB: no time
[xqc] 27_fps: communications tower
[xqc] awkey: THE DBUNKER WILL FIGURE THE PUZZLE OUT I BELIEVE
[xqc] iluvleevi: FLUTE GUY WHERE ͏
[xqc] nightosphere0: NOPERS
[xqc] KidViciousTV: im about topew pew pew pew myself
[xqc] bloodline2k8: kill the pew pew mf
[xqc] Gubbis_db000: Kill the pew pew guy scawy
[xqc] onered5: ArcRaidersDance EDM
[xqc] KCOT: SCHIZO I CANT DO IT ANYMORE SCHIZO
[xqc] CrossriderBankaiOfficial: xqcEyes vision0 Mazeroski_
[xqc] Sizzlaa: heavPEW
[xqc] Itswasiim: Nope nope
[xqc] 31hc: pew pew pew pew
[xqc] iluvleevi: FLUTE GUY WHERE
[xqc] cuRaetor: Dance
[xqc] old_bay: KILL PEW PEW PEW PEW GUY
[xqc] iluvleevi: FLUTE GUY WHERE ͏
[xqc] logscs: shoot this guy
[xqc] HardTlmes: PewPewPew
[xqc] Lemonaade1: ohnono  ͏
[xqc] Poopman482: pewpewpewpewpew
[xqc] BigNosedCanadian: DBUNKER DBUNKING LIVE HOLY
[xqc] cqji: ArcRaidersDance
[xqc] ItsZarbon: PewPewPew
[xqc] Eric4211: PewPewPew
[xqc] 31hc: yeah drop the beat
[xqc] nightosphere0: NOPERS Tssk
[xqc] shiiiett: ArcRaidersDance PewPewPew PewPewPew ArcRaidersDance
[xqc] n8oll: f ReallyMad
[xqc] jigachad_holy: SCHIZO
[xqc] fredrickdouglass808: BRO HAS BEEN PLAYING THIS GAME FOR 24 HOURS LOL LO LO PewPewPew SCHIZO
[xqc] derica1234: we’re approaching 24hrs how many arcs are you gonna raid
[xqc] assuray420: glorp
[xqc] taebny: trying to do these easter eggs for 24 hours straight o7
[xqc] lilyzcloudy: SCHIZO
[xqc] ByteMeTwice_: NAHH It's gotta be bugged
[xqc] hunterapoo: mehdidHS mehdidHS mehdidHS mehdidHS
[xqc] YuushaXD_: SCHIZO I CANT
[xqc] onered5: ArcRaidersDance EDM  ArcRaidersDance EDM  ArcRaidersDance EDM
[xqc] WaryBadgr: 24 hour stream soon OOOO
[xqc] its_Physikz: PewPewPew
[xqc] Bishox: lo
[xqc] atila_xdd: "explored" +500
[xqc] Scarasazzi: PEWPELELELELLELWLELELWLLWLWLWLWLLWLW
[xqc] imperialistkarl: many people have done solo runs where they download all data so i dont think this is the solution
[xqc] jbro238: bro
[xqc] assuray420: PewPewPew
[xqc] vibeswithevan: PewPewPew
[xqc] xjb28: KILL PEW PEW GUY BRUH
[xqc] 晴天: SCHIZO ͏
[xqc] Jenceno: N OMEGALUL
[xqc] KCOT: SCHIZO NO MORE
[xqc] zzayf: why the fuck do people spam shit, it gets annoying
[xqc] 31hc: pew pew pew pew pew
[xqc] ironmanpewdspidermnrageb8: TheIlluminati TheIlluminati TheIlluminati
[xqc] jbro238: make it stop
[xqc] vibeswithevan: no
[xqc] 31hc: no
[xqc] Dantijo: PewPewPew
[xqc] taebny: NO LOL
[xqc] luka115_: PewPewPew PewPewPew
[xqc] twiggy9999999: PEANUT HAS WORKED IT OUT !
[xqc] D347Hzor: Cant solve any puzzle without Marty Sadge
[xqc] 31hc: negative
[xqc] edricsonc: FOUR OUT OF EIGHT DONE Alarm
[xqc] lively021: xqcArm1 PewPewPew xqcArm2
[xqc] Mazeroski_: ttapJam @CrossriderBankaiOfficial
[xqc] n8oll: ReallyMad
[xqc] ANY_BRUGGERS: PewPewPew
[xqc] pkee123: WTF IS GOING ON
[xqc] hunterapoo: xqcLL xqcLL xqcLL xqcLL xqcLL xqcLL
[xqc] th5nk: PewPewPew
[xqc] Poopman482: pew
[xqc] Sizzlaa: payoO
[xqc] helgrin_: from Arc Riders to Gta role playing

📊 Stats: 631 messages in 2m30s (4.21 msg/sec)

[xqc] taebny: OOOO
[xqc] freshsandels: bro looks like he got into trains coke stash
[xqc] r0ckystar_: NICE
[xqc] seallucky: batJAM IM PROOOMPTING
[xqc] BigNosedCanadian: PewPewPew
[xqc] 晴天: PewPewPew
[xqc] jigachad_holy: LO didnt leave his station
[xqc] vibeswithevan: sowwy
[xqc] Scarasazzi: PEPEPELELELLWLWLWLWLWLW
[xqc] SeekerNinetyFive: PewPewPew PewPewPew PewPewPew
[xqc] jbwyatt1976: ARE THOSE ALL FRIENDLY CHAT>?
[xqc] meloveyouwrongtime: kyrielleNom
[xqc] eames78: I JUST DID IT WITH A GROUP WE HAD TO BREAK THE GROUND WITH FUZE GRENADE WHERE THE NUKE IS
[xqc] B13Cam: no he ent
[xqc] nolimit_aspen: HOLDD
[xqc] luka115_: SHROUD ALREADY DID IT PewPewPew
[xqc] ekinuu: hyoonSip
[xqc] nadernation84: @ByteMeTwice_ or its just a giant troll by embark they troll all the time Shrug
[xqc] cloudxlinkqz: 8
[xqc] iluvleevi: Pepega FluteTime
[xqc] Jenceno: @helgrin_ LO LO
[xqc] taebny: W HEAD START
[xqc] ohuny: xqcFuel  long 40 hour juicer
[xqc] revolution_sane: can you leave after the second prompt straight away?
[xqc] iluvleevi: Pepega FluteTime  ͏
[xqc] Dantijo: HOLDD
[xqc] iluvleevi: Pepega FluteTime
[xqc] frerrefref: Prompt all others
[xqc] iluvleevi: Pepega FluteTime  ͏
[xqc] TechNada: 23h WTF
[xqc] aneskiki313: Kappa n28MESSI
[xqc] twiggy9999999: I REPEAT PEANUT HAS WORKED IT OUT
[xqc] Xxp_: there's 8 PCs and you only did 7 at the same time @xQc there's 8 PCs and you only did 7 at the same time @xQc there's 8 PCs and you only did 7 at the same time @xQc there's 8 PCs and you only did 7 at the same time @xQc there's 8 PCs and you only did 7 at the same time @xQc
[xqc] Fortcats: okay good LUL
[xqc] KCOT: SCHIZO SORRY SCHIZO PEWPEWPEWPEW SCHIZO DANCE WITH ME SCHIZO
[xqc] Karyukoo: missed one
[xqc] 2xChamp7: Is there another theory?
[xqc] edricsonc: FIVE OUT OF EIGHT Alarm
[xqc] akeidz_: xqcFuel CokeTime
[xqc] xLigar: BRO WHY AM I ABOUT TO GO TO BED FOR A SECOND TIME AND UR STILL LIVE
[xqc] Fumi_030: LO
[xqc] hunterapoo: ArcRaidersDance ArcRaidersDance ArcRaidersDance ArcRaidersDance
[xqc] TheCaptainGooey: still missing one down below
[xqc] jigachad_holy: Pepega FluteTime
[xqc] taxigotbanned: HERE WE GO
[xqc] ChrisWarrior100: hallway
[xqc] nightosphere0: NOPERS Tssk
[xqc] akeidz_: xqcFuel  CokeTime
[xqc] taebny: ?????
[xqc] leosoloco: 10 MIN Alarm Alarm 10 MIN Alarm Alarm 10 MIN Alarm Alarm
[xqc] 31hc: PauseChamp 36hr stream
[xqc] HardTlmes: Hmm
[xqc] MMOXXERR: get the one
[xqc] Knutzi: ping the big ball
[xqc] TheRealAegis: PING THE BIG BALL @xQc
[xqc] Dosyin: PEW PEW PEW PEW PEW PEW HEY DONT SHOOT
[xqc] Sizzlaa: tango with megatron xqcCheer
[xqc] FiveOhNate: Prayge DONT MESS UP GUYS Prayge
[xqc] ByteMeTwice_: @nadernation84 Tomfoolery
[xqc] Scarasazzi: Shush Shush Shush Shush Shush Shush Shush Shush Shush Shush
[xqc] HardTlmes: 6 or 7 seconds
[xqc] AyyCG: 24 hour gaming stream, the warlord is back
[xqc] CrossriderBankaiOfficial: THISS prompt this
[xqc] HardTlmes: Hmm
[xqc] meloveyouwrongtime: meemsMhm
[xqc] artas3d: @xqc THERES A HIGH CHANCE YOU ONLY NEED 1 DATA. since it’s pvp. and others would go to diff PC. first to get goes to UPLOAD somewhere
[xqc] bxezy__: HUH
[xqc] GoldiiLock: 6
[xqc] Vussago: ?

📊 Stats: 700 messages in 3m0s (3.89 msg/sec)

[xqc] sensationalshehulk: bro you’re still streaming? props to you honestly
[xqc] YuushaXD_: TTours
[xqc] hwangyejl_: TTours
[xqc] jigachad_holy: TTours
[xqc] 24kamikaze: TTours
[xqc] FLORIDaPKER: SoonerLater
[xqc] ohuny: xqCreep  TTours
[xqc] 00Bluey: TTours
[xqc] Eric4211: TTours
[xqc] 晴天: TTours
[xqc] misteroncle: TTours
[xqc] ItsZarbon: TTours
[xqc] Extremegaming234: TTours
[xqc] azay1011: TTours
[xqc] gIxoom: TTours wtf
[xqc] sultanar2: hallway
[xqc] vibeswithevan: TTours
[xqc] peperthepains: TTourS
[xqc] Jungle_Ben: Clueless juicers counting
[xqc] MELLOWFLEUR: TTours
[xqc] meloveyouwrongtime: meemsCaught4k
[xqc] NNBVALIJ: 67
[xqc] misteroncle: TTours ok
[xqc] spiritcard2: did shroud do it???
[xqc] r0ckystar_: HOLY SCREENSHOTOAS
[xqc] nef414: you got the top one already yourself
[xqc] TheCaptainGooey: @xQc hallway
[xqc] MrMoonie: yes
[xqc] Sizzlaa: TTours
[xqc] ChrisWarrior100: u didnt do the long hallway
[xqc] mayotuyu: hallway
[xqc] SPKer_: TTours Clap
[xqc] giftedlynx: TTours
[xqc] docasny: TTours ?
[xqc] superultramegajuicelord: HUH
[xqc] ekinuu: TTours
[xqc] MADlSTlC: it doesnt do anything
[xqc] CrossriderBankaiOfficial: SCHIZO
[xqc] ExoticC1oud: you have to do the one in the hallway
[xqc] Eric4211: HUH
[xqc] PetroneXL: TTours holy fuck
[xqc] r0ckystar_: HOLY SCREENSHOTS
[xqc] FeelsWeirdMan____: Hmm
[xqc] lively021: xqcArm1 xqcArm1 xqcG PewPewPew xqcG xqcArm2 xqcArm2
[xqc] peperthepains: TTours
[xqc] jigachad_holy: Sus
[xqc] gluctygaca1972: 😭😭😭
[xqc] ironmanpewdspidermnrageb8: TTours TTours
[xqc] klapzz03: Missed one xqc
[xqc] frerrefref: OOOO
[xqc] Fortcats: Wants to remember the good tiems
[xqc] logscs: hallway
[xqc] DrakonEhe: Sus
[xqc] HotZin: QUEST OBJECTIVE?
[xqc] 1Taro2: hold on
[xqc] MMOXXERR: get it
[xqc] mayotuyu: hallway @xQc
[xqc] rafeael: Sus
[xqc] NNBVALIJ: TTours
[xqc] sultanar2: LMFAOO
[xqc] Eric4211: Sus
[xqc] Fossabot: xqcL gringoftw is staying in the jungle! xqcL Thanks so much for re-subbing xqcL And continuing to support the stream! xqcL
[xqc] FeelsWeirdMan____: Sus
[xqc] YuushaXD_: Hmm
[xqc] 00Bluey: Sus
[xqc] boyinafishbowl: xqcreep
[xqc] peperthepains: Sus
[xqc] mariogamecrazy: Sus
[xqc] Samskio: Sus
[xqc] lookezbr: Sus
[xqc] HotZin: WHAAAAAT
[xqc] GoldiiLock: Sus
[xqc] bigdavebigdave: OOOO
[xqc] jeremo947: FirstTimeAga
[xqc] r0ckystar_: WTF
[xqc] liladonn: wtf is the point of this? is this hidden bunker?
[xqc] Kamzara: xqcJuice
[xqc] hwangyejl_: Sus
[xqc] taebny: Sus
[xqc] FeelsWeirdMan____: Sus da ball
[xqc] arcafps: Sus hmm
[xqc] jigachad_holy: xqcLook
[xqc] frerrefref: Upload
[xqc] hunterapoo: Love you for my own personal reasons xqcLL
[xqc] luka115_: 24 HOURS OF PURE Cinema
[xqc] Torpedoxturtle: Sus
[xqc] afastrunner: sus
[xqc] ohuny: ekinuu catHi
[xqc] GoldiiLock: Sus huh
[xqc] lookezbr: Sus objective?
[xqc] ianite258: Sus
[xqc] TheRealAegis: OOOO
[xqc] atila_xdd: @AyyCG one off to fix his sleep schedule apparently (cap)
[xqc] swift_ant: TTours WR Clap
[xqc] lilSalami_: PEW PEW PEW PEW PEW PEW NO
[xqc] ItsZarbon: Sus
[xqc] giftedlynx: Sus
[xqc] 1Taro2: Sus
[xqc] LeiS8n: Sus da ball
[xqc] YuushaXD_: Sus quest obj
[xqc] PetroneXL: xqcJuice
[xqc] Dantijo: Sus
[xqc] CocoxTzy: CInema
[xqc] TheCaptainGooey: @xQc hallway ͏
[xqc] Nox_Ferox: Hmm
[xqc] sakapatate_: QUESTER
[xqc] ChefBronel: Hmm what did
[xqc] NNBVALIJ: Sus
[xqc] dR0ckafella: xqc all yakked up on amphetamins thinkin he knows what to do lmao
[xqc] p3pperino: Sus wtf
[xqc] Jdnoo: SCHIZO TTours SCHIZO TTours SCHIZO TTours SCHIZO TTours SCHIZO TTours SCHIZO TTours SCHIZO TTours SCHIZO TTours SCHIZO TTours SCHIZO TTours SCHIZO TTours SCHIZO TTours SCHIZO TTours SCHIZO TTours
[xqc] derekkeller: Sus
[xqc] ExoticC1oud: hallway one
[xqc] HardTlmes: Hmm ͏
[xqc] the5thomen: hmmMeeting
[xqc] HotZin: ping the PC?
[xqc] KEKlnsane: Sus
[xqc] edricsonc: SIX OUT OF EIGHT Alarm
[xqc] jigachad_holy: QUESTER
[xqc] Riiquii: Sus
[xqc] monopoleyes: Sus ball
[xqc] xxfajlipxx: AlertTheCatStartsItsEngine
[xqc] RidLz: put the data into the ball perhaps
[xqc] sultanar2: da ball is the loot
[xqc] youabsolutelegend: :33  7 modems

📊 Stats: 825 messages in 3m30s (3.93 msg/sec)

[xqc] OPproductionzz: @artas3d its legitimatly just for xp its 500 per console for a total of 4000, theres nothing extra, the data is the reward
[xqc] Mavrinz_: Time to put on a gas mask and take a bong rip
[xqc] giirrburr: 24 hours? Pog
[xqc] patientrhyme: LEE QUESTA?
[xqc] prodbyxotic82: pew pew pew pew pew pew pew
[xqc] qwaszx123yh: ping the pc's @xQc
[xqc] econometrixs: put the info in the ball?
[xqc] superdooperdak: did they do all 4 satelite towers?
[xqc] frerrefref: 9 MINS MONKA
[xqc] nolimit_aspen: PING PC
[xqc] KidViciousTV: wideSpeedDesert
[xqc] patientrhyme: LEE QUESTA? ͏
[xqc] Elymara: insert all the data maybe
[xqc] formula7x: LO
[xqc] ohuny: xQcOW  MyBeloved
[xqc] ma_chooo: is he not tired
[xqc] edricsonc: MAYBE PUT ALL THE DATA IN THE BALL ? @xQc
[xqc] alanred7: all the data to the ball 5Head
[xqc] Bvbblegvmmm: Sus
[xqc] DrakonEhe: 5Head WHAT IF YOU GIVE IT A QUEENS CORE
[xqc] sensationalshehulk: why is my name gray
[xqc] BLURWYA: pewpewpew
[xqc] aurora_borealis_max: ping the pc?
[xqc] ekinuu: ohuny CatSmile
[xqc] qwaszx123yh: ping the pc's @xQc .
[xqc] matiblunt: Check em PC LOL Check em PC LOL Check em PC LOL Check em PC LOL Check em PC LOL Check em PC LOL Check em PC LOL
[xqc] cloudxlinkqz: 7
[xqc] yifors: goku is inside like its obvious
[xqc] BurntPuke: any awoo er's in chat
[xqc] Layos005: gg
[xqc] YuushaXD_: ArcRaidersDance
[xqc] someneedles: BALL THEORY Sus
[xqc] awkey: xqcMood_TK thinking
[xqc] ismell_likebeeef: check him PC
[xqc] sherratt1027: sumPls
[xqc] HardTlmes: ArcRaidersDance
[xqc] taebny: no
[xqc] FeelsWeirdMan____: ArcRaidersDance
[xqc] luka115_: 24 HOURS OF Cinema
[xqc] cuRaetor: Dance 󠀀
[xqc] Eric4211: awoo
[xqc] Upshot_Gaming: Ball is the loot!
[xqc] lively021: xqcArm1 PewPewPew PewPewPew xqcG PewPewPew PewPewPew xqcArm2
[xqc] moura_bourants: ArcRaidersDance do this
[xqc] patrickstar0670: awoo
[xqc] monopoleyes: ball is prob loot or smthing
[xqc] KikkN: one in dark room
[xqc] econometrixs: can you interact with the ball affter download?
[xqc] Tech_Taylor: ArcRaidersDance
[xqc] Jenceno: catPls ok
[xqc] KidViciousTV: awoo
[xqc] dR0ckafella: i actually hope x gets it tho
[xqc] Kamzara: dansi
[xqc] Rio25: ArcRaidersDance
[xqc] Youvarn: ArcRaidersDance
[xqc] ekinuu: awoo
[xqc] Barulio12: awoo
[xqc] ItsZarbon: ArcRaidersDance
[xqc] FiveOhNate: OKAY YEP
[xqc] smuuggs: not again 🤣🤣
[xqc] HawkNH: Dance
[xqc] taebny: Okay
[xqc] Lemonaade1: top
[xqc] patrickstar0670: awoo ͏
[xqc] youngrome333: awoo
[xqc] dR0ckafella: that would be sick
[xqc] TriggeredOverPixels: ArcRaidersDance
[xqc] PetroneXL: sumMiting
[xqc] exlvn: @OPproductionzz ah rly?
[xqc] ExoticC1oud: go uptop
[xqc] edricsonc: THE BALL ITS THE BALL
[xqc] meloveyouwrongtime: meemsJammies
[xqc] lookezbr: upstairs xqc
[xqc] humidafire: UPSTAIRS
[xqc] Tech_Taylor: ArcRaidersDance ok :)
[xqc] 1Taro2: go up
[xqc] luka115_: awoo
[xqc] jigachad_holy: mhm
[xqc] Eric4211: HUH
[xqc] nolimit_aspen: TRY PINGING PC
[xqc] cuRaetor: ArcRaidersDance
[xqc] gamingsoup_: UP TOP
[xqc] MMOXXERR: the one above
[xqc] taebny: Okay ͏
[xqc] trentxnv: wideSpeedDesert  ͏
[xqc] 1Taro2: up quick
[xqc] Gotfrag_is_life: Alarm NEED THE QUESTLINE DONE Alarm
[xqc] Ivanraez: TOP
[xqc] skelettett: @ma_chooo FR
[xqc] Extremegaming234: Okay
[xqc] StoicBliss: ok
[xqc] taebny: Okay
[xqc] likeablesea7: LO NO WAY THIS PUZZLE REQUIRES SO MANY PEOPLE DO COMPLETE
[xqc] cuRaetor: Okay
[xqc] rafeael: dark room?
[xqc] justTRILLuminati: Put data in ball maybe
[xqc] Jenceno: OMEGALUL k
[xqc] jeremo947: aga OK!

📊 Stats: 923 messages in 4m0s (3.85 msg/sec)

[xqc] HotZin: OKAY
[xqc] Kamzara: ok
[xqc] uncOBJ: ok
[xqc] ekinuu: ahmadmuhsin
[xqc] jigachad_holy: Okay
[xqc] KrMaCoW: theres no way no one has tried this yet
[xqc] BurntPuke: awoo
[xqc] blambuu: wtf
[xqc] luka115_: Okay
[xqc] solidgreenday: Okay
[xqc] giirrburr: ok
[xqc] Barulio12: Okay
[xqc] azay1011: xqcBall CHILLZ
[xqc] Elymara: top
[xqc] sultanar2: all the info in ball
[xqc] uncOBJ: Okay
[xqc] luckyar3: still live??????????
[xqc] bananabread848: ok
[xqc] lookezbr: okay
[xqc] taebny: Okay ͏
[xqc] ItsZarbon: Okay
[xqc] ekinuu: ok!
[xqc] refrain87: black hole
[xqc] FeelsWeirdMan____: ppOverheat
[xqc] HotZin: aga ALRIGHT
[xqc] solidgreenday: Alright
[xqc] bigdavebigdave: aga OK!
[xqc] Nohboku: ArcRaidersDance Okay
[xqc] matiblunt: ok Tomfoolery ok Tomfoolery ok Tomfoolery ok Tomfoolery ok Tomfoolery ok Tomfoolery ok Tomfoolery ok Tomfoolery ok Tomfoolery
[xqc] homo_18: ok
[xqc] holy_gigachad: black hole
[xqc] MADlSTlC: LOL
[xqc] just_a_bad_spawn: @OPproductionzz really 4k xp is legit nothing though
[xqc] Rio25: Olrite
[xqc] momochimi_kiruya: Okay
[xqc] iluvleevi: Pepega FluteTime
[xqc] qwaszx123yh: ping the pc's @xQc
[xqc] cuRaetor: SeemsGood
[xqc] Itswasiim: Okay
[xqc] awkey: xqcMood_TK hmmmmmmmmm
[xqc] shmac3: !#showemote PartyHat
[xqc] iluvleevi: Pepega FluteTime  ͏
[xqc] taebny: Alright Clap
[xqc] Mazeroski_: 👁️ TeaTime
[xqc] Tech_Taylor: Okay alright
[xqc] iluvleevi: Pepega FluteTime
[xqc] solidgreenday: Alright ͏
[xqc] Blur_XBL: Okay
[xqc] likeablesea7: LO NO WAY THIS PUZZLE REQUIRES SO MANY PEOPLE TO DO
[xqc] cqji: ArcRaidersDance  ͏
[xqc] BLURWYA: Okay
[xqc] MrMoonie: @likeablesea7 that way you can do it with 3
[xqc] Criptycal: FeelsOkayMan
[xqc] Rio25: Olrite ͏
[xqc] HardTlmes: Hmm
[xqc] HotZin: aga OKAY
[xqc] zPabz_: aga Ok
[xqc] lookezbr: o7
[xqc] solidgreenday: Okay
[xqc] xTVar: Okay
[xqc] taebny: Alright Finally
[xqc] boraginolsuppo: o7 sir
[xqc] Gubbis_db000: GOOD JOB!!! <3
[xqc] Cloudzsurf: Okay
[xqc] Bodangle5: Is this game actually good?
[xqc] homo_18: okay
[xqc] Icehawk911: LOL
[xqc] cuRaetor: Clap
[xqc] edricsonc: THE BALL Sus THE BALL Sus
[xqc] frerrefref: Sir yes Sir
[xqc] MADlSTlC: give him a raise
[xqc] jigachad_holy: very good juicer
[xqc] solidgreenday: Okay ͏
[xqc] hjku04239141: o7
[xqc] MurryDawgg: can anyone explain what he’s trying to do??
[xqc] BigNosedCanadian: ok
[xqc] PetroneXL: good work
[xqc] KnackiiTM: ok
[xqc] ivicatto: Okay
[xqc] Fortcats: Okay
[xqc] serenity_prayer: ArcRaidersDance
[xqc] FLORIDaPKER: xqcCheer
[xqc] rogi_btw: dark room Alarm dark room Alarm dark room Alarm dark room Alarm dark room Alarm dark room Alarm dark room Alarm
[xqc] gIxoom: PewPewPew
[xqc] FiveOhNate: YEP OKAY YEP
[xqc] CrossriderBankaiOfficial: awoo ok ok ok ok SCHIZO aaaaahhhhh omeCrash I'm having a crashout
[xqc] ma_chooo: !gamesplayed
[xqc] Fossabot: @ma_chooo [08 Nov 2025]: Just Chatting (7h 4m), ARC Raiders (16h 32m)
[xqc] HardTlmes: PewPewPew
[xqc] solidgreenday: PewPewPew
[xqc] brandon_424: Ok
[xqc] cuRaetor: PewPewPew
[xqc] azay1011: LOL
[xqc] KEKlnsane: PewPewPew
[xqc] luka115_: PewPewPew
[xqc] Samskio: PewPewPew
[xqc] CHIP_GON_AWOL: PewPewPew PewPewPew PewPewPew PewPewPew PewPewPew
[xqc] Blur_XBL: Okay ͏
[xqc] HardTlmes: PewPewPew ͏
[xqc] solidgreenday: Okay
[xqc] taebny: Okay
[xqc] jeremo947: aga OKAY!
[xqc] mon_gasan: CAUGHT  HEY, DON'T SHOOT! CAUGHT HEY, DON'T SHOOT! CAUGHT HEY, DON'T SHOOT! CAUGHT HEY, DON'T SHOOT! ͏
[xqc] creeeak: PewPewPew
[xqc] Rio25: PewPewPew
[xqc] vibeswithevan: PewPewPew
[xqc] luka115_: PewPewPew PewPewPew PewPewPew PewPewPew
[xqc] jigachad_holy: PewPewPew
[xqc] YuushaXD_: SCHIZO ok
[xqc] giirrburr: Okay
[xqc] BLURWYA: o7 sir yes sir
[xqc] atila_xdd: @likeablesea7 its for a trio MAX, idk why he even wasted his time with so many ppl LO
[xqc] luka115_: PewPewPew
[xqc] BigNosedCanadian: Okay Alright
[xqc] Itswasiim: Okay ok
[xqc] HotZin: no
[xqc] superultramegajuicelord: KILL THE AI GUY SCHIZO\
[xqc] onered5: HOLDD
[xqc] banda1x0: ArcRaidersDance  OK
[xqc] Icehawk911: PEWPEWPEW
[xqc] LinShua: ArcRaidersDance
[xqc] Concani_: abum
[xqc] TriggeredOverPixels: PewPewPew
[xqc] SPKer_: PewPewPew PewPewPew
[xqc] assuray420: frenn
[xqc] YetiKing3: PewPewPew
[xqc] Jenceno: n OMEGALUL
[xqc] datucorona: LOL
[xqc] PetroneXL: PewPewPew
[xqc] YuushaXD_: SCHIZO drop the beat
[xqc] superultramegajuicelord: KILL THE AI GUY SCHIZO
[xqc] igma__: PewPewPew
[xqc] Elymara: o7 yesir
[xqc] darklsniper: PewPewPew
[xqc] Xxp_: there's 8 PCs you only did 7 at same time @xQc there's 8 PCs you only did 7 at same time @xQc there's 8 PCs you only did 7 at same time @xQc there's 8 PCs you only did 7 at same time @xQc
[xqc] dR0ckafella: !watchtime
[xqc] SchnozeBot: dR0ckafella has spent 3 days and 15 hours in online chat.
[xqc] nNear__: PewPewPew
[xqc] th3net: Pepega pew pew pew pew
[xqc] cuRaetor: ArcRaidersDance
[xqc] jeremo947: edm
[xqc] depressedimbecile: LOL
[xqc] Fortcats: No
[xqc] malixxx__: Arc raiders cannot be that fun for a 24 hour stream LOL
[xqc] Rio25: Nope
[xqc] ItsZarbon: PewPewPew
[xqc] moura_bourants: ArcRaidersDance drop the beat
[xqc] th3net: Pepega  pew pew pew pew
[xqc] BigNosedCanadian: Alright
[xqc] ismell_likebeeef: I WAS HERE

📊 Stats: 1073 messages in 4m30s (3.97 msg/sec)

[xqc] ShingaTV: this has to work
[xqc] awkey: ArcRaidersDance
[xqc] onered5: HOLDD...
[xqc] luka115_: PewPewPew PewPewPew PewPewPew
[xqc] ekinuu: retardJAM
[xqc] taebny: drop the beat Cuh
[xqc] jigachad_holy: Pepega
[xqc] rafeael: Sus da ball
[xqc] jeremo947: EDM
[xqc] keeferbro: ArcRaidersDance
[xqc] Fumi_030: Okay
[xqc] KEKlnsane: PewPewPew ͏
[xqc] HotZin: PEWPEWPEWPEW
[xqc] Lemon_GTH: LeCinema holy
[xqc] youngrome333: 8
[xqc] derekkeller: PewPewPew
[xqc] levourdalak: PRESS THE BOMB
[xqc] cuRaetor: PewPewPew
[xqc] Tech_Taylor: PewPewPew
[xqc] YuushaXD_: SCHIZO PewPewPew
[xqc] Eric4211: TTours
[xqc] BlockieTV: PewPewPew
[xqc] luka115_: PewPewPew
[xqc] xLigar: PewPewPew
[xqc] HotZin: PewPewPew
[xqc] awkey: I WAS HERE
[xqc] CrossriderBankaiOfficial: SCHIZO SCHIZO SCHIZO
[xqc] monopoleyes: @MurryDawgg i would but you have to understand physics
[xqc] 24kamikaze: TTours ͏
[xqc] gamingsoup_: did you get it or you canceled it?
[xqc] solidgreenday: PewPewPew
[xqc] KikkN: dark room
[xqc] derekkeller: PewPewPew PewPewPew PewPewPew PewPewPew PewPewPew
[xqc] roomez: TTours
[xqc] Mustang00: TTours
[xqc] luka115_: PewPewPew PewPewPew
[xqc] xLigar: PewPewPew ͏
[xqc] nef414: HOLDD
[xqc] darklsniper: PewPewPew PewPewPew PewPewPew PewPewPew
[xqc] atila_xdd: PewPewPew
[xqc] Blur_XBL: TTours
[xqc] Extremegaming234: TTours
[xqc] assuray420: PewPewPew
[xqc] edricsonc: SEVEN OUT OF EIGHT
[xqc] nNear__: retardJAM
[xqc] luka115_: PewPewPew
[xqc] taebny: PewPewPew
[xqc] docasny: PewPewPew
[xqc] Dantijo: PewPewPew
[xqc] taebny: PewPewPew ͏
[xqc] mariogamecrazy: PewPewPew
[xqc] Rathom: this reminds me of nopixel hiests lol
[xqc] koradoxxx: true
[xqc] vibeswithevan: SCHIZO
[xqc] KCOT: SCHIZO NO MORE
[xqc] uncOBJ: PewPewPew
[xqc] taebny: PewPewPew
[xqc] luka115_: PewPewPew PewPewPew PewPewPew
[xqc] Astrokiid999: SUCK ME DADA HUH
[xqc] xTVar: PewPewPew
[xqc] knowing147: HOLD
[xqc] ianite258: PewPewPew
[xqc] YuushaXD_: TTours
[xqc] HotZin: PagMan
[xqc] Fortcats: oroNO
[xqc] refrain87: black hole ͏
[xqc] FIKOEOS: PewPewPew cumming
[xqc] jigachad_holy: LO
[xqc] Blur_XBL: TTours ͏
[xqc] mayotuyu: HOLDD
[xqc] R0MiSXD: TTours
[xqc] HardTlmes: PauseChamp yes
[xqc] r0ckystar_: YES
[xqc] PepegaLag: PewPewPew
[xqc] CrossriderBankaiOfficial: SCHIZO SCHIZO ALERT SCHIZO SCHIZO
[xqc] Matt_MaN: TTours
[xqc] Fossabot: xqcL backwoodsbubs101 just joined the jungle using Prime! xqcL Thanks so much for subbing xqcL And supporting the stream! xqcL
[xqc] Concani_: ArcRaidersDance
[xqc] Eric4211: yea
[xqc] MrMoonie: shirely
[xqc] YuushaXD_: yea
[xqc] 24kamikaze: TTours
[xqc] frerrefref: Surely
[xqc] cuRaetor: LOL
[xqc] TheCaptainGooey: tes
[xqc] hjku04239141: no
[xqc] HotZin: YEAH aga
[xqc] koradoxxx: COMMUNICATION TOWER
[xqc] Raydan1901: YES
[xqc] clutchjeans_: LO ͏
[xqc] burier31: SCHIZO Alarm ALERT PewPewPew TTours SCHIZO Alarm ALERT PewPewPew TTours SCHIZO Alarm ALERT PewPewPew TTours
[xqc] luka115_: PewPewPew
[xqc] HardTlmes: PauseChamp  yes
[xqc] Icehawk911: BLACK HOLE
[xqc] keeferbro: YEAH
[xqc] PepegaLag: PewPewPew  ͏
[xqc] KEKlnsane: yeah!
[xqc] dog_on_a_lawn_mower: DEE XING MegaLUL
[xqc] Extremegaming234: yeaga
[xqc] ryyn____: PewPewPew
[xqc] malibu_diva: TTours
[xqc] ItsZarbon: TTours
[xqc] lookezbr: black hole xqc
[xqc] SsllgHero: YEAH
[xqc] holy_gigachad: black hole?
[xqc] Mustang00: TTours keyboard
[xqc] Lemonaade1: HOLDD
[xqc] galikcy: PewPewPew
[xqc] tehchonka: yea aga
[xqc] monopoleyes: yea! :0
[xqc] Gubbis_db000: yes
[xqc] alanred7: tehre is one mroe which went red early due to some guy xqc
[xqc] niyari7: TTours
[xqc] onered5: PewPewPew
[xqc] HardTlmes: PauseChamp
[xqc] burier31: SCHIZO Alarm ALERT PewPewPew TTours SCHIZO Alarm ALERT PewPewPew TTours SCHIZO Alarm ALERT PewPewPew TTours SCHIZO Alarm ALERT PewPewPew TTours SCHIZO Alarm ALERT PewPewPew TTours
[xqc] MMOXXERR: bro change the hotkey
[xqc] nolimit_aspen: HOLDD THIS IS IT
[xqc] xLigar: aga yeah!
[xqc] mayotuyu: HOLDD ͏
[xqc] Tech_Taylor: yeah :)
[xqc] aurora_borealis_max: HOLDD
[xqc] Jack__Frostie: BLACK HOLE
[xqc] 1Taro2: PonderingCat
[xqc] p3pperino: farm the emotes LuL
[xqc] n8oll: HOLDD
[xqc] Itswasiim: Nope no
[xqc] taebny: shroud monkaS PewPewPew
[xqc] SWiiTCHii3: dumbass quit hitting screenshot
[xqc] DuxcyS: HOLDD ͏
[xqc] bak_choi_a: HOLDD
[xqc] TheCaptainGooey: chat he did black hole
[xqc] Jack__Frostie: BLACK HOLLEE
[xqc] HardTlmes: PauseChamp ͏
[xqc] HotZin: no aga
[xqc] azay1011: anga no
[xqc] sherratt1027: PewPewPew
[xqc] trentxnv: uhm
[xqc] BLURWYA: yeah! aga
[xqc] darklsniper: HOLDD
[xqc] jeremo947: yeaga
[xqc] guesteller: PepeLaugh wasted 20 minutes for literally nothing
[xqc] assuray420: PewPewPew  ͏
[xqc] Fossabot: xqcL YusonATHAN just joined the jungle! xqcL Thanks so much for subbing xqcL And supporting the stream! xqcL
[xqc] ohuny: xQcOW FBBlock 🚿
[xqc] unkn0wn_guy_69: D BUNKER
[xqc] n8oll: HOLDD  ͏
[xqc] Lanky_TL: HOLDD
[xqc] CrossriderBankaiOfficial: yeaga
[xqc] meloveyouwrongtime: glloomNoted
[xqc] KEKlnsane: PewPewPew
[xqc] TriggeredOverPixels: no
[xqc] Criptycal: no
[xqc] qqqwwweeerrr312: MAYBE.. HOLDD
[xqc] moura_bourants: PewPewPew ͏ shroud is watching u
[xqc] atila_xdd: PewPewPew PewPewPew PewPewPew PewPewPew PewPewPew
[xqc] Neznog: FeelsStrongMan I was here
[xqc] n8oll: HOLDD
[xqc] Raydan1901: BLACK HOLE DON E
[xqc] Remastered_09: HOLDD
[xqc] luka115_: PewPewPew PewPewPew PewPewPew PewPewPew PewPewPew
[xqc] edricsonc: GO TO THE BALL AFTER @xQc
[xqc] jigachad_holy: HOLDD
[xqc] azay1011: anga no ͏
[xqc] Itswasiim: no Nope
[xqc] onered5: HOLDD
[xqc] Blur_XBL: no

📊 Stats: 1240 messages in 5m0s (4.13 msg/sec)

[xqc] LoStupidoBannato: HE DID BLACK HOLE
[xqc] n8oll: HOLDD  ͏
[xqc] mariogamecrazy: PewPewPew ͏
[xqc] temperestre2: N OMEGALUL
[xqc] Chungybear: pew pew
[xqc] valraSan: NOPERS NOPE
[xqc] n8oll: HOLDD
[xqc] domzhun: HOLDD
[xqc] KCOT: PauseChamp
[xqc] 14da0706: TTours
[xqc] shesuckspp: HOLDD
[xqc] hjku04239141: nope
[xqc] knowing147: HOLDD
[xqc] vibeswithevan: no yea nope
[xqc] peperthepains: Nope
[xqc] holy_gigachad: i domnt think so
[xqc] KidViciousTV: @atila_xdd well prevents him from getting killed with mob of snipers
[xqc] Redify: waga no
[xqc] Extremegaming234: Nope yeaga
[xqc] Jenceno: aga no
[xqc] KEKlnsane: nope
[xqc] prodbyxotic82: no
[xqc] Lemonaade1: ohnono
[xqc] ItsZarbon: HOLDD
[xqc] Fossabot: : Feel free to join my discord! https://discord.gg/xqcow (you don't have to be a sub) and follow Twitter! https://twitter.com/xQc
[xqc] amit12072001: PauseMan
[xqc] gIxoom: !#showemote wideSpeedDesert
[xqc] BigNosedCanadian: yeaga
[xqc] taebny: NOPERS
[xqc] rafeael: NAILS omg
[xqc] Wiltsu: PepeLaugh
[xqc] Poopman482: that one
[xqc] DBDozerr: HOLDD
[xqc] mariogamecrazy: HOLDD
[xqc] lookezbr: ok then go comms tower
[xqc] Itswasiim: Nope
[xqc] classiixxx: NOIDONTTHINKSO
[xqc] KCOT: PauseMan
[xqc] HardTlmes: PauseChamp
[xqc] n8oll: HOLDD  ͏
[xqc] jeremo947: yeaga !!!!!!!!!
[xqc] HotZin: Nope nope
[xqc] MADlSTlC: HOLDD
[xqc] unkn0wn_guy_69: D BUNKER in action
[xqc] assuray420: FiddyGlorp
[xqc] ChefBronel: this is a glimpse in the mind of autism nnah
[xqc] jigachad_holy: monkaX shroud going to slime
[xqc] Criptycal: NOPERS
[xqc] sultanar2: pre failed
[xqc] Amdad: HOLDD
[xqc] valraSan: NOPERS NEGATIVE
[xqc] n8oll: HOLDD
[xqc] alanred7: go to ball xqc
[xqc] PepegaLag: NOIDONTTHINKSO
[xqc] alphashreds: lore accurate raiders
[xqc] willaron0: HOLDD
[xqc] gamingsoup_: HOLDD
[xqc] n8oll: HOLDD  ͏
[xqc] FLORIDaPKER: ScaredyCat
[xqc] Matt_MaN: NOIDONTTHINKSO
[xqc] MrMoonie: NOWWHAT
[xqc] arcafps: HOLDD
[xqc] Concani_: HOLDD
[xqc] Raydan1901: THEN GO BALL
[xqc] taebny: Nope
[xqc] Layos005: go
[xqc] BLURWYA: JUICER ARMY Cinema JUICER ARMY Cinema JUICER ARMY Cinema JUICER ARMY Cinema
[xqc] n8oll: HOLDD
[xqc] KCOT: HOLDD
[xqc] mon_gasan: CAUGHT  HEY, DON'T SHOOT! CAUGHT HEY, DON'T SHOOT! CAUGHT HEY, DON'T SHOOT! CAUGHT HEY, DON'T SHOOT!
[xqc] Brennyy__: HOLDD
[xqc] xbirrix: THE DSINCKAH
[xqc] Corzap: PewPewPew shroud is coming
[xqc] oWoRiKo: PAUSECHAMP
[xqc] theGrayGhost: did you get 8 ?
[xqc] MADlSTlC: go check the ball
[xqc] Fossabot: Want to help out the Juicer and get a badge next to your name? Gift a sub: https://bit.ly/2KPcW7h xqcL You can now gift anonymously.
[xqc] TheCaptainGooey: Check ball
[xqc] Criptycal: YEP
[xqc] boraginolsuppo: ok so now what buddy
[xqc] giftedlynx: HOLDD
[xqc] speshimen0078: BALL
[xqc] KCOT: NOIDONTTHINKSO
[xqc] n8oll: HOLDD  ͏
[xqc] theSD3: whichever sniper is like magnetized to X spamming emotes you a fuckin loser
[xqc] koradoxxx: communication tower now
[xqc] Lemonaade1: go to ball
[xqc] Nuhrv: HOLDD
[xqc] 1Taro2: go to ball perhaps
[xqc] Lemon_GTH: @MMOXXERR hes clicking it on purpose for his ms paint schizo theories
[xqc] frerrefref: now wot
[xqc] tadashipottyman: PewPewPew SCHIZO PewPewPew SCHIZO PewPewPew SCHIZO PewPewPew SCHIZO PewPewPew SCHIZO PewPewPew SCHIZO PewPewPew SCHIZO PewPewPew SCHIZO PewPewPew SCHIZO PewPewPew SCHIZO PewPewPew SCHIZO PewPewPew SCHIZO
[xqc] Jenceno: yeaga
[xqc] n8oll: HOLDD
[xqc] speshimen0078: CHECK BALL
[xqc] DeathMascot: BALL
[xqc] TheRicci: now what
[xqc] YuushaXD_: Hmm but now what
[xqc] Dantijo: HOLDD
[xqc] humidafire: go to the ball?
[xqc] peperthepains: NOWWHAT ?
[xqc] assuray420: frenn
[xqc] birdenly__: nothing
[xqc] n8oll: HOLDD  ͏
[xqc] edricsonc: PUT THE DATA ON THE BALL? @xQc
[xqc] HotZin: control tower MONKA
[xqc] Torpedoxturtle: HOLDD GO TO BALL?
[xqc] Concani_: now wut
[xqc] rafeael: now hwhat
[xqc] techniqu963: CHECK BALL
[xqc] econometrixs: ball
[xqc] w0bniaR: Theres 8 of them
[xqc] TriggeredOverPixels: CAUGHT  HEY, DON'T SHOOT! CAUGHT HEY, DON'T SHOOT! CAUGHT HEY, DON'T SHOOT! CAUGHT HEY, DON'T SHOOT!
[xqc] ragnar0659: your just shit
[xqc] HardTlmes: go back to ball
[xqc] p3pperino: ball
[xqc] Wiltsu: wideSpeedLaugh4 now what...
[xqc] ohuny: xQcOW  FBBlock 🛏️
[xqc] jigachad_holy: xqcDitch
[xqc] r0ckystar_: CHECK THE BALL
[xqc] CrossriderBankaiOfficial: Olrite
[xqc] lolath0n: check ball
[xqc] valraSan: HOLDD
[xqc] n8oll: HOLDD
[xqc] taxigotbanned: HERE  WE GO
[xqc] Extremegaming234: HOLDD
[xqc] patrickstar0670: xqcChair
[xqc] Jungle_Ben: ball?
[xqc] Demo0681: comm tower
[xqc] clutchjeans_: how many dumbasses are here omE
[xqc] 晴天: OOOO
[xqc] hunterapoo: NotLikeThis NotLikeThis
[xqc] lookezbr: tower xqc
[xqc] taebny: WAYTOODANK
[xqc] hjku04239141: SpeedLaugh
[xqc] skelettett: DROP THE BEAT PEWPEWPEWPEWPEW DONT SHOOT
[xqc] Lanky_TL: go to ball
[xqc] emperorgenghis: bro go sleep cuh
[xqc] n8oll: HOLDD  ͏
[xqc] lively021: PewPewPew ****** PewPewPew ****** PewPewPew ****** PewPewPew ****** PewPewPew ****** PewPewPew ****** PewPewPew ****** PewPewPew ****** PewPewPew ****** PewPewPew ****** PewPewPew ****** PewPewPew ******
[xqc] jeremo947: HOLD waste of time
[xqc] temperestre2: xqcDitch
[xqc] mybubucamel: GO UPSTAIRS AND UPLOAD
[xqc] StickyBombSnake: Hold
[xqc] taxigotbanned: HERE WE GO
[xqc] unkn0wn_guy_69: @ohuny LOL
[xqc] trip012: go to tower
[xqc] taebny: WAYTOODANK foot steps
[xqc] nolimit_aspen: HOLDD IS THIS THE DAGGER
[xqc] garrycarryer: HOLDD
[xqc] MMOXXERR: WAIT IT STAYED GREEN
[xqc] Fossabot: :  Are you a vod enjoyer ? Watch them here ! https://xqc.wtf/
[xqc] taebny: WAYTOODANK  foot steps
[xqc] tamppond: Cinema
[xqc] n8oll: HOLDD
[xqc] luka115_: 24 HOURS OF PURE Cinema
[xqc] HardTlmes: bruh

📊 Stats: 1397 messages in 5m30s (4.23 msg/sec)

[xqc] jigachad_holy: LO
[xqc] SsllgHero: SpeedLaugh
[xqc] Khanivore: HOLDD
[xqc] Demo0681: communication tower
[xqc] tadashipottyman: PewPewPew SCHIZO ? PewPewPew SCHIZO ? PewPewPew SCHIZO ? PewPewPew SCHIZO ? PewPewPew SCHIZO ? PewPewPew SCHIZO ? PewPewPew SCHIZO ? PewPewPew SCHIZO ? PewPewPew SCHIZO ? PewPewPew SCHIZO ? PewPewPew SCHIZO ? PewPewPew SCHIZO ? PewPewPew SCHIZO ?
[xqc] boraginolsuppo: ???????????????????????????????????????????
[xqc] Pab10TV: PepeLaugh
[xqc] Mustang00: PewPewPew
[xqc] celtics34dan: they were red though not green
[xqc] MADlSTlC: LOL
[xqc] gluctygaca1972: goosebumps fr
[xqc] speshimen0078: follow wires?
[xqc] julio1066: sykJam
[xqc] 晴天: LOL
[xqc] Saleem699: ok gg W stream goodnight yall noobies <3
[xqc] DeathMascot: Jebaited
[xqc] frerrefref: shoot the ball
[xqc] AverageTwitchUser_LuL: 7 mins left NAILSING
[xqc] GoldiiLock: ITS THE WIRES @xQc
[xqc] xLigar: HOLDD GONNA BLOW
[xqc] taebny: woahh nothing
[xqc] PinkGandalf_: control tower?
[xqc] Control_Jay: NOWWHAT
[xqc] atila_xdd: ???
[xqc] NoticeMeSenpepe: LAUNCH TOWER @xQc
[xqc] hk4svn: LMAO
[xqc] Wiltsu: wideSpeedLaugh3
[xqc] 2025started: 48 HOURS STREAM POG 48 HOURS STREAM POG 48 HOURS STREAM POG 48 HOURS STREAM POG 48 HOURS STREAM POG 48 HOURS STREAM POG 48 HOURS STREAM POG
[xqc] taebny: woahh  nothing
[xqc] jeremo947: glorpNotL
[xqc] croixk: the wires
[xqc] Dantijo: LOL
[xqc] alanred7: BASEMENT XQC
[xqc] Alsuwailem5: glorp this is central control
[xqc] msteban: snootBluelight COMMUNICATION TOWER snootRedlight snootBluelight COMMUNICATION TOWER snootRedlight snootBluelight COMMUNICATION TOWER snootRedlight snootBluelight COMMUNICATION TOWER snootRedlight snootBluelight COMMUNICATION TOWER snootRedlight snootBluelight COMMUNICATION TOWER snootRedlight snootBluelight COMMUNICATION TOWER snootRedlight
[xqc] adyroks: LO
[xqc] jigachad_holy: mhm
[xqc] HardTlmes: FeelsDankMan
[xqc] FLORIDaPKER: :D
[xqc] tamppond: BASEMENT
[xqc] ismell_likebeeef: LUL
[xqc] smuuggs: when bro realizes that did nothing LOL
[xqc] monopoleyes: launch tower
[xqc] n8oll: HOLDD  ͏
[xqc] MMOXXERR: THEY STAYED GREEN ITS A PROGRESS
[xqc] meloveyouwrongtime: ahh wire
[xqc] edricsonc: FIND A TERMINAL @xQc  SOMEWHERE YOU CAN PUT DATA?
[xqc] risonae: o7
[xqc] koradoxxx: communication tower
[xqc] mybubucamel: BASEMENT
[xqc] JAphrox: LOOK AT THE SCREEN NEXT TO THE BALL
[xqc] Layos005: rez it x
[xqc] SpikePulse: Pointless ....
[xqc] TriggeredOverPixels: ive been here for 24 hours Aware
[xqc] THRAINage: lol
[xqc] Rathom: maybe you need people at the stations to do it fast enough
[xqc] Wiltsu: now go upload the data somewhere
[xqc] JAphrox: IN THE COMPUTERS
[xqc] I7achi07: Brother, how are you streaming 24 hours straight? XD
[xqc] w0bniaR: maybe has to be in order
[xqc] onered5: HOLDD HOLDD anga
[xqc] taebny: Delusional
[xqc] nikoniyo: @xQc GO TO LAUNCH TOWER
[xqc] hk4svn: take the data somewhere
[xqc] GoldiiLock: ITS THE WIRES @xQc ͏
[xqc] Jack__Frostie: basementr
[xqc] undercover_staff: woahh  nothing
[xqc] Bankaii73: LOL
[xqc] assuray420: Cooked
[xqc] boraginolsuppo: LOL UNFINISHED PUZZLE
[xqc] hjku04239141: time NAILS
[xqc] MADlSTlC: basement or go to control tower
[xqc] Jack__Frostie: 1 pc left xqc
[xqc] 네리사: Now what?
[xqc] Demo0681: @xQc COMMUNICATION TOWER
[xqc] Sahmona: Happy birthday Felix
[xqc] taebny: Delusional this bunker does something
[xqc] killaaaaa_: check map?

📊 Stats: 1475 messages in 6m0s (4.10 msg/sec)

[xqc] Torpedoxturtle: LOOK UP?
[xqc] BadgerTheHarry: GO TO COMMUNICATION TOWER
[xqc] KidViciousTV: @I7achi07 coco
[xqc] azay1011: WAYTOODANK
[xqc] lookezbr: launch tower xqc
[xqc] NoVodRajj: @xQc check map for
[xqc] onered5: anga ALERT
[xqc] 69qqq_: go to the towers now
[xqc] mybubucamel: LOOK AT THE SCREEN BEXT TO THE BALL
[xqc] monopoleyes: go to a different location
[xqc] HawkNH: Go to launch site
[xqc] nrcholas: PogU I WAS HERE PogU I WAS HERE PogU I WAS HERE PogU I WAS HERE
[xqc] Jenceno: n OMEGALUL
[xqc] temperestre2: N OMEGALUL
[xqc] HotZin: check him PCs mhm
[xqc] hk4svn: at this point anywhere
[xqc] xSLay3rJ: 24hr mark soon PagMan
[xqc] strateri3: We finally got a 24 hour FeelsStrongMan
[xqc] Elymara: control room
[xqc] sillylittlegoober_: LO DNBUNKER EVENT WAS FOR XP
[xqc] krkeverywhere: maybe wait till timer runs out
[xqc] ismell_likebeeef: you would think a pop up would arrive like when the antennas are done.
[xqc] CrossriderBankaiOfficial: anga no
[xqc] ezmoney53: dz
[xqc] lilyzcloudy: LO
[xqc] spearman874: @TriggeredOverPixels do !watchtime
[xqc] edricsonc: CEILING ? @xQc
[xqc] islo_live: MINERS LOL MINERS LOL MINERS LOL MINERS LOL MINERS LOL MINERS LOL MINERS LOL MINERS LOL MINERS LOL
[xqc] krkeverywhere: it’s a bunker
[xqc] Itswasiim: Nope
[xqc] tehchonka: communication tower @xqc
[xqc] jigachad_holy: Nope
[xqc] MMOXXERR: GO TO TOWER?
[xqc] econometrixs: I think stay in the bunker when the raid timer ends
[xqc] Nuhrv: Hmm
[xqc] Extremegaming234: Nope
[xqc] elsethere: some1 throw a nade
[xqc] ohuny: xQcOW  FBCatch 🍟 🍔
[xqc] jeremo947: anga NO
[xqc] logscs: open map
[xqc] Alcaran22: SCHIZO FLUTE IS THE KEY SCHIZO FLUTE IS THE KEY
[xqc] KEKlnsane: BatChest CALL MARTY
[xqc] theSD3: 1
[xqc] islo_live: MINERS LOL MINERS LOL MINERS LOL MINERS LOL MINERS LOL MINERS LOL MINERS LOL MINERS LOL MINERS LOL MINERS LOL MINERS LOL MINERS LOL MINERS LOL MINERS LOL MINERS LOL MINERS LOL MINERS LOL MINERS LOL
[xqc] Bishox: @xQc check map
[xqc] lookezbr: go tower you still have time xqc
[xqc] onered5: anga Clap
[xqc] vince9796: SCHIZO
[xqc] Jungle_Ben: check map?
[xqc] dogwithdabutter_: upload at the satellite dishes?
[xqc] HardTlmes: pc in the launch tower and thats the final one mhm
[xqc] strateri3: legendary 24 hour FeelsStrongMan
[xqc] adyroks: LO ͏
[xqc] temperestre2: NOPERS
[xqc] luka115_: 24 HOURS OF Cinema
[xqc] taebny: Delusional  this bunker does something
[xqc] OnematoTomato: Towah
[xqc] SsllgHero: Pointless
[xqc] nadernation84: Tomfoolery nothing ever happens Q
[xqc] risecolumbia: no
[xqc] 69qqq_: go outside the bunker
[xqc] temperestre2: SCHIZO
[xqc] 1Taro2: SCHIZO
[xqc] qqqwwweeerrr312: PaceAware...?
[xqc] moura_bourants: FeelsDankMan negative
[xqc] krkeverywhere: stay in till timer runs out
[xqc] Lanky_TL: glorpNotL
[xqc] qqqwwweeerrr312: PaceAware ...
[xqc] wabalfortleexp1988: heart attack ending 💀
[xqc] Bishox: @xqc tower
[xqc] THRAINage: go to a powered facility thats off
[xqc] azay1011: FINALLY 24 HOUR STREAM
[xqc] xsrbro: What if you need to retrieve the data while all of them are green?
[xqc] jigachad_holy: xqcLook
[xqc] Atrix646: xqc 🔴did u forget pc?
[xqc] imperialistkarl: @xQc BEST THEORY RIGHT NOW IS U GOTTA DEPOSIT THE DATA SOMEWHERE U GOTTA TRY IN THE TIME U HAVE LEFT
[xqc] koradoxxx: LOL
[xqc] azay1011: FINALLY 24 HOUR STREAM ͏
[xqc] sakapatate_: SECOND BUNKER
[xqc] Bishox: @xQc go to tower
[xqc] FeelsWeirdMan____: mhm overlay the map
[xqc] xSLay3rJ: Cinema 24hr mark soon
[xqc] r0ckystar_: BRO WHAT IS THIS PUZZEL MAN
[xqc] Bishox: @xQc go to tower .
[xqc] gluctygaca1972: flawless victory!
[xqc] Rick_Grimes_EZ: Launch pad
[xqc] bxezy__: agaDespair
[xqc] hjku04239141: mhm

📊 Stats: 1563 messages in 6m30s (4.01 msg/sec)

[xqc] jigachad_holy: mhm mmmm
[xqc] Nuhrv: ONPAPER
[xqc] koradoxxx: GO OUTSIDE
[xqc] alanred7: check basement xqc
[xqc] hxbxn_1337: @xQc, some1 said: u have to activate all computer then a main computer becomes available u have to activate that one in the time span
[xqc] IonizedHorizon: pew pew pew pew pew pew
[xqc] lkursel: COM TOWER XQC
[xqc] peperthepains: check launch tower
[xqc] nrcholas: PogU I WAS HERE PogU I WAS HERE PogU I WAS HERE PogU I WAS HERE PogU I WAS HERE PogU I WAS HERE PogU I WAS HERE PogU I WAS HERE
[xqc] vince9796: xqcLook
[xqc] jigachad_holy: WELL ... OneHand
[xqc] TheCaptainGooey: GO GO GO
[xqc] peperthepains: ye
[xqc] f3earl3ss006: xqcL
[xqc] HawkNH: HASN'T SHOWERED IN 24 HOURS LOL HASN'T SHOWERED IN 24 HOURS LOL HASN'T SHOWERED IN 24 HOURS LOL HASN'T SHOWERED IN 24 HOURS LOL HASN'T SHOWERED IN 24 HOURS LOL
[xqc] MrMoonie: mhm
[xqc] LoStupidoBannato: what he said? LO
[xqc] imperialistkarl: @xQc GOGOGOGOGOGOGOGO
[xqc] Atrix646: xqc 🔴WAT IF THERE IS NO PUZZLE TO SOLVE Aware
[xqc] yahhnn: DELIVER THE DATA
[xqc] yomalll: Cinema
[xqc] gamingsoup_: YEAH GO TOWER
[xqc] Demo0681: comm tower
[xqc] lookezbr: yes
[xqc] FeelsWeirdMan____: gg bomba
[xqc] HotZin: SPOTTERS LO
[xqc] jigachad_holy: WELL ... ONPAPER
[xqc] ekinuu: autism
[xqc] sillylittlegoober_: 6 consoles wideSpeedNod
[xqc] clanka3000: ONPAPER
[xqc] ohuny: monkaSHAKE  24 hour mark
[xqc] taebny: MONKA
[xqc] MADlSTlC: yes
[xqc] muhaman69: ive been here for all 24 hours FeelsStrongMan
[xqc] Luambuu: ONPAPER
[xqc] alanred7: there is downstairs xqc
[xqc] taebny: MONKA ͏
[xqc] edricsonc: TRY SHOOTING THINGS @xQc
[xqc] luka115_: I WAS HERE xqcL
[xqc] PepegaLag: Clueless
[xqc] Boy_Tokyo: @xQc PING THE ROBOT ORB THING
[xqc] Atrix646: O
[xqc] clanka3000: ONPAPER .....
[xqc] PaidChatter3251: wayer
[xqc] onered5: anga Fudge anga Fudge anga Fudge anga Fudge anga Fudge anga Fudge anga Fudge anga Fudge
[xqc] FiveOhNate: 24 HOUR STREAM IN 20 MINUTES PogU
[xqc] assuray420: Doakes
[xqc] HotZin: oh you are dead
[xqc] MADlSTlC: LOL NOW DIE
[xqc] risonae: FLASHBACKS
[xqc] iProbablyAnt: communication tower
[xqc] Cloudzsurf: MrDestructoid Alarm MrDestructoid Alarm MrDestructoid Alarm MrDestructoid Alarm MrDestructoid Alarm MrDestructoid Alarm
[xqc] ggrasshopperss: CHAT DID IT WORK
[xqc] eightyeight88x: it’s gotta be something it can’t be nothing lol
[xqc] xSLay3rJ: emiruCINEMA i was here
[xqc] taebny: MONKA clankers
[xqc] MrMoonie: oh man
[xqc] ubarioscoodario_: either comms tower or launch tower
[xqc] YuushaXD_: FLASHBACKS
[xqc] Nuhrv: FLASHBACKS
[xqc] boraginolsuppo: o7 times up
[xqc] gronkspikeyourmomm: WhySoSerious WhySoSerious WhySoSerious
[xqc] prodbyxotic82: MEGALUL
[xqc] alanred7: Check basement bri xqc
[xqc] ekinuu: swtWoke
[xqc] vince9796: xqcCheer xqcCheer xqcCheer
[xqc] Barulio12: bombaware
[xqc] iProbablyAnt: east side of map
[xqc] HawkNH: HASN'T SHOWERED IN 24 HOURS LOL HASN'T SHOWERED IN 24 HOURS LOL
[xqc] ZeeThru: THERE IS A POWER SWITCH ON THE BOTTOM
[xqc] clutchjeans_: FLASHBACKS
[xqc] sultanar2: gg
[xqc] Atrix646: xqc 🔴 o7 TIME
[xqc] jigachad_holy: ONPAPER
[xqc] JazzVoid: TEAMING LUL
[xqc] hjku04239141: 5 minutes NAILS
[xqc] nolimit_aspen: o7
[xqc] Itswasiim: FLASHBACKS
[xqc] assuray420: FirstTimeClanka
[xqc] PetroneXL: Doakes surprise motherfucker
[xqc] Cloudzsurf: MrDestructoid Alarm MrDestructoid Alarm MrDestructoid Alarm MrDestructoid Alarm MrDestructoid Alarm MrDestructoid Alarm MrDestructoid Alarm MrDestructoid Alarm
[xqc] krondon3: o7
[xqc] AlroyX: Wokege
[xqc] 22Myno: Cinema
[xqc] Abramizer: OUTSIDE, BROZO!
[xqc] flowers4clark: FLASHBACKS
[xqc] edricsonc: @xQc SECRET DOORS? SHOOT SECRET DOORS?
[xqc] ItsZarbon: FLASHBACKS
[xqc] SalonenGG: big tower seems sus
[xqc] KidViciousTV: @xQc comm tower

📊 Stats: 1653 messages in 7m0s (3.94 msg/sec)

[xqc] spearman874: Bloons
[xqc] ekinuu: swtWoke ah where war
[xqc] mybubucamel: GO TO THE LAUNCH SITE
[xqc] tockss31: i was hereee
[xqc] koradoxxx: control tower
[xqc] Obmxtiny: FLASHBACKS
[xqc] bxezy__: War
[xqc] sultanar2: THERE IS A POWER SWITCH
[xqc] azay1011: buhOverShakeyFlipExplode
[xqc] r0ckystar_: U DONT GOT ENOUGH TIME
[xqc] meloveyouwrongtime: glloomMonka
[xqc] banda1x0: Wokege
[xqc] xSLay3rJ: FLASHBACKS
[xqc] 1Taro2: Control or launch probably
[xqc] techniqu963: CONTRROL TOWER
[xqc] Lamington810: what if you have to upload the data on another map? maybe the blue one since that's the color that's missing @xqc
[xqc] afastrunner: @xQc control or launch
[xqc] nos1ug: reminds me of the casino heist....
[xqc] clutchjeans_: FLASHBACKS how many did we lose
[xqc] tehchonka: COMM TOWER
[xqc] CHIP_GON_AWOL: CLANKERS FLASHBACKS
[xqc] Bishox: o7
[xqc] luka115_: 24 HOURS OF PURE Cinema
[xqc] ekinuu: buhOverShakeyFlipExplode
[xqc] econometrixs: computers at top control
[xqc] HardTlmes: MONKA
[xqc] MADlSTlC: LO
[xqc] lkursel: 5 mins o7
[xqc] clanka3000: LOL
[xqc] SpikePulse: Pointless run out of time
[xqc] YuushaXD_: monkaS
[xqc] jaydenbboyer: LO
[xqc] krondon3: LO
[xqc] jigachad_holy: NAILS no time
[xqc] Itswasiim: LO
[xqc] Rick_Grimes_EZ: FLASHBACKS
[xqc] monktavious: ITS NOT CONTROL I ALREADY TRIED
[xqc] xSLay3rJ: LULW
[xqc] Dazube: OLD XQC 24 HR STREAM FINALLY
[xqc] bxezy__: LO
[xqc] Tech_Taylor: FLASHBACKS
[xqc] Fossabot: xqcL YusonATHAN gifted 5 subs to the community! xqcL Thanks so much for gifting xqcL
[xqc] yeah_its_julius: THERE MIGHT BE AN OTHER BUNKER SOMEWHERE @xQc
[xqc] Wiltsu: jese
[xqc] adyroks: jon dongle SCHIZO
[xqc] KidViciousTV: LO
[xqc] formula7x: LO ͏
[xqc] iProbablyAnt: communication tower
[xqc] HotZin: PewPewPew
[xqc] yeetskeeter1: xqcDespair
[xqc] adyroks: jon  dongle SCHIZO
[xqc] hjku04239141: run q NAILS
[xqc] assuray420: MUGA gogogo
[xqc] risonae: FLASHBACKS they were waiting
[xqc] Gachi_Baba: buhOverShakeyFlipExplode
[xqc] LazerRaptor__: WAR
[xqc] econometrixs: top control computers
[xqc] taebny: o7 until next stream
[xqc] HardTlmes: -25
[xqc] TheCaptainGooey: EZ DODGED
[xqc] edricsonc: PUT DATA ON LAUNCH TOWER?
[xqc] Trufizz: gotta be something, can’t be nothing @xQc
[xqc] ll_mook_ll: oh oh
[xqc] th3net: Pepega pew pew pew pew
[xqc] Tsoaku: PING THE BIG ORB DOWNSTAIRS YOUR CHARACTER WILL SAY ITS A QUEST OBJECTIVE
[xqc] kishan35: hi
[xqc] PetroneXL: xqcL
[xqc] taebny: o7  until next stream
[xqc] iProbablyAnt: not control tower
[xqc] azay1011: PagMan -25
[xqc] luka115_: WW 5
[xqc] moonarz: Aware HASN'T GOONED IN 24 HOURS Aware HASN'T GOONED IN 24 HOURS Aware HASN'T GOONED IN 24 HOURS Aware HASN'T GOONED IN 24 HOURS
[xqc] mon_gasan: MONKA
[xqc] CHIP_GON_AWOL: BOMO
[xqc] its_Physikz: control
[xqc] yeetskeeter1: xqcDespair TOP LEFT
[xqc] lkursel: COM TOWER EAST XQC
[xqc] mootmonthly: its not control @xqc
[xqc] maniektwist_datezone: control
[xqc] MADlSTlC: control
[xqc] koradoxxx: launch
[xqc] slosi123: BOTH
[xqc] Gachi_Baba: LO
[xqc] frzsty_: monkaX SEBASTION monkaX SEBASTION monkaX SEBASTION monkaX SEBASTION monkaX SEBASTION
[xqc] Bishox: launch
[xqc] PulsE_FPS: LAUNCG
[xqc] DrakonEhe: launch
[xqc] FeelsWeirdMan____: control
[xqc] HardTlmes: lsunvh
[xqc] mariogamecrazy: OOOO +5 rocks
[xqc] tradogg0319: LAUNCH
[xqc] Elymara: MONKA 5 min
[xqc] Lemonaade1: -5 LO
[xqc] HotZin: CONTROL
[xqc] monktavious: LAUNCH
[xqc] bigdavebigdave: PagMan
[xqc] keeferbro: -30 LUL
[xqc] econometrixs: control
[xqc] Layos005: -25
[xqc] HardTlmes: launch
[xqc] th3net: pepeSmoke
[xqc] KidViciousTV: 5 DONKEYS OOOO
[xqc] ItsZarbon: launch
[xqc] CincoBinco: launch
[xqc] lookezbr: launch xqc
[xqc] PulsE_FPS: LAUNCH
[xqc] imperialistkarl: LAUNCH
[xqc] koradoxxx: launch first
[xqc] 1Taro2: control first
[xqc] JazzVoid: The Great Autistic Deceiver LUL
[xqc] Jungle_Ben: launch
[xqc] tradogg0319: LAUNNCH
[xqc] mootmonthly: launch
[xqc] Gubbis_db000: control
[xqc] OGWheelbarrow: COMMS TOWER COMMS TOWER COMMS TOWER COMMS TOWER COMMS TOWER
[xqc] assuray420: xqcBOOM
[xqc] MOOSE_on_the_loose_: agahi
[xqc] General___Radahn: launch
[xqc] FiveOhNate: SUBS PogU
[xqc] slosi123: BOTH YOU HAVE ENOUGH TIME
[xqc] haloboy00: LAUNCH
[xqc] TheCaptainGooey: Control
[xqc] ChefBronel: THIS IS CENTRAL CONTROL
[xqc] adyroks: jon dongle SCHIZO its the dongles
[xqc] rafeael: launch the nuke
[xqc] koradoxxx: launch firstt
[xqc] xSLay3rJ: -25
[xqc] kronus_ow: 4Shrug
[xqc] cylex0: gifting subs to billionaire LO
[xqc] fungo_x: -25
[xqc] OLDFROGGI: unc is losing his mind
[xqc] QJCO: launch
[xqc] imsamscoll: PogU

📊 Stats: 1786 messages in 7m30s (3.97 msg/sec)

[xqc] lazyyhermit: GG SOLD
[xqc] koradoxxx: LAUNCH
[xqc] edricsonc: DATA ON LAUNCH
[xqc] krkeverywhere: should’ve waited in the bunker till timer runs ran out
[xqc] shaq290086: -25
[xqc] FeelsWeirdMan____: launch has its own event already
[xqc] tehchonka: launch
[xqc] th3net: launch
[xqc] BitcoinIsDumping: launch
[xqc] Karyukoo: launch
[xqc] CincoBinco: control actually
[xqc] giirrburr: -5 LUL
[xqc] iProbablyAnt: communication
[xqc] hk4svn: split up?
[xqc] tradogg0319: LAUNCH
[xqc] clampgod911: launch
[xqc] claytdhuy: launch
[xqc] mybubucamel: LAUNCH FIRST
[xqc] frzsty_: monkaX SEBASTION monkaX SEBASTION monkaX SEBASTION monkaX SEBASTION monkaX SEBASTION monkaX SEBASTION
[xqc] atila_xdd: YES
[xqc] WidiFire: CONTROL
[xqc] its_Physikz: mhm
[xqc] n0ah__1: @YusonATHAN Thanks for the gift sub!
[xqc] FeelsWeirdMan____: launch has its own event already @xQc
[xqc] risonae: arc orbiter o7
[xqc] MTR_I: launch
[xqc] AbramsBoy: control
[xqc] jigachad_holy: mhm
[xqc] gamingsoup_: if you had to do this much stuff though the loot better be worth glorpaga
[xqc] haloboy00: YES
[xqc] HardTlmes: no controll seems better
[xqc] Gachi_Baba: SOYI
[xqc] MrMoonie: ye try
[xqc] techniqu963: YES
[xqc] arcafps: ye
[xqc] onered5: +5 holy OOOO
[xqc] luka115_: WW 5 ROCKS
[xqc] GoGoGooka: @xQc check launch i already checked control
[xqc] SpikePulse: PLEASE
[xqc] Gachi_Baba: soyPls
[xqc] hk4svn: you have like 20 people
[xqc] bxezy__: -25 doll air
[xqc] lookezbr: maybe
[xqc] Wiltsu: you need a key
[xqc] HotZin: you dont have the key @xQc
[xqc] koradoxxx: you need a key or zipline LUL
[xqc] WigglyJo: need  a key
[xqc] YuushaXD_: MUGA GOOOO X
[xqc] Nox_Ferox: send it bro
[xqc] ExoticC1oud: it also faces launch
[xqc] slosi123: NEED ZIPLINE TO GET THERE OR KEY @xQc
[xqc] HawkNH: YES
[xqc] tO_Orrent: o7 MAJOR TOM
[xqc] clutchjeans_: perchance
[xqc] 1Taro2: ok mhm
[xqc] brandon_424: +5 PogU
[xqc] assuray420: wideSpeedNod maybe
[xqc] HardTlmes: then ffrom control to launch
[xqc] hjku04239141: surely
[xqc] slosi123: NEED ZIPLINE TO GET THERE OR KEY @xQc  ͏
[xqc] PetroneXL: high key
[xqc] koradoxxx: you need a zipline
[xqc] flowers4clark: i dont know
[xqc] meloveyouwrongtime: kyrielleNom
[xqc] p3pperino: NAILS 5 MINS
[xqc] RemovedMessage: no time
[xqc] calgoulden64_: control
[xqc] islo_live: 5 GOVT SHUTDOWNS LOL 5 GOVT SHUTDOWNS LOL 5 GOVT SHUTDOWNS LOL 5 GOVT SHUTDOWNS LOL 5 GOVT SHUTDOWNS LOL
[xqc] moonarz: Aware HASN'T GOONED IN 24 HOURS Aware HASN'T GOONED IN 24 HOURS
[xqc] HardTlmes: yes
[xqc] HawkNH: GO GO GO
[xqc] slosi123: NEED ZIPLINE TO GET THERE OR KEY @xQc
[xqc] edricsonc: 5 MINS LEFT Please
[xqc] boraginolsuppo: o7 times up kid
[xqc] Gachi_Baba: SOYSCREAM
[xqc] QJCO: top of launch
[xqc] MMOXXERR: YES 5Head
[xqc] psychoirrel: i watched someone tried launchi watched someone tried launchi watched someone tried launchi watched someone tried launchi watched someone tried launch
[xqc] myblaziken: Bro please go to sleep 😭
[xqc] SushiMagic: yes
[xqc] theGrayGhost: doesn't control need a key ?
[xqc] Tsoaku: PINK THE BIG ORB WITH WIRES IN BUNKER YOUR CHARACTER WILL SAY ITS A QUEST OBJECTIVE
[xqc] claytdhuy: thats a key room
[xqc] taxigotbanned: GO GO GO GO
[xqc] ItsZarbon: YES
[xqc] reecey_rooster: FRIENDLY FRIENDLY
[xqc] Bvbblegvmmm: xqcS
[xqc] Lemon_GTH: no time
[xqc] lookezbr: tell someone who did everything to go launch xqc
[xqc] karlsen6: Need a key Sadly
[xqc] monktavious: I ALREADY TRIED CONTROL THATS NO TIT
[xqc] mon_gasan: NAILSING
[xqc] peperthepains: try that ye
[xqc] n8oll: shore
[xqc] Luambuu: NO KEY ALERT
[xqc] sillylittlegoober_: @xQc SNAP HOOK UP
[xqc] ekinuu: muniPANIC
[xqc] trentxnv: wideSpeedDesert  ͏
[xqc] taxigotbanned: GO  GO GO GO
[xqc] taebny: u wont have time for both o7
[xqc] assuray420: Cooked
[xqc] frzsty_: mhm
[xqc] JakByte: U NEED A KEY CARD
[xqc] edricsonc: 5 MINS LEFT PLEASE
[xqc] Layos005: no
[xqc] MintBrando: you dont have the key for control
[xqc] AverageTwitchUser_LuL: 4 mins NAILSING
[xqc] adyroks: jon  dongle SCHIZO its the dongles
[xqc] jigachad_holy: Nope
[xqc] Kamzara: glorp
[xqc] homo_18: ZZZZZZZZZZ
[xqc] aurora_borealis_max: both are possoble i think
[xqc] reaver_tw: you need key for that
[xqc] mootmonthly: you need a key
[xqc] frerrefref: u do
[xqc] Fossabot: xqcL alert_tv is staying in the jungle! xqcL Thanks so much for re-subbing xqcL And continuing to support the stream! xqcL
[xqc] Weldingfool76: There's 8 pcs to intact with and gain 4k xp other than that nobody knows what this task reveals.  Main thing is lootable items in bunker are supposed to be good
[xqc] ekinuu: glorp
[xqc] homo_18: Zzzzz
[xqc] Coolbeanz9001: monkaS NABLOO monkaS NABLOO monkaS NABLOO monkaS NABLOO monkaS NABLOO monkaS NABLOO monkaS NABLOO monkaS NABLOO monkaS NABLOO monkaS NABLOO monkaS NABLOO monkaS NABLOO
[xqc] rafeael: tell snipers to do launch zipline
[xqc] taebny: only U BUB LOL
[xqc] econometrixs: i say get to the bunker when the raid timer ends
[xqc] HotZin: you need key or line @xQc
[xqc] xSLay3rJ: You need a key right? xqc

📊 Stats: 1911 messages in 8m0s (3.98 msg/sec)

[xqc] clampgod911: Launch you need key for other Launch you need key for other Launch you need key for other Launch you need key for other
[xqc] cavsbron: prime xqc is back
[xqc] bxezy__: wideSpeedDesert
[xqc] Smileysoz: 24 hour stream incoming OOOO
[xqc] jigachad_holy: monkaX shroud
[xqc] edricsonc: ONLY YOU
[xqc] monopoleyes: @xQc found this: "It's not this, I did two antennas by myself, downloaded from all 8 stations, and went back to one of the antennas I did. Nothing"
[xqc] BagWithoutTheR: Maybe when its green, something somewhere else on the map a thing appears
[xqc] afastrunner: @xQc you can get to top with zipline
[xqc] gamingsoup_: LAUNCH TOWER INSTEAD
[xqc] R0NWhiskey: 5 mins gg
[xqc] DokkiiGG: u can zipline
[xqc] luka115_: 24 HOURS OF PURE Cinema
[xqc] kishan35: yo
[xqc] wrsword: only four left
[xqc] logscs: u do
[xqc] psychoirrel: dont go launch
[xqc] Bishox: go launch
[xqc] sillylittlegoober_: @xQc SNAP HOOK UP ͏
[xqc] lkursel: Cooked
[xqc] DokkiiGG: to the tower u can zipline
[xqc] Stendon: 24hr hooly
[xqc] PetroneXL: dont be a lamer
[xqc] prejaquelin: maybe comms tower?
[xqc] maniektwist_datezone: why is nobody killing spotter OMEGALUL
[xqc] hjku04239141: NAILS
[xqc] YMX_: Pffttt
[xqc] gluctygaca1972: ajajajaja no puede ser
[xqc] Blur_XBL: o7
[xqc] xSLay3rJ: NAILS
[xqc] hjku04239141: 4 minutes NAILS
[xqc] 22Myno: @luka115_ hesRight
[xqc] FeelsWeirdMan____: chalked wideSpeedLaugh4
[xqc] jigachad_holy: mhm
[xqc] edricsonc: THE ONLY HOPE PLEASE
[xqc] lively021: xqcCheer xqcS xqcCheer
[xqc] mybubucamel: LAUNCH FIRST THEN CONTROL
[xqc] bxezy__: FLASHBACKS
[xqc] valraSan: NAILS
[xqc] adyroks: jon dongle SCHIZO
[xqc] Lemonaade1: pepeMeltdown 4 minutes
[xqc] QJCO: go top of launch
[xqc] blickyglizz: always want sumptin!
[xqc] pertcomace1985: solo carry bro
[xqc] frzsty_: i will ask
[xqc] risonae: Cooked
[xqc] 27_fps: communications I think not control
[xqc] koolaidwithlaxatives: YES U CAN
[xqc] SpikePulse: pepeMeltdown
[xqc] hjku04239141: 4 minutes NAILSING
[xqc] maplet0ast: 23 hours is crazy. he went live when i woke up yesterday AINTNOWAY
[xqc] YMX_: top left SpeedLaugh
[xqc] ekinuu: muniPANIC fasterrrr
[xqc] taebny: comms OOOO
[xqc] koolaidwithlaxatives: FROM THE OTHER ROOF
[xqc] HeavenOrLasVegas__: xqcN
[xqc] FlentFamicom: pause ?
[xqc] sleeplessnun: 2
[xqc] BkCarlito: 24 HR stream!! let’s goooo!!!
[xqc] TheRealAegis: Back to the satellite maybe?
[xqc] PetroneXL: xqcN

📊 Stats: 1972 messages in 8m30s (3.87 msg/sec)

[xqc] edricsonc: LAUNCH TOWER IS THE WAY  pepeMeltdown
[xqc] wabalfortleexp1988: followed instantly
[xqc] sheshaber: HOLD
[xqc] jigachad_holy: LOL
[xqc] rafeael: Pointless 23 hours for what
[xqc] iZac44Zac: 3min o7
[xqc] koradoxxx: 5Head
[xqc] lkursel: COMMS TOWER idIot
[xqc] krondon3: LOL
[xqc] fouchad: key
[xqc] sultanar2: 3minutes
[xqc] cuRaetor: GIGACHAD
[xqc] MrMoonie: ye just do it
[xqc] HardTlmes: mhm
[xqc] SpikePulse: GIGACHAD
[xqc] HeavenOrLasVegas__: xqcS xqcSword
[xqc] levourdalak: WITH YOUR LEGS
[xqc] bigdavebigdave: GIGACHAD
[xqc] keeferbro: o7
[xqc] DatGuyMrcl: you need key to go control
[xqc] garbinskii: LOL
[xqc] frzsty_: you need a keycard
[xqc] sultanar2: 3menits
[xqc] taebny: GIGACHAD random guy
[xqc] Ludwigiib: NAILS ALMOST 24 HRS
[xqc] GoBuyMyBeats: LUL
[xqc] eloisekramer: 24hr
[xqc] Loska_999: GIGACHAD
[xqc] HawkNH: o7
[xqc] jigachad_holy: GIGACHAD ill figure it out
[xqc] reaver_tw: key
[xqc] r0ckystar_: U CANT EXTRACT ANYWAYS SO GO ALL IN
[xqc] p3pperino: NAILS
[xqc] LxgndR: this is over sadly
[xqc] QJCO: comms tower?
[xqc] ekinuu: mhm
[xqc] druuu__: HOLLLLY CHAD
[xqc] koradoxxx: where are you going ??????
[xqc] jarshyyyy: FBAORITE FEMBOY
[xqc] luka115_: MY GOAT AINT WASHED xqcL
[xqc] lilyzcloudy: GIGACHAD holy
[xqc] frerrefref: no key
[xqc] meloveyouwrongtime: glloomShock hurry
[xqc] Wiltsu: go back to the antennas?
[xqc] cuRaetor: GIGACHAD i got it
[xqc] FlentFamicom: pause ?  ͏
[xqc] QUOTE_ME_IF_WHOMPS: GIGACHAD random guy
[xqc] koolaidwithlaxatives: NEXT  TO CONTROL TOWER ROOF U CAN ZIP UP TO THE WIDNOW
[xqc] tradogg0319: miidle of aalll 4 antenna maybe
[xqc] myblaziken: Is this marathon stream? xqcthon?
[xqc] xSLay3rJ: GIGACHAD
[xqc] edricsonc: KEEP RUNNING @xQc
[xqc] mybubucamel: NAILS NAILS NAILS NAILS NAILS NAILS NAILS NAILS
[xqc] HILUX621_: GIGACHAD JOHN RAIDER
[xqc] th3net: GIGACHAD "i'll figure it out"
[xqc] tazxo: On reddit I just saw someone say one person needs to download all and then have that person go to data vault by reinforced reception
[xqc] offlimitzzz: xqcGoofy
[xqc] rafeael: this shit is cinematic NAILS
[xqc] imperialistkarl: mhm
[xqc] prejaquelin: theres no rocket to launch try comms tower
[xqc] cyanfinger: o7
[xqc] ohuny: xqcFuel  rejuice u got another 12 in u
[xqc] atila_xdd: ITS CONTROL TOWER FOR SURE
[xqc] risonae: NAILS
[xqc] HILUX621_: GIGACHAD JOHN RAIDER ͏
[xqc] jigachad_holy: GIGACHAD i got it boss
[xqc] WeebMasquerade: 5G SUS
[xqc] gluctygaca1972: bro deserves views
[xqc] 1Taro2: PonderingCat
[xqc] frzsty_: @myblaziken its the goonathon
[xqc] HardTlmes: PauseChamp
[xqc] YMX_: Cinema
[xqc] Rick_Grimes_EZ: GIGACHAD

📊 Stats: 2045 messages in 9m0s (3.79 msg/sec)

[xqc] GoBuyMyBeats: GIGACHAD i'll figure it out
[xqc] JakByte: MUSIC?
[xqc] cali: o7
[xqc] jeremo947: @HeavenOrLasVegas__ w username yeaga
[xqc] MADlSTlC: check the middle of where the antennas converge on the map? xqc
[xqc] Lemon_GTH: LeCinema holy
[xqc] edricsonc: FIND A CONSOLE IN THE LAUNCH TOWER @xQc
[xqc] sultanar2: cums?
[xqc] rance199x: TTours
[xqc] JazzVoid: TEAMING LUL
[xqc] azay1011: cums
[xqc] HotZin: the bomb being a quest objective is su
[xqc] Lemonaade1: HOLDD
[xqc] Lemon_GTH: LeCinema
[xqc] TICKsoundsLIKe: HUH
[xqc] HardTlmes: PauseChamp anything
[xqc] its_Physikz: the top of this building is suspiciously barren @xqc
[xqc] lkursel: what would be up here realistically
[xqc] darklsniper: HOLDD ͏
[xqc] LLaxor: @XQC GIVE DATA BACK TO ANTENNA
[xqc] n8oll: HUH
[xqc] taebny: john raider - i'll figure it out AURA
[xqc] cuRaetor: GIGACHAD FBBlock don’t worry
[xqc] ItsNaVs: Movie shit
[xqc] ChrisWarrior100: direction of the satlites ?
[xqc] Lonely_T_Rex: Chat has anyone solved this puzzle yet?
[xqc] Alvesco160: watch cums
[xqc] leodavinci_1: lookUp
[xqc] YMX_: wade is it happening
[xqc] qqqwwweeerrr312: o7
[xqc] luka115_: MY GOAT AINT WASHED JUST YET xqcL
[xqc] FeelsWeirdMan____: 3 mins pepeMeltdown
[xqc] keeferbro: lag?
[xqc] RICK_WP: dbunkit
[xqc] Luambuu: LeCinema
[xqc] banda1x0: HOLDD
[xqc] boraginolsuppo: o7 times over
[xqc] frerrefref: Nothing here Aware
[xqc] Lemon_GTH: LeCinema ͏
[xqc] HardTlmes: Hmm
[xqc] valraSan: NAILS ͏
[xqc] Zoofitried: lil gup is still live OOOO
[xqc] jigachad_holy: HOLDD
[xqc] xSLay3rJ: PauseMan
[xqc] SpikePulse: Pointless
[xqc] luhmoppy: pewpewpewpewpewpew
[xqc] Lemonaade1: this is central control glorp
[xqc] cuRaetor: NAILS
[xqc] hjku04239141: NAILS
[xqc] risonae: nothing Pointless
[xqc] sultanar2: LOL
[xqc] Tsoaku: PING THE BOMB WITH WIRES UNDERGROUND YOUR CHARACTER WILL SAY ITS A QUEST OBJECTIVe

📊 Stats: 2097 messages in 9m30s (3.68 msg/sec)

[xqc] HotZin: o7
[xqc] ekinuu: hyoonThink
[xqc] wardrusturol1982: vamosssss
[xqc] hjku04239141: 3 minutes NAILS
[xqc] momochimi_kiruya: 3 mins o7
[xqc] AverageTwitchUser_LuL: 3 mins NAILSING
[xqc] adyroks: jon  dongle SCHIZO
[xqc] arcafps: o7
[xqc] MMOXXERR: man glorpNotL
[xqc] techniqu963: it has to be control tower
[xqc] Asysk: LOL
[xqc] tamppond: 24 hr stream Pog
[xqc] p3pperino: NAILS ͏
[xqc] Cloudzsurf: NAILS ViolinTime
[xqc] YMX_: gg
[xqc] the5thomen: over cooked
[xqc] wock_monster: BRO YOU HAVE TO GO TO COMS TOWER IDIOT
[xqc] KidViciousTV: COMMMSSSS
[xqc] kushhkabob: damn right
[xqc] Bruce_Wayne: Looks like the TVA from Loki
[xqc] cuRaetor: NAILS 󠀀
[xqc] OPproductionzz: might b cooked
[xqc] monopoleyes: there are def devs watching rn who know the answer
[xqc] YusonATHAN: xqcCheer
[xqc] kushhkabob: nails
[xqc] edricsonc: Man Pointless
[xqc] niyari7: @Zoofitried he took a 12 hour nap on stream
[xqc] steaknshakee: failed
[xqc] meloveyouwrongtime: glloomNoted
[xqc] WolverineFTW: NAILS
[xqc] HotZin: sez u
[xqc] anchorxge: spanish ads??
[xqc] FiveOhNate: PauseChamp
[xqc] yungbanevader: how does no one know how to do this
[xqc] sillylittlegoober_: -24 hours Pointless
[xqc] qqqwwweeerrr312: NOW JUMP Pointless
[xqc] r0ckystar_: BTW WHAT EXACTLY HAPPENS WHEN U CANT EXTRACT
[xqc] undercover_staff: woahh  nothing
[xqc] wock_monster: @xqc YOU HAVE TO GO COMS TOWER YOU MORON
[xqc] kushhkabob: get my girls nails did please
[xqc] OzkRage: tweak mode 24Hour stream
[xqc] cuRaetor: PewPewPew
[xqc] jeremo947: NAILS ViolinTime
[xqc] theSD3: crazy how DBUNKER name is two fold now lol
[xqc] lively021: @ekinuu  hello you remember me ? xqcL
[xqc] boraginolsuppo: ride or die juicers o7
[xqc] MrMoonie: its not here
[xqc] Stretch27: xqcL
[xqc] YMX_: just jump bro
[xqc] meloveyouwrongtime: glloomPeek
[xqc] risonae: captain stays behind Pointless
[xqc] datucorona: 4House 4House
[xqc] jigachad_holy: MrDestructoid
[xqc] LJ535: did they do it?
[xqc] nadernation84: all for nothing o7
[xqc] taxigotbanned: NAILS
[xqc] LLaxor: @XQC GIVE DATA BACK TO ANTENNA ͏

📊 Stats: 2154 messages in 10m0s (3.59 msg/sec)

[xqc] taxigotbanned: NAILS 󠀀
[xqc] hjku04239141: LO
[xqc] Hectag0n_: whose been watching for all 24 hrs
[xqc] layzid: damn, 24 hours Pointless
[xqc] rickIoI: where is he going LOL
[xqc] its_Physikz: the antenna up top @xqc
[xqc] gluctygaca1972: speedrun vibes
[xqc] LiCH_x_: Still live omeDamn
[xqc] TheRealCypheric: Either way still Cinema
[xqc] unfitsideways: bro you have 18k people watching you schizo
[xqc] taxigotbanned: NAILS 2 MINS
[xqc] atila_xdd: Aware nothing
[xqc] chiiekko: Jump someone gon a revibe youu
[xqc] wabalfortleexp1988: carry mode ON
[xqc] HardTlmes: Hmm ͏
[xqc] jigachad_holy: glorpNotL
[xqc] bigdavebigdave: NAILS
[xqc] Zoofitried: @niyari7 clothed or naked? Sus
[xqc] golden_miso: then what? after this 24hr stream, you wont stream for another 2-3 days to recover
[xqc] FeelsWeirdMan____: wrong tower Pffttt
[xqc] mybubucamel: LOOK AT THE LARGE SCREEN
[xqc] CincoBinco: Wait what if you stay in bunker when nuke comes?????????????
[xqc] taxigotbanned: NAILS  2 MINS
[xqc] hjku04239141: 2 minutes NAILS
[xqc] PixelHelmet: I laugh at anything LOL
[xqc] saintBOLO: o7
[xqc] MrMoonie: o7
[xqc] KaatSumiii: he doesn't wanna watch a tutorial lmfao?
[xqc] Fossabot: xqcL adrian_3e is staying in the jungle! xqcL Thanks so much for re-subbing xqcL And continuing to support the stream! xqcL
[xqc] sherratt1027: f
[xqc] LittleBrainDead: is he on demon time?
[xqc] tehchonka: we told you brotherman Pffttt
[xqc] r0ckystar_: @LLaxor I WAS THINKING THE SAME BUT THERE ARE NO PROMTS
[xqc] edricsonc: THE DATA NOOOO
[xqc] imsamscoll: o7
[xqc] sultanar2: nuke
[xqc] SpikePulse: Sadeg
[xqc] Luambuu: F
[xqc] jigachad_holy: go go go
[xqc] taxigotbanned: NAILS 2 MINS
[xqc] rickIoI: 1G ya doofus
[xqc] monopoleyes: need mrrofflewoffles on ts

📊 Stats: 2196 messages in 10m30s (3.49 msg/sec)

[xqc] jigachad_holy: WICKED
[xqc] taebny: WICKED
[xqc] bxezy__: agabye
[xqc] its_Physikz: MONKA
[xqc] sultanar2: o7
[xqc] risonae: Cinema
[xqc] HammudeAli: NAILS
[xqc] atila_xdd: WICKED
[xqc] hjku04239141: OOOO
[xqc] HardTlmes: jesus
[xqc] ふれっくせん: 2 mins gg
[xqc] maplet0ast: whoa
[xqc] FlentFamicom: @Hectag0n_ me listening for 8 watching the other part till now
[xqc] YuushaXD_: Cinema
[xqc] clutchjeans_: MONKA
[xqc] darklsniper: OOOO
[xqc] bigdavebigdave: OOOO
[xqc] giirrburr: OOOO
[xqc] SpikePulse: WICKED holy
[xqc] rreaks: this is so stupid lol
[xqc] killaaaaa_: EZ
[xqc] RemovedMessage: WICKED
[xqc] gIxoom: WICKED
[xqc] tehchonka: wicked
[xqc] Extremegaming234: WICKED
[xqc] vivisoulja_: holy
[xqc] ItsZarbon: WICKED
[xqc] taebny: WICKED holyyyyy
[xqc] maplet0ast: OOOO
[xqc] iZac44Zac: WICKED
[xqc] s404skk: WICKED
[xqc] imperialistkarl: WICKED
[xqc] fishnothing: Cheer100 Corgo100  prePffttt paying for my bits badge
[xqc] bxezy__: EZ
[xqc] Ghostcreeper_: WICKED
[xqc] Nox_Ferox: WICKED
[xqc] tamppond: OOOO
[xqc] Ludwigiib: LO
[xqc] deez_nuts52: WICKED
[xqc] MrMoonie: Cinema
[xqc] Samskio: WICKED
[xqc] TheRealCypheric: Wicked
[xqc] lookezbr: WICKED
[xqc] xSLay3rJ: WICKED
[xqc] FeelsWeirdMan____: o7
[xqc] sk3ll: o7 foot exploded
[xqc] luka115_: 24 HOURS OF PURE Cinema
[xqc] HammudeAli: WICKED
[xqc] jigachad_holy: NAILS
[xqc] rageca6e: OOOO
[xqc] QUOTE_ME_IF_WHOMPS: EZ
[xqc] pertcomace1985: bro really did that
[xqc] golden_miso: OOOO
[xqc] arcafps: 23 hours for what Pointless
[xqc] 69qqq_: @KaatSumiii theres no tutorial
[xqc] Lemonaade1: WICKED
[xqc] EphialtesTV: WICKED PARKOUR
[xqc] Lemon_GTH: @KaatSumiii no ones solved it doofus 1G
[xqc] flowers4clark: WICKED
[xqc] tehchonka: WICKED
[xqc] Lightningice9: holyyyyyyyy
[xqc] solidgreenday: thats some nice physikz
[xqc] theecats33: WICKED
[xqc] bak_choi_a: WICKED
[xqc] bxezy__: OOOO
[xqc] S4Okami: WICKED
[xqc] th3net: WICKED
[xqc] banda1x0: LOL
[xqc] HotZin: legs made of fucking diamond
[xqc] koradoxxx: this bunker event is a waste of time lmao
[xqc] hjku04239141: NAILS
[xqc] saintBOLO: Cooked
[xqc] Bvbblegvmmm: WICKED
[xqc] flamearts: hi
[xqc] gIxoom: WICKED too ez
[xqc] RICK_WP: o7
[xqc] YMX_: what a shit EE icl
[xqc] Riiquii: WICKED
[xqc] Elymara: WICKED
[xqc] risonae: Cooked
[xqc] brandon_424: Wow
[xqc] Wiltsu: o7
[xqc] HammudeAli: hammud1Cat
[xqc] rageca6e: OOOO DEE JUICE LORD
[xqc] rafeael: oh man
[xqc] sakapatate_: ANTENA
[xqc] Bishox: gg o7
[xqc] HardTlmes: xqcDitch
[xqc] its_Physikz: @solidgreenday MegaLUL
[xqc] PixelHelmet: Streamer laughed slightly LOL
[xqc] 1Taro2: pepeMeltdown
[xqc] taxigotbanned: NAILS  2 MINS
[xqc] 晴天: o7
[xqc] Shaame_: @xQc COMMUNICATION BUILDING ?
[xqc] flowers4clark: o7
[xqc] brandon_424: EZ
[xqc] taxigotbanned: NAILS 2 MINS
[xqc] DatGuyMrcl: you need key to go control
[xqc] edricsonc: RUN @xQc
[xqc] ubarioscoodario_: i feel like thered be a prompt somewhere thats greyed out unless u have all datas
[xqc] qqqwwweeerrr312: NAILSING
[xqc] Lemonaade1: o7
[xqc] jigachad_holy: NAILS TIME
[xqc] meloveyouwrongtime: kyrielleNom
[xqc] WidiFire: can u get extracted with intel
[xqc] HotZin: o7 nuke
[xqc] HammudeAli: hammud1Cat hammud1Cat hammud1Cat hammud1Cat
[xqc] rance199x: WICKED
[xqc] 27_fps: communications
[xqc] xSLay3rJ: NAILS
[xqc] thesanimo: HOLY
[xqc] Cloudzsurf: xqcDitch
[xqc] atila_xdd: BRO IT 100% IS
[xqc] RemovedMessage: no time o7
[xqc] improperman: o7
[xqc] lazyyhermit: gg o7
[xqc] TheCaptainGooey: o7 POINT OF NO RETURN
[xqc] trip012: get out
[xqc] adyroks: jon dongle SCHIZO
[xqc] gamingsoup_: o7
[xqc] taebny: o7
[xqc] techniqu963: it has to be
[xqc] i3eamers: o7
[xqc] PetroneXL: xqcS
[xqc] taebny: noe
[xqc] solidgreenday: phys peepoGiggle
[xqc] QJCO: go to comms
[xqc] therealtattyratty: HOLDD
[xqc] vince9796: xqcWut
[xqc] DBDozerr: o7
[xqc] ondar911: no time
[xqc] taxigotbanned: NAILS EEEEKK!
[xqc] Samskio: o7
[xqc] GamerGoldy: o7
[xqc] wock_monster: KEY CARD
[xqc] 00Bluey: o7
[xqc] ItsZarbon: o7
[xqc] boy_named_Su: NAILS
[xqc] itspummel_: o7
[xqc] koradoxxx: glitch in the door
[xqc] lilyzcloudy: o7
[xqc] hjku04239141: Cooked
[xqc] kreply69: bombaware
[xqc] HardTlmes: Nope
[xqc] taebny: nope
[xqc] saintBOLO: no time broski
[xqc] LJ535: need a key
[xqc] taxigotbanned: NAILS  EEEEKK!
[xqc] elsethere: no
[xqc] Stretch27: nails 💅🏽
[xqc] ekinuu: hyoonLookUp hyoonLookDown
[xqc] momochimi_kiruya: 1 min o7

📊 Stats: 2348 messages in 11m0s (3.56 msg/sec)

[xqc] YuushaXD_: Nope
[xqc] Layos005: gg
[xqc] clutchjeans_: Nope
[xqc] luka115_: o7
[xqc] MrMoonie: im sitting here at the edge of my seat biting my NAILS
[xqc] hesher7: adrenaline shot
[xqc] yosimon: o7
[xqc] PetroneXL: full send
[xqc] WigglyJo: Dentge  NEED A KEY
[xqc] frerrefref: need the key
[xqc] lkursel: EAST XQC
[xqc] sanjisan_x: COMMUNCATION TOWER
[xqc] Khanivore: o7
[xqc] gamingsoup_: YOU SHOULDVE BROUGHT ZIPS I TOLD YOU
[xqc] Godsend_gt: o7
[xqc] jigachad_holy: GIGACHAD figure it out guy
[xqc] koradoxxx: tell someone to ram you into the door and roll
[xqc] xSLay3rJ: it's gg o7
[xqc] MADlSTlC: bombaware
[xqc] TelestoMain1: O7
[xqc] edricsonc: @xQc WHAT IF YOU JUST NEED TO EXTRACT WITH THE DATA
[xqc] Itswasiim: Nope
[xqc] Fossabot: : Feel free to join my discord! https://discord.gg/xqcow (you don't have to be a sub) and follow Twitter! https://twitter.com/xQc
[xqc] arcafps: ask if someone has zipline perk
[xqc] frzsty_: cum tower
[xqc] TelestoMain1: o6
[xqc] meloveyouwrongtime: yonose
[xqc] nakano_it5uki: -24hrs o7
[xqc] wardrusturol1982: bro is cooked
[xqc] banda1x0: o7
[xqc] solidgreenday: bombaware
[xqc] theecats33: o7 AWARE
[xqc] Wiltsu: east
[xqc] TelestoMain1: o7
[xqc] KEKlnsane: cum tower
[xqc] taebny: cumm sours HUH
[xqc] FeelsWeirdMan____: right
[xqc] Hectag0n_: GO
[xqc] xcreationsss: CUM SOURS?
[xqc] HotZin: you need A6 key for Control
[xqc] solidgreenday: bombaware ͏
[xqc] koradoxxx: roll through the door while someone pushed you in
[xqc] n8oll: HUH  ͏
[xqc] RandomMac5: o7
[xqc] Whiytout: RUN BRO
[xqc] AdelJoined: the idea that you don’t leave the terminal while downloading or receive
[xqc] bigger_bro: how he got so many friend lees
[xqc] LJ535: MIDDLE RIGHT OF MAP
[xqc] Bishox: bottom right
[xqc] sanjisan_x: ZOOM IN
[xqc] OhMyRofl: need two zip
[xqc] ianite258: no, just extract
[xqc] lkursel: ZOOM IN EAST
[xqc] kalvinvar: @xQc just check if its open
[xqc] solidgreenday: bombaware
[xqc] TheRealAegis: GO BACK TO THE SATELLITE
[xqc] momochimi_kiruya: HUH cum sour?
[xqc] Sammyg33: bring stims next time
[xqc] Fossabot: Merch drop #3 is out https://xqc.store/ EZ
[xqc] Wiltsu: east side
[xqc] HammudeAli: hammud1Chill TeaTime
[xqc] itspummel_: no key or zipline gg
[xqc] ubarioscoodario_: all the way east
[xqc] RustyKn0b: right side of map
[xqc] kalvinvar: @xQc just check if its open ͏
[xqc] taebny: cumm  sours HUH
[xqc] prejaquelin: far right
[xqc] lkursel: ZOOM IN EAST XQC
[xqc] mon_gasan: yonose
[xqc] koradoxxx: glitch in
[xqc] brandon_424: gg
[xqc] saintBOLO: just extract and try it next run broski
[xqc] kalvinvar: @xQc just check if its open
[xqc] SV1Jasson: CUM SOURS?
[xqc] Bishox: @xQc mottom right
[xqc] KaatSumiii: @Lemon_GTH oh shi lmao
[xqc] FeelsWeirdMan____: on the right i think
[xqc] 2ee1: bro u gotta get out?
[xqc] tw_30: gg
[xqc] Whiytout: GO IN
[xqc] prejaquelin: far right of map
[xqc] ondar911: NAILSING
[xqc] Nuhrv: antennas and pcs ONPAPER
[xqc] hate_lol: o7
[xqc] lively021: @ekinuu check your dm history we've talked before xqcL
[xqc] msteban: manidk
[xqc] bxezy__: chat wah he doing
[xqc] YMX_: just extract lil guppy
[xqc] Falkkung: 1 min??
[xqc] rafeael: o7 all the whatsappers
[xqc] nadernation84: take raider hatch its ggs
[xqc] LLaxor: o7
[xqc] lofyy10: o7
[xqc] atila_xdd: LO
[xqc] WILLBEFINE_4EVER: DID HE DO THE COMPUTERS???
[xqc] 27_fps: bottom right
[xqc] prejaquelin: far right!
[xqc] Whiytout: Cooked
[xqc] FeelsWeirdMan____: gg
[xqc] sultanar2: gg
[xqc] zgzgzn: four towers position should be the position of the PC
[xqc] PetroneXL: Lost
[xqc] ExoticC1oud: control tower faces launch its prolly control
[xqc] jigachad_holy: gg
[xqc] solidgreenday: bombaware ͏
[xqc] HardTlmes: giig
[xqc] swift_ant: is this the matrix
[xqc] Lemonaade1: o7 '
[xqc] alphashreds: gg
[xqc] sultanar2: o7
[xqc] acidsidee: do it curve to the left
[xqc] Extremegaming234: o7
[xqc] theGrayGhost: don't think it's the control tower
[xqc] tehchonka: next run ig o7
[xqc] ふれっくせん: get out? o7
[xqc] jigachad_holy: gg nt
[xqc] Sammyg33: a lot of them
[xqc] SemperVII: COOKED
[xqc] Wiltsu: that might be it
[xqc] ItsZarbon: gg
[xqc] bear_248: o7
[xqc] Whiytout: go in that tower twin
[xqc] EphialtesTV: o7
[xqc] lookezbr: damn
[xqc] atila_xdd: LO SO THERE ALWAYS WAS
[xqc] AverageTwitchUser_LuL: 1mins NAILSING
[xqc] koradoxxx: right
[xqc] Fossabot: :  Are you a vod enjoyer ? Watch them here ! https://xqc.wtf/
[xqc] ironmanpewdspidermnrageb8: c um shower
[xqc] theecats33: o7 Aware chatters
[xqc] koradoxxx: right side
[xqc] Darth776: o7
[xqc] Whiytout: right
[xqc] HammudeAli: hammud1Hiso
[xqc] steaknshakee: fail
[xqc] MarshyClean: this reminds me of gta do
[xqc] luka115_: Cooked
[xqc] Falkkung: use a zipline if you have
[xqc] lkursel: o7

📊 Stats: 2487 messages in 11m30s (3.60 msg/sec)

[xqc] ybeck: gg
[xqc] Whiytout: RGIHT
[xqc] MrMoonie: im sitting here at the edge of my seat biting my NAILS ͏
[xqc] HardTlmes: giig ͏
[xqc] fishnothing: o7
[xqc] Jungle_Ben: xqcDitch GO GO GO
[xqc] techniqu963: right
[xqc] MSR1510: gg
[xqc] jigachad_holy: OOOO
[xqc] hjku04239141: Cooked  ͏
[xqc] koradoxxx: omfg idiot
[xqc] Hectag0n_: gg juicers o7
[xqc] Nuhrv: Cooked
[xqc] ondar911: NAILSING NAILSING NAILSING NAILSING NAILSING NAILSING NAILSING NAILSING NAILSING
[xqc] TheCaptainGooey: o7
[xqc] techniqu963: RIGHT
[xqc] koradoxxx: NO DUMBASS
[xqc] alphashreds: game over
[xqc] saintBOLO: Cooked
[xqc] HotZin: you need a key brother @xQc LO
[xqc] Mainbolle69: right
[xqc] gluctygaca1972: 🔥🔥🔥🔥🔥🔥🔥
[xqc] LJ535: fight to the death with melee now
[xqc] poy9157: o7
[xqc] lilyzcloudy: gg Cooked
[xqc] 00Bluey: o7
[xqc] prejaquelin: send someone over
[xqc] Whiytout: omg
[xqc] Zeblinz: o7
[xqc] kreply69: RUN
[xqc] YuushaXD_: o7
[xqc] YMX_: LO JUST EXRACT WITH DATA
[xqc] luka115_: o7 juicers
[xqc] moura_bourants: cum is sour YEP
[xqc] Lewqueez: o7
[xqc] Blur_XBL: o7 ͏
[xqc] hjku04239141: Cooked
[xqc] HammudeAli: NAILS
[xqc] yifors: some guys were up ther on a friends game earlier
[xqc] ItsZarbon: o7
[xqc] Smileysoz: o7
[xqc] bxezy__: o7
[xqc] pertcomace1985: bro’s on fire
[xqc] atila_xdd: @MarshyClean yeah figuring out heists and shit
[xqc] threbon: o7
[xqc] Mainbolle69: nooo
[xqc] edricsonc: o7 PLEASE
[xqc] Nuhrv: o7
[xqc] jigachad_holy: o7
[xqc] risonae: o7
[xqc] alphashreds: watch the sunrise with the boys
[xqc] risecolumbia: o7
[xqc] Rio25: this is the end ForsenSingingAtYou
[xqc] theecats33: Aware
[xqc] wardrusturol1982: bro wiped the squad
[xqc] fishnothing: prePffttt
[xqc] ianite258: o7
[xqc] xSLay3rJ: FeelsStrongMan
[xqc] Layos005: lol gg
[xqc] luka115_: This is the end CinemA
[xqc] HammudeAli: o7
[xqc] krondon3: o7
[xqc] mon_gasan: Aware
[xqc] TheRealAegis: o7
[xqc] lofyy10: o7 lol
[xqc] jaydenbboyer: o7
[xqc] AverageTwitchUser_LuL: Cinema
[xqc] boraginolsuppo: o7 WIP puzzle
[xqc] Lewqueez: LUK LUK PauseChamp
[xqc] nolimit_aspen: o7 ͏
[xqc] TheCaptainGooey: FeelsStrongMan
[xqc] lazyyhermit: o7
[xqc] rreaks: this puzzle is the dumbest fking thing ever made
[xqc] Concani_: frenn
[xqc] PetroneXL: rats  ratJAM
[xqc] Lemon_GTH: @KaatSumiii, take it as a no pixel heist puzzle pretty much it batPls
[xqc] randomguy0611: o7
[xqc] alphashreds: hug eachother
[xqc] kushhkabob: ha unc wanted that “Script $” hahahablmfao
[xqc] PrimeCreated: o7
[xqc] Smileysoz: Aware
[xqc] koradoxxx: ...........
[xqc] bxezy__: amen brother
[xqc] layzid: o7
[xqc] hjku04239141: Cooked  ͏
[xqc] bear_248: o7 gg
[xqc] boy_named_Su: o7 to the end
[xqc] lofyy10: o7n
[xqc] maplet0ast: zip it up buddy
[xqc] j9hj6h: o7
[xqc] risecolumbia: o7 last sunset
[xqc] datucorona: 4Heed
[xqc] HardTlmes: damn
[xqc] taxigotbanned: NAILS 30SECS
[xqc] Knutzi: what if you can hide in the bunker when timer runs out? itsa bunker afterall
[xqc] LowkChopped: o7
[xqc] arcafps: o7
[xqc] gangtz1: LOL
[xqc] moura_bourants: Life
[xqc] taebny: @bxezy__ dumb arc raiders theory he been tryna do all day Pffttt Delusional
[xqc] hk4svn: take it to the antenna?
[xqc] 1Taro2: o7
[xqc] its_Physikz: jerk eachother off
[xqc] luka115_: this is the end Cinema
[xqc] kushhkabob: lol ok lol
[xqc] gamingsoup_: WHY DIDNT YALL BRING ZIPS
[xqc] bigdavebigdave: o7
[xqc] KEKlnsane: o7

📊 Stats: 2595 messages in 12m0s (3.60 msg/sec)

[xqc] taxigotbanned: NAILS  30SECS
[xqc] BoogerAB: Dude go to bed, Jesus fuck omE
[xqc] jigachad_holy: o7 ,
[xqc] levourdalak: YOU HAVE?
[xqc] pillowfiend: Cooked
[xqc] SPKer_: o7
[xqc] WILLBEFINE_4EVER: o7
[xqc] hate_lol: o7 gg chat
[xqc] HotZin: LO
[xqc] MADlSTlC: Life bombaware
[xqc] Wiltsu: this is so sad
[xqc] nolimit_aspen: GG
[xqc] vibeswithevan: o7
[xqc] MOOSE_on_the_loose_: o7
[xqc] justin20545: o7
[xqc] iceman_509: o7
[xqc] bigger_bro: kill them at the ned
[xqc] koradoxxx: it was right side yall are so slow
[xqc] Mainbolle69: right
[xqc] Copenhagen__11: o7
[xqc] mon_gasan: o7
[xqc] edricsonc: NO ZIP o7
[xqc] lofyy10: lol
[xqc] ykshellss: o7
[xqc] adyroks: jon dongle SCHIZO \
[xqc] 2ee1: gg
[xqc] SpikePulse: Sadge
[xqc] jigachad_holy: nt
[xqc] TheCaptainGooey: o7
[xqc] aurora_borealis_max: ?
[xqc] rafeael: we will never know
[xqc] xSLay3rJ: Embrace each other
[xqc] Mainbolle69: hallway
[xqc] HardTlmes: @its_Physikz Wisdom
[xqc] ColorFly: no zip o7
[xqc] Cloudzsurf: o7
[xqc] Lewqueez: o7 IT'S JOEVER
[xqc] bigger_bro: take them out
[xqc] Smileysoz: 20 seconds Aware
[xqc] RemovedMessage: o7
[xqc] dauntin_01: 07
[xqc] 404BIRD: nt
[xqc] LxgndR: o7 nice try
[xqc] unkn0wn_guy_69: o7
[xqc] JhinxWTF: o7
[xqc] tamppond: o7
[xqc] YuushaXD_: o7 its over
[xqc] Rio25: go out guns blazing
[xqc] DeathMascot: nt
[xqc] PulsE_FPS: o7
[xqc] monopoleyes: hug it out
[xqc] HotZin: kiss a homie for the end
[xqc] alphashreds: you guys did good
[xqc] its_Physikz: in game ofc
[xqc] frerrefref: D BUNKER WAS DEFEATED
[xqc] AverageTwitchUser_LuL: 20sec NAILSING
[xqc] PetroneXL: Wisdom
[xqc] jigachad_holy: mhm true
[xqc] lookezbr: its fine you eliminated possibilities xqc
[xqc] xLigar: o7 i enjoyed my stay
[xqc] Darth776: o7 ͏
[xqc] killas09: Trailer park boys
[xqc] playavideogame: LO FAILED AGAIN LO FAILED AGAIN LO FAILED AGAIN LO FAILED AGAIN LO FAILED AGAIN LO FAILED AGAIN
[xqc] Destltute: how do u not know... pull up the map
[xqc] tamppond: o7 juicers
[xqc] poy9157: LOL
[xqc] drajon3: o7
[xqc] rafeael: we will never know the truth
[xqc] 1Taro2: that theory kinda promising tho
[xqc] Layos005: no
[xqc] peperthepains: mhm
[xqc] HardTlmes: Yepp
[xqc] 616Ghost: o7
[xqc] hjku04239141: mhm
[xqc] DrakonEhe: true
[xqc] taebny: hesRight
[xqc] LLaxor: o7 ͏
[xqc] MrMoonie: yeah
[xqc] Nox_Ferox: truth
[xqc] Lewqueez: 5Head SOCRATES
[xqc] lookezbr: yes
[xqc] i3eamers: Yes
[xqc] ismell_likebeeef: going down with the ship o7
[xqc] FlentFamicom: yes
[xqc] alphashreds: watch the nuke
[xqc] xSLay3rJ: wideSpeedNod
[xqc] steaknshakee: how about watch a tutorial
[xqc] Concani_: PonderingCat mmm
[xqc] FiveOhNate: YEP
[xqc] mynamesneil: Copege
[xqc] test_tlg: PonderingCat
[xqc] lilyzcloudy: wideSpeedNod right
[xqc] YMX_: mhm
[xqc] taw4shi: o7
[xqc] Gubbis_db000: yees
[xqc] FeelsWeirdMan____: Pffttt
[xqc] navvlol: yonose
[xqc] Smileysoz: 10 seconds Aware
[xqc] jigachad_holy: mhm progress
[xqc] logscs: o7
[xqc] nolimit_aspen: hesRight
[xqc] taxigotbanned: o7 this is it
[xqc] ianite258: yes
[xqc] bigdavebigdave: o7 ͏
[xqc] MADlSTlC: Cooked
[xqc] lazyyhermit: 24 HOURS STREAM OMEGALUL
[xqc] lofyy10: o7
[xqc] SummerofJune: : )
[xqc] risonae: this is it Cooked
[xqc] anem1aaa: o7
[xqc] peperthepains: doid
[xqc] gangtz1: o7
[xqc] HardTlmes: still progress Yepp
[xqc] m_i_c_h_a_3_l: gg
[xqc] dauntin_01: G G
[xqc] taxigotbanned: o7  this is it
[xqc] ShredderSherlock: Thomas Edison
[xqc] lookezbr: thats how science works literally
[xqc] 晴天: o7 ͏
[xqc] Raydan1901: LOOK AOUTSIDE @xQc
[xqc] Lemonaade1: monkaS 👉 ⌚ 23:45:00
[xqc] AverageTwitchUser_LuL: Cooked
[xqc] Gubbis_db000: mhm
[xqc] Nox_Ferox: gotta experiment to learn
[xqc] TheCaptainGooey: Watch the nuke
[xqc] DrakonEhe: o7
[xqc] Rio25: eliminar
[xqc] 404BIRD: mhm
[xqc] edricsonc: mhm
[xqc] RebiH5: o7 bombaware
[xqc] WOJTEK_99pct: o7
[xqc] Firewallx: get a Cinema view
[xqc] YoItsSmith: o7
[xqc] luka115_: mhm
[xqc] boy_named_Su: hesRight
[xqc] foxyfurryarts: o7
[xqc] jaydenbboyer: o7 gg
[xqc] atila_xdd: its communication tower for sure
[xqc] solidgreenday: bombaware
[xqc] HILUX621_: o7
[xqc] QUOTE_ME_IF_WHOMPS: o7 watch the nuke
[xqc] karandhillon: o7
[xqc] PetroneXL: LOL
[xqc] Wiltsu: i like communications tower theory
[xqc] tamppond: hold me chat
[xqc] meloveyouwrongtime: kyriellePray
[xqc] 晴天: o7 gg
[xqc] Concani_: o7
[xqc] Surpluss1: IT'S JOEVER
[xqc] hjku04239141: bombaware
[xqc] YuushaXD_: o7
[xqc] HammudeAli: hammud1Haha
[xqc] lofyy10: caught
[xqc] bitcoin_benji: i went to bed when you were 12hrs in now at almost 24 nice homie. guess you took double dose of adderall
[xqc] BecomingSavior: o7
[xqc] giftedlynx: o7
[xqc] tO_Orrent: o7
[xqc] lkursel: o7
[xqc] RebiH5: o7 bombaware ͏
[xqc] ianite258: o7
[xqc] Godsend_gt: o7
[xqc] AverageTwitchUser_LuL: o7
[xqc] ismell_likebeeef: its joever
[xqc] Lewqueez: o7
[xqc] onkeklol: nuked
[xqc] risonae: bombaware
[xqc] Toxcious: Cooked
[xqc] nolimit_aspen: o7
[xqc] Layos005: look outside
[xqc] its_Physikz: nice try o7
[xqc] Smileysoz: 3
[xqc] Luambuu: Cinema
[xqc] HardTlmes: giig
[xqc] OhMyRofl: yeah
[xqc] r0ckystar_: GGD
[xqc] gIxoom: o7
[xqc] WOJTEK_99pct: BOOM
[xqc] hate_lol: its over
[xqc] ElementalKaiser: 1 more run make it 24 hours! @xqc
[xqc] koradoxxx: Cinema
[xqc] Extremegaming234: bombaware
[xqc] SpikePulse: gg o7
[xqc] Lemon_GTH: o7
[xqc] risecolumbia: o7
[xqc] undercover_staff: woahh  nothing
[xqc] ItsZarbon: mhm
[xqc] iZac44Zac: o7
[xqc] kreply69: bombaware 10 seconds
[xqc] 00Bluey: mhm
[xqc] clutchjeans_: MONKA
[xqc] Demo0681: gg chat
[xqc] Bishox: o7

📊 Stats: 2787 messages in 12m30s (3.72 msg/sec)

[xqc] Smileysoz: 2
[xqc] Boy_Tokyo: @xQc YOU NEED A QUEST to do this... there is no point in trying
[xqc] r0ckystar_: GGS
[xqc] giirrburr: FeelsStrongMan it was good while it lasted
[xqc] Blur_XBL: o7
[xqc] alphashreds: gg
[xqc] zangetzu91: o7
[xqc] Lemonaade1: MONKA
[xqc] DummyXOXOXO: ask chat gpt mhm
[xqc] test_tlg: LOL
[xqc] sultanar2: o7
[xqc] ziyuto: o7
[xqc] FeelsWeirdMan____: o7
[xqc] Smileysoz: 1
[xqc] hate_lol: Cinema
[xqc] 24kamikaze: o7
[xqc] Elymara: o7
[xqc] gamingsoup_: THEORIES HAVE BEEN DEBUNKED TODAY EZ
[xqc] lilyzcloudy: bombaware
[xqc] luka115_: gg
[xqc] FiveOhNate: o7
[xqc] theRSgator: you cannot learn, unless you fall
[xqc] vince9796: o7
[xqc] FlentFamicom: o7
[xqc] hemlogg: bombaware
[xqc] HardTlmes: o7 giig
[xqc] alberteinstin: xqcLL I ENJOYED MY STAY xqcLL xqcLL I ENJOYED MY STAY xqcLL xqcLL I ENJOYED MY STAY xqcLL
[xqc] koradoxxx: Cinema not dead
[xqc] patrickstar0670: o7
[xqc] karandhillon: o7 Cya on the other side raider
[xqc] banda1x0: farewell   o7
[xqc] xSLay3rJ: o7
[xqc] shedstain_: o7
[xqc] Lewqueez: o7 the rapture
[xqc] Copenhagen__11: o7 ͏
[xqc] 1Taro2: o7
[xqc] ShingaTV: communication tower sounds good too
[xqc] bear_248: o7
[xqc] risonae: Life
[xqc] SP4DEZZZ: o7
[xqc] DarkAngel2224: o7
[xqc] Lewqueez: o7 the raptureo7 the rapture
[xqc] Itswasiim: o7
[xqc] luka115_: o7
[xqc] judiomeister: no way arc raiders is fun enough to play 20+ hours
[xqc] HammudeAli: hammud1Haha hammud1Haha hammud1Haha
[xqc] giirrburr: o7
[xqc] WOJTEK_99pct: Cinema
[xqc] OdysseaLUL: o7
[xqc] mariogamecrazy: o7
[xqc] BloodMoni: o7
[xqc] Sauce_TC: o7
[xqc] boy_named_Su: o7 valor
[xqc] Lewqueez: o7 the rapture
[xqc] Solamon25: xqcLL
[xqc] WILLBEFINE_4EVER: o7
[xqc] Smileysoz: o7
[xqc] onkeklol: o7
[xqc] exercept: o7
[xqc] SP4DEZZZ: o7 o7 o7
[xqc] ChefBronel: o7 john pork
[xqc] OPproductionzz: HOW ARE THEY ALIVE?
[xqc] S4Okami: o7
[xqc] Gubbis_db000: gg guys <3
[xqc] shmac3: forsen1 forsen2
[xqc] the_chewster3: o7
[xqc] rreaks: no LOL this puzzle is just fucking retarded. it's not gonna be worth all of this
[xqc] YMX_: ask grok
[xqc] PetroneXL: bombaware
[xqc] LeiS8n: o7
[xqc] snowballing3: o7
[xqc] hate_lol: NOOOO
[xqc] officialjbeatz: Maybe raider outpost
[xqc] jigachad_holy: mhm you didnt lose you learned xqc
[xqc] boraginolsuppo: now kiss
[xqc] Lewqueez: o7 the rapture ͏
[xqc] rafeael: juicers actually came together
[xqc] SP4DEZZZ: o7 o7 o7 ͏
[xqc] Nox_Ferox: o7 nice try boys
[xqc] ColdRampager: WHAT
[xqc] RemovedMessage: what
[xqc] Gubbis_db000: xqcLightning
[xqc] iceman_509: extract
[xqc] Stretch27: o7
[xqc] test_tlg: LOL LOL
[xqc] 晴天: o7 o7 o7
[xqc] brandon_424: gg
[xqc] formula7x: o7
[xqc] lofyy10: o7
[xqc] luka115_: 24 HOURS OF PURE Cinema
[xqc] edricsonc: DIED WITH THE DATA Cinema
[xqc] hate_lol: NOOOOvanish
[xqc] boy_named_Su: o7 stolen valor
[xqc] IAmTehGuy: what?
[xqc] taebny: one day someone will get the theory FeelsStrongMan just not my juicer SAJ
[xqc] YuushaXD_: PewPewPew
[xqc] HardTlmes: PewPewPew
[xqc] monopoleyes: why arent they dead yet
[xqc] dR0ckafella: good try X
[xqc] ItsZarbon: o7
[xqc] nickorules_36: you’ll get ‘em next time DBUNKER
[xqc] KEKlnsane: PewPewPew
[xqc] kushhkabob: nice ass w
[xqc] HammudeAli: o7
[xqc] hitssz: noooo
[xqc] SPKer_: o7
[xqc] WigglyJo: EXTRACT
[xqc] Gubbis_db000: xqcLL
[xqc] MasssEye: wait a second
[xqc] Uberchargers: COGGERS
[xqc] ChristmasCelebration: nyanPls
[xqc] Lewqueez: o7 the rapture
[xqc] bigger_bro: my mom is kinda homeless
[xqc] tugu478: CAN U WELCOME ME TO THE JUNGLE
[xqc] bobbywitatool: uhh
[xqc] Wiltsu: @OPproductionzz last elevator was called
[xqc] luka115_: xqcL
[xqc] Shaame_: o7
[xqc] Barulio12: LOL
[xqc] pertcomace1985: we witnessed greatness
[xqc] eames78: YOU HAVE TO SAY IN THE BUNKER ITS A BUNKER FOR A REASON
[xqc] AverageTwitchUser_LuL: bombaware
[xqc] FeelsWeirdMan____: theres an extract open
[xqc] jigachad_holy: FeelsStrongMan
[xqc] taw4shi: Not dead yet ?????
[xqc] vince9796: o7 juicers
[xqc] aidanful1105: its just cut content
[xqc] theecats33: will not go quietly into the night
[xqc] Lewqueez: o7 the rapture ͏
[xqc] youngrome333: DONT END
[xqc] SpikePulse: FeelsStrongMan
[xqc] risecolumbia: ......
[xqc] Rick_Grimes_EZ: o7
[xqc] alphashreds: our fields are full of dead, but not of cowards
[xqc] Upshot_Gaming: Check upstairs after download
[xqc] p3pperino: Sus wtf
[xqc] ekinuu: swtO7
[xqc] HotZin: LO someone has an extraction going LO
[xqc] HammudeAli: o7 o7 o7 o7
[xqc] OhMyRofl: go comms now
[xqc] WigglyJo: HEAD FOR ELEVATOR
[xqc] n0ah__1: o7
[xqc] TheCaptainGooey: o7 ORBITER
[xqc] PetroneXL: omE
[xqc] DrakonEhe: WTF STILL ALIVE?
[xqc] ColdRampager: YOU'RE NOT DEAD
[xqc] saintBOLO: xqcL I ENJOYED MY STAY o7 xqcL I ENJOYED MY STAY o7 xqcL I ENJOYED MY STAY o7 xqcL I ENJOYED MY STAY o7 xqcL I ENJOYED MY STAY o7
[xqc] ChefBronel: o7 john pork ͏
[xqc] Solamon25: PepeLaugh 36hr
[xqc] Rick_Grimes_EZ: Cinema
[xqc] IAmTehGuy: it didnt kill you @xQc
[xqc] edricsonc: DEAD WITH THE DATA CINEMA
[xqc] meloveyouwrongtime: now make them kith
[xqc] sultanar2: 36 hour stream
[xqc] just_a_bad_spawn: the extract must've been called
[xqc] garbinskii: W
[xqc] kenji2d: o7
[xqc] p3pperino: Sus not ending
[xqc] luka115_: xqcL xqcL xqcL
[xqc] eames78: YOU HAVE TO STAY IN THE BUNKER ITS A BUNKER FOR A REASON
[xqc] InomiX: LO
[xqc] BLURWYA: xqcLL I ENJOYED MY STAY xqcLL I ENJOYED MY STAY xqcLL I ENJOYED MY STAY
[xqc] WaterBladeXx: Sleep brother
[xqc] Trufizz: BACK IN 12 LO
[xqc] CincoBinco: stay in bunker when nuke comes in????
[xqc] Concani_: yes aga
[xqc] 소노__: NOT DEAD YET????
[xqc] WaterBladeXx: sleep
[xqc] jenosaidoo: LOL STREAM FOR ANOTHER 12 HOURS
[xqc] jigachad_holy: FeelsStrongMan Clap
[xqc] Jungle_Ben: OOOO staying up another 12 hours
[xqc] onkeklol: :(
[xqc] Row26: FeelsStrongMan
[xqc] lkursel: 48 hours stream PagMan

📊 Stats: 2961 messages in 13m0s (3.80 msg/sec)

[xqc] Moonlight92: FeelsStrongMan o7
[xqc] YMX_: o7
[xqc] trip012: 40 hour stream pagman
[xqc] sultanar2: 36hr stream
[xqc] vince9796: xqcL xqcLL xqcL xqcLL
[xqc] croixk: 36 hour stream
[xqc] ShingaTV: oh SH here we go again :D
[xqc] n0ah__1: o7 I ENJOYED MY STAY o7 I ENJOYED MY STAY o7 I ENJOYED MY STAY o7 I ENJOYED MY STAY o7 I ENJOYED MY STAY
[xqc] Demo0681: gg chat
[xqc] HILUX621_: 36 hour PagMan
[xqc] test_tlg: Pointless ggs
[xqc] Lewqueez: o7 agent 5.5
[xqc] arcafps: bring a zipline next time
[xqc] luka115_: xqcL xqcL xqcL xqcL xqcL xqcL xqcL
[xqc] xHakuBaku: 36 HOUR STREAM
[xqc] HardTlmes: PagMan 36h stream
[xqc] tamppond: go rest at24 hrs
[xqc] jygachad: not ending?
[xqc] xSLay3rJ: o7 gg
[xqc] hibari112: go sleep wake up for next rotation
[xqc] imperialistkarl: go sleep bro dont stay up ur gonna be mega cooked if u stay up for another 12 LOL
[xqc] koradoxxx: do you not die when it hits 0 ?
[xqc] HILUX621_: 36 hour PagMan  ͏
[xqc] vince9796: xqcL xqcL xqcL xqcL
[xqc] rafeael: juicers actually came together ts was beautiful
[xqc] BitcoinIsDumping: not ending
[xqc] luka115_: xqcL xqcL xqcL xqcL
[xqc] KCOT: o7
[xqc] ex17z: o7
[xqc] kleen_pillows: Rare 36
[xqc] Lemonaade1: o7
[xqc] Lanky_TL: 36 HR STREAM PogU
[xqc] gamingsoup_: THEORIES HAVE BEEN REMOVED THATS GOOD xqcL
[xqc] bladeefan91: xqcL xqcL xqcL xqcL xqcL
[xqc] peperthepains: xqcL
[xqc] PetroneXL: xqcL
[xqc] D3tectiveIce_: Go sleep in a bush
[xqc] jigachad_holy: xqcL helpers
[xqc] Krelyks: infinite stream Pog
[xqc] turtlemandagreat: 36 HOUR STREAM POG
[xqc] jeremo947: o7
[xqc] killas09: Trailer park boys is the best Canadian show ever @xqc
[xqc] Chartreux1: FeelsStrongMan
[xqc] 네리사: why not dead?
[xqc] cartman1517: o7
[xqc] woolacheee: xqcL
[xqc] KEKlnsane: PewPewPew ͏
[xqc] jigachad_holy: no
[xqc] wakywaffles: YOU HAVE TO STAY IN THE BUNKER ITS A BUNKER FOR A REASON @XQC YOU HAVE TO STAY IN THE BUNKER ITS A BUNKER FOR A REASON @XQC YOU HAVE TO STAY IN THE BUNKER ITS A BUNKER FOR A REASON @XQC
[xqc] luka115_: xqcL xqcL xqcL xqcL xqcL
[xqc] xSLay3rJ: KPOPlove
[xqc] Brennyy__: 36 hour stream PagMan
[xqc] 404BIRD: uhm did it end ?
[xqc] bigdavebigdave: xqcLL
[xqc] SPKer_: xqcLL xqcLL xqcLL
[xqc] BitcoinIsDumping: not ending Sus
[xqc] hate_lol: o7
[xqc] KCOT: SAJ
[xqc] 소노__: Pog NOT DEAD??????
[xqc] JIGACHAD123: I ENJOYED MY STAY xqcL
[xqc] lookezbr: it might just be comms tower xqc
[xqc] jared_ingels: LuvGift LuvGift LuvGift LuvGift
[xqc] MrMoonie: ggs
[xqc] Stretch27: xqcL xqcL xqcL
[xqc] WILLBEFINE_4EVER: o7
[xqc] i3eamers: Cinema 36 hr stream
[xqc] alberteinstin: xqcLL I ENJOYED MY STAY xqcLL
[xqc] theecats33: <3 JUICERS
[xqc] MMOXXERR: 36 hour stream is crazy
[xqc] giirrburr: FeelsStrongMan xqcL
[xqc] YuushaXD_: xqcL
[xqc] Solamon25: xqcLL
[xqc] theSD3: someone called the exac it’ll go for another minute
[xqc] koradoxxx: how are they alive
[xqc] FiveOhNate: agabye
[xqc] vince9796: xqcLL xqcL xqcLL xqcL xqcLL xqcL
[xqc] RemovedMessage: ho did it not end?
[xqc] patrickstar0670: PepeLaugh
[xqc] jaysun4: xqcL xqcL
[xqc] goblin_7777777: Not dead??
[xqc] Kamzara: xqcL
[xqc] ColdRampager: BROTHER YOU'RE ALIVE HOW TF
[xqc] taw4shi: How are they not dead
[xqc] n3kochyan: go to the bunker to be safe
[xqc] 1Taro2: xqcL
[xqc] officialjbeatz: Raider outpost
[xqc] WinRAR_100: Sus not ending?
[xqc] tehchonka: xqcL juicers
[xqc] spacepioneer_: WW STREAM
[xqc] YMX_: gn big Q
[xqc] TheRealTurtle: o7 the end
[xqc] tamppond: WW juicer
[xqc] Redefu: xqcL
[xqc] jygachad: y not it end?
[xqc] BloodMoni: golly
[xqc] Extremegaming234: xqcL
[xqc] tO_Orrent: Cinema
[xqc] Destltute: PULL A 48 OR NO BALLS
[xqc] Samskio: xqcL
[xqc] nadernation84: GAMBA
[xqc] ekinuu: nooo dont go offline what am i gonna fall alseep too swtCry
[xqc] p3pperino: Sus not dying
[xqc] Trufizz: infinite stream LO
[xqc] luka115_: GO TO 24 HOURS
[xqc] OdysseaLUL: it didnt kill u
[xqc] ahxle: Cinema
[xqc] mariogamecrazy: xqcL
[xqc] 22Myno: xqcL
[xqc] DarkAngel2224: Cinema
[xqc] Raydan1901: NOT ENDING???
[xqc] risecolumbia: why didn't it end
[xqc] xLigar: xqcL
[xqc] JayStarkx: ggs
[xqc] HardTlmes: now kiss them
[xqc] tweakermiles: WW stream
[xqc] OnematoTomato: ???
[xqc] jigachad_holy: PewPewPew
[xqc] QUOTE_ME_IF_WHOMPS: xqcLL
[xqc] Concani_: Aware 24 hours
[xqc] OhMyRofl: go comms now man
[xqc] Copenhagen__11: LO ANOTHER 12 HOURS
[xqc] 22Myno: xqcLL
[xqc] Gubbis_db000: xqcLL ͏
[xqc] wardrusturol1982: mark this day
[xqc] JayStarkx: xqcL
[xqc] TheCaptainGooey: Sus NOT ENDING?
[xqc] 소노__: Pog NOT DEAD ??????????
[xqc] sultanar2: sleep for the weak
[xqc] KEKlnsane: PewPewPew
[xqc] gIxoom: PewPewPew
[xqc] GoBuyMyBeats: xqcL
[xqc] Sebify: xqcL
[xqc] KidViciousTV: xqcLL
[xqc] WaterBladeXx: W STREAM Zack
[xqc] lazyyhermit: sleepless
[xqc] JerOhm_qc: WW
[xqc] vibeswithevan: xqcL
[xqc] ItsZarbon: xqcL
[xqc] valraSan: xqcL SHORT STREAM
[xqc] giirrburr: xqcL xqcLL
[xqc] monzerschreck: communication tower tho
[xqc] xSLay3rJ: KPOPlove fat juicer stream
[xqc] 네리사: not dead Sus
[xqc] Nohboku: xqcL
[xqc] Solar_Pike: xqcL
[xqc] C3RT1F13D: goated stream
[xqc] fredrickdouglass808: xqcL
[xqc] peperthepains: probably not
[xqc] celtics34dan: wait the game isnt over
[xqc] nykpal: xqcLL
[xqc] ziyuto: xqcLL xqcLK xqcL
[xqc] BitcoinIsDumping: go there
[xqc] mariogamecrazy: PewPewPew
[xqc] luka115_: xqcL
[xqc] Gustavoavalim: SCHIZO
[xqc] SSINTAXX: xqcL
[xqc] 27_fps: go check comms real quick?
[xqc] IAmTehGuy: how are you not dead? @xQc
[xqc] risonae: fake nuke?
[xqc] taebny: so when do people die? do they lose health overtime eeeh ?
[xqc] Lewqueez: pew pew pew pew pew pew
[xqc] CastroZY: GAMBA SAJ
[xqc] 소노__: Pog NOT DEAD XQC
[xqc] flowers4clark: xqcL
[xqc] knockoutxxiii: AYOO  cums tower
[xqc] espvd: xqcL great stream
[xqc] Gotfrag_is_life: why its not ending?
[xqc] omegakory: why are they not dead
[xqc] BitcoinIsDumping: the game isn't over
[xqc] HotZin: chat its waiting for the extraction to close
[xqc] Rational_Psycho: xqcLL
[xqc] K0rrupt1on: xqcLL
[xqc] TheCaptainGooey: Sus NOT DEAD?
[xqc] TheRealCypheric: No death?
[xqc] krondon3: pewpewpew
[xqc] ShredderSherlock: Sleep is part of the solution
[xqc] ColdRampager: GO CHECK THE IMPACT SITE
[xqc] aetherGER: xqcL
[xqc] lazyyhermit: xqcL
[xqc] luka115_: xqcL xqcL xqcL xqcL xqcL xqcL
[xqc] loupe__: PewPewPew
[xqc] monopoleyes: short stream
[xqc] levourdalak: KILL
[xqc] Coldblackice: STILL LIVE OMG PogU STILL LIVE OMG PogU STILL LIVE OMG PogU STILL LIVE OMG PogU STILL LIVE OMG PogU
[xqc] KCOT: SCHIZO
[xqc] Necrotized: when is the nuke gonna drop
[xqc] adam7924adam: pew pew pew
[xqc] celtics34dan: u can still walk around
[xqc] OdysseaLUL: look the nuke drop

📊 Stats: 3150 messages in 13m30s (3.89 msg/sec)

[xqc] r0ckystar_: xqcL WW JUICERS
[xqc] risecolumbia: LOL dud arc orbiter
[xqc] ahxle: PewPewPew
[xqc] iZac44Zac: go
[xqc] navvlol: PewPewPew SCHIZO
[xqc] frerrefref: no
[xqc] goblin_7777777: Not dead????
[xqc] test_tlg: mhm
[xqc] godz8k: Great Stream!
[xqc] CastroZY: WW STREAM
[xqc] febzo2: kill that motherfucker
[xqc] r0ckystar_: xqcL WW JUICERS ͏
[xqc] BitcoinIsDumping: UR NOT DEAD GO NOW
[xqc] epitomyy: WAIT HE'S NOT DEAD CHAT
[xqc] USOIL: 36h? XqcL
[xqc] KCOT: SCHIZO PEW PEW PEW
[xqc] ubarioscoodario_: Susge game not over
[xqc] gotworc: go check it hasnt ended
[xqc] jygachad: wait the game is not over
[xqc] Pab10TV: no sleep
[xqc] luka115_: xqcL xqcL xqcL
[xqc] hate_lol: HUH
[xqc] hoopie: PewPewPew
[xqc] banda1x0: xqcLL <3
[xqc] vivisoulja_: bro is not going to sleep wideSpeedLaugh4
[xqc] CastroZY: xqcL
[xqc] levourdalak: KILL  PEW PEW
[xqc] lloydixiv: LO
[xqc] Kazurin: cums tower huh
[xqc] mrharembro: xqcL xqcLL
[xqc] SpikePulse: xqcL
[xqc] 소노__: Pog WTF GAMES NOT ENDING??
[xqc] suprarational: x
[xqc] edricsonc: xqcLL
[xqc] prejaquelin: never made it
[xqc] jygachad: yy??
[xqc] BitcoinIsDumping: GO NOW
[xqc] pajamaknight__: admin abuse
[xqc] killaaaaa_: UR NOT DEAD
[xqc] Pab10TV: 38 hour
[xqc] jeebs31: xqcL
[xqc] lazyyhermit: xqcL xqcL xqcL xqcL xqcL xqcL
[xqc] HardTlmes: xqcL kiss them a lil
[xqc] its_Physikz: maybe north trench in that bunker? @xqc
[xqc] levourdalak: KILL  PEW PEW PLS
[xqc] YetiKing3: WW stream xqcLL xqcLL
[xqc] KryptScript: holy 24 hr stream
[xqc] Copenhagen__11: 12 GAMBA SESSION
[xqc] marauder8799: Pepega
[xqc] aaapok: uhhhhh
[xqc] DamnAndreas: where is time?
[xqc] TheRealCypheric: LIVE FOREVER?????
[xqc] vsRai: you should've died already @xQc
[xqc] taebny: @taebny in game ofc jesus Aware
[xqc] codmermaid: continue the ritual of ending just before 24 LOL
[xqc] test_tlg: LOL
[xqc] gotworc: game didnt end
[xqc] WOJTEK_99pct: SCHIZO PEWPEW GUY
[xqc] KCOT: SCHIZO I STILL HEAR IT
[xqc] iluvleevi: xqcL xqcL
[xqc] taw4shi: The game isnt ending
[xqc] kleen_pillows: weast
[xqc] frerrefref: go to the bunker
[xqc] Gubbis_db000: KILL PEW PEW PEW
[xqc] hate_lol: PewPewPew PewPewPew PewPewPew PewPewPew PewPewPew
[xqc] trip012: not dying?
[xqc] m4nong: i think everyone should retrieve the data
[xqc] Trutha: 1G just sleep on stream ya doofus
[xqc] BloodMoni: bugged lobby or?
[xqc] YuushaXD_: hesRight its gotta be something
[xqc] Pab10TV: 48 hour
[xqc] saintBOLO: wait its not over yet?
[xqc] MADlSTlC: go check now xqc
[xqc] Slayd15: 48 hr stream
[xqc] navvlol: SCHIZO PewPewPew
[xqc] alberteinstin: Doakes game not ending
[xqc] Cloudzsurf: Pepega
[xqc] mahinali: not dead Sus
[xqc] oWoRiKo: WAIT
[xqc] risecolumbia: Susge no death = meant to be in bunker?
[xqc] lazyyhermit: xqcL xqcL xqcL xqcL xqcL xqcL xqcL xqcL
[xqc] godz8k: W Stream xqcL
[xqc] xSLay3rJ: LULW
[xqc] lookezbr: is it not ending
[xqc] poy9157: forsenCD
[xqc] Lemon_GTH: it has to mean something SCHIZO
[xqc] Jungle_Ben: RUN THERE
[xqc] Wiltsu: soon
[xqc] martineksaza1: hi, how is the fedxqcL deliveries today
[xqc] vivisoulja_: PewPewPew
[xqc] ifaceisred: LOL
[xqc] indigomode: Why alive
[xqc] Flyingbacon37: yeah wtf
[xqc] risonae: Doakes strange...
[xqc] frerrefref: BUNKER
[xqc] RipMisaki: xqcL
[xqc] rickIoI: INFINITE TIME OOOO
[xqc] MasssEye: Sus
[xqc] tamppond: go back to the bunker
[xqc] SpikePulse: xqcL xqcLK xqcLL
[xqc] ANY_BRUGGERS: PewPewPew 󠀀
[xqc] hate_lol: PewPewPew PewPewPew PewPewPew
[xqc] Smileysoz: END THE PEW PEW PEW GUY
[xqc] gotworc: yes keep going
[xqc] ColdRampager: YES
[xqc] r0ckystar_: WE GOING TO MOON RN
[xqc] vibeswithevan: ReallyMad pew pew pew guy
[xqc] IAmTehGuy: you are supposed to die at 0 mins @xQc
[xqc] pepitotomato: kill the pew pew pew guy
[xqc] hjku04239141: Doakes
[xqc] 2ee1: what happened to the game
[xqc] FeelsWeirdMan____: extract is open
[xqc] Extremegaming234: Doakes
[xqc] KryptScript: xqcL
[xqc] Layos005: whats wrong with the game
[xqc] Lemon_GTH: it  has to mean something SCHIZO
[xqc] alanred7: check basement xqc
[xqc] YMX_: Sus
[xqc] koradoxxx: GIGACHAD cant die
[xqc] 27_fps: kil the thoery maybe
[xqc] CincoBinco: go to bunker
[xqc] nepsa7: ooo
[xqc] monzerschreck: try it
[xqc] timgoescrazy: pew pew pew
[xqc] tamppond: Sus
[xqc] DrakonEhe: Sus
[xqc] CARD_878: PewPewPew pew pew pew
[xqc] Lightningice9: uuh
[xqc] 2ee1: LOL
[xqc] edricsonc: GOGOGO
[xqc] ohuny: 56 hour Cinema
[xqc] WigglyJo: ECTRACT
[xqc] MADlSTlC: Sus
[xqc] justin20545: Doakes
[xqc] 00Bluey: Sus
[xqc] suprarational: gg WW Stream xqcLL
[xqc] n8oll: ReallyMad  stop
[xqc] jaysenbjorn_: DIE PEW PEW
[xqc] Lemonaade1: Sus
[xqc] r0ckystar_: WTF
[xqc] Destltute: BRO IS NOT A JUICER
[xqc] wakywaffles: YOU HAVE TO STAY IN THE BUNKER ITS A BUNKER FOR A REASON @XQC YOU HAVE TO STAY IN THE BUNKER ITS A BUNKER FOR A REASON @XQC YOU HAVE TO STAY IN THE BUNKER ITS A BUNKER FOR A REASON @XQC  ͏
[xqc] ItsZarbon: Sus
[xqc] tweakermiles: Sus
[xqc] JAphrox: YOU DONT DIE
[xqc] p3pperino: Sus
[xqc] ShredderSherlock: DWONALOAD = GODMODE
[xqc] giirrburr: SUS
[xqc] yxe_zef: xqcLL snipers
[xqc] ByteMeTwice_: Sus
[xqc] Blur_XBL: CHEAT
[xqc] hjku04239141: GO COMMS OOOO
[xqc] msteban: true
[xqc] MADlSTlC: Sus ....
[xqc] improperman: xqcLL
[xqc] 22Myno: xqcLL xqcLK
[xqc] Gotfrag_is_life: KEEP GOING
[xqc] 69qqq_: Sus
[xqc] LeiS8n: Doakes
[xqc] 1Taro2: go there forsenCD
[xqc] saintBOLO: Sus
[xqc] BloodMoni: is this lobby bugged
[xqc] croixk: go to comms
[xqc] Bishox: extract is open
[xqc] Rio25: HOLDD
[xqc] atila_xdd: go
[xqc] Qboneee: GO BACK
[xqc] TheCaptainGooey: Go to comms
[xqc] Knutzi: get to the bunker
[xqc] pillowfiend: Sus
[xqc] boraginolsuppo: DEV WATCHING LOL
[xqc] boy_named_Su: HOLDD
[xqc] zzznosty: Sus
[xqc] SemperVII: Sus
[xqc] T_a_n_i_T: WTF
[xqc] Concani_: Sus not dead
[xqc] alanred7: keep going xqc
[xqc] arcafps: Sus wait
[xqc] fallenangel1117: go check?
[xqc] TheEmplar: GO TO D BUNKER
[xqc] ArthiumG: dude kill that guy
[xqc] OdysseaLUL: look the nuke drop or bunker agian
[xqc] zepley94: GOGOGOGOGOGOGOG
[xqc] adobiphi: pew pew pew
[xqc] Nuhrv: Doakes
[xqc] nepsa7: bunker
[xqc] peperthepains: 1 more minute probably from hatch
[xqc] hjku04239141: GO COMMS OOOO  ͏
[xqc] Jungle_Ben: someone extracting?
[xqc] Elymara: gogogo
[xqc] KCOT: SushiMagic
[xqc] xSLay3rJ: Sus
[xqc] R1Vibez: someone called the lift last second
[xqc] p3pperino: Sus wtf
[xqc] theecats33: yea idk
[xqc] formula7x: GO TO BUNKER
[xqc] Samskio: Sus
[xqc] CalmCaelum: Go look around
[xqc] koradoxxx: monkaS
[xqc] lkursel: BUGGED? LO
[xqc] JAphrox: YOU JUST CANT EXTRACT
[xqc] gluctygaca1972: wtf que crack
[xqc] adobiphi: pew
[xqc] Slayd15: wait wtf
[xqc] hjku04239141: GO COMMS OOOO  '
[xqc] rafeael: PogU 36 hour nonstop till next event
[xqc] Lemon_GTH: it has to mean something SCHIZO
[xqc] vivisoulja_: hmm
[xqc] edricsonc: TRY AND GO
[xqc] Wiltsu: you have like 10 seconds
[xqc] FeelsWeirdMan____: they're stalling it for u idIot
[xqc] logscs: run comms
[xqc] solidgreenday: forsenCD ͏
[xqc] valraSan: HOLDD ͏
[xqc] hibari112: you will despawn soon dw
[xqc] Chartreux1: EZ survived
[xqc] SushiMagic: Cinema ITS NOT OVER
[xqc] WolverineFTW: kill him pls
[xqc] OhMyRofl: go now
[xqc] boy_named_Su: HOLDD wtf
[xqc] Raydan1901: GO TO COMM TOWER
[xqc] tehchonka: DOTA TIME xQcWentOffline
[xqc] ex17z: anyone here in chat w steam "Psilocybin" catAsk
[xqc] 소노__: Pog WTF GAMES NOT ENDING?? Pog WTF GAMES NOT ENDING?? XQC
[xqc] JustGavinBennett: The Bunker Saved You
[xqc] Pyrah04: 24 hour stream Cinema
[xqc] CincoBinco: BUNKER
[xqc] hate_lol: PewPewPew PewPewPew PewPewPew PewPewPew
[xqc] jygachad: yeah
[xqc] incdious: ?
[xqc] pajamaknight__: Sus admins
[xqc] n0ah__1: HOLDD
[xqc] Riiquii: Sus
[xqc] its_Physikz: maybe north trench in that bunker? @xqc
[xqc] T_a_n_i_T: go tower
[xqc] lofyy10: ?
[xqc] adobiphi: pew pew
[xqc] giirrburr: SUS whats happening?
[xqc] TheRealCypheric: IS THAT THE BUNKER
[xqc] Bishox: extract is open .
[xqc] LeiS8n: Sus wtf
[xqc] dark_hero70: go go go
[xqc] Moonlight92: Sus
[xqc] maplekush96: Sus
[xqc] n3kochyan: go to the bunker
[xqc] krkeverywhere: go back to the bunkerrrr
[xqc] rance199x: pewpewpew
[xqc] ArthiumG: kill pewpew guy omfg
[xqc] meggas1k: bunch of pepegs
[xqc] imperialistkarl: OOOO THE THEORY WORKED
[xqc] n0ah__1: HOLDD WTF
[xqc] taebny: OOOO u never die
[xqc] giftedlynx: Sus
[xqc] saintBOLO: when do we die Aware
[xqc] lazyyhermit: xqcL
[xqc] alloy1010: go to com
[xqc] edricsonc: Sus
[xqc] YuushaXD_: someone used the elevator Shrug
[xqc] SV1Jasson: in a few seconds
[xqc] 22Myno: AIKO SPAWNED IN LOL
[xqc] HardTlmes: fuck it just keep looking around
[xqc] MasssEye: GO BUNKER OOOO
[xqc] febzo2: OOOO
[xqc] MADlSTlC: HOLDD WORLD FIRST
[xqc] ShadyLoza: HOLD
[xqc] Remastered_09: Hmm
[xqc] Elymara: go coms
[xqc] KidViciousTV: go comms
[xqc] mourninggstarr_: just keep going
[xqc] prejaquelin: theres no rocket to launch so couldnt be launch tower
[xqc] OdysseaLUL: yes
[xqc] mybubucamel: SCOUT THE TOWER 🗼🗼🗼🗼🗼
[xqc] yuuji4: pew pew pew
[xqc] inferno_yod: FeelsDankMan pew pew pew pew  pew
[xqc] eames78: Aware
[xqc] ayobreadinthehouse: someone extracting
[xqc] Firewallx: someone called the extract so it hangs for a bit
[xqc] jigachad_holy: sisyphus
[xqc] adobiphi: pew pew pew
[xqc] ricky0129: Sus
[xqc] Row26: EZ
[xqc] HotZin: usually the extraction holds the instance until it closes @xQc
[xqc] THRAINage: maybe
[xqc] TheRealTurtle: Sus
[xqc] BitcoinIsDumping: LOL
[xqc] Layos005: D BUNKER

📊 Stats: 3436 messages in 14m0s (4.09 msg/sec)

[xqc] LuDo3539: huh
[xqc] Rio25: DBUNKER
[xqc] Whiytout: is this what death is like..
[xqc] AverageTwitchUser_LuL: Doged PogU
[xqc] Gotfrag_is_life: KEEP GOING KEEP GOING
[xqc] Obmxtiny: when do we die FLASHBACKS
[xqc] rickIoI: CANT DIE CUZ OF EVENT OOOO
[xqc] THRAINage: thats part of it
[xqc] drunk_dracula: xqcLL
[xqc] comonlyy: explore shhhit
[xqc] geekbrando: Aware
[xqc] mrm4c4r0n: SOYSCREAM AIKO
[xqc] boraginolsuppo: LOL DEV WATCHING
[xqc] n0ah__1: HOLDD ITS PART OF IT
[xqc] Jungle_Ben: RUN TO COMMS
[xqc] krkeverywhere: goooo to bunkerrrrr
[xqc] Chartreux1: OOOO  OVERTIME
[xqc] Zeare_: Sus
[xqc] 69qqq_: all data = immortality? Sus
[xqc] 27_fps: COMMS
[xqc] JasayN: Cinema
[xqc] lilyzcloudy: Aware
[xqc] TheRealCypheric: U GUYS DISABLED THE NUKE LOL
[xqc] Cloudzsurf: Sus
[xqc] MADlSTlC: HOLDD WORLD FIRST HOLDD WORLD FIRST HOLDD WORLD FIRST
[xqc] sirdoobee: there is a missing step closse to the computers im thinking
[xqc] Gubbis_db000: GO TO BUNKER
[xqc] risecolumbia: LO
[xqc] Wasab7i: @xQc this map always has 2 mins overtime Alarm @xQc this map always has 2 mins overtime Alarm @xQc this map always has 2 mins overtime Alarm @xQc this map always has 2 mins overtime Alarm
[xqc] 소노__: Pog NEW SECRET
[xqc] Andrrr_x: Dokes
[xqc] bigdavebigdave: Cinema dev intervention
[xqc] Wiltsu: LO
[xqc] zzznosty: Sus hold on
[xqc] friiitzyy: lol
[xqc] taw4shi: OMG NOT DEAD
[xqc] patientrhyme: AIKO
[xqc] kypli4ek: OOOO
[xqc] wock_monster: GO TO COMS
[xqc] Kiyo_pz: :Cinema:
[xqc] LuDo3539: hold on
[xqc] lazyyhermit: xqcL xqcL
[xqc] classiixxx: LOL
[xqc] 1Taro2: LO
[xqc] HardTlmes: LO
[xqc] Lewqueez: omE
[xqc] mariogamecrazy: LOL
[xqc] its_Physikz: OMEGALUL
[xqc] MasssEye: LOL
[xqc] tweakermiles: Jebaited
[xqc] risonae: LO
[xqc] Rio25: oh
[xqc] Br4nnon: Sus  chick hen vc
[xqc] Extremegaming234: LOL
[xqc] FeelsWeirdMan____: lmaostoplayin,
[xqc] killaaaaa_: LOL
[xqc] Gotfrag_is_life: NO
[xqc] 소노__: Pog NEW SECRET Pog NEW SECRET Pog NEW SECRET Pog NEW SECRET Pog NEW SECRET
[xqc] ZestyMcChicken_: LOL
[xqc] Copenhagen__11: LO
[xqc] RemovedMessage: o7
[xqc] Mekatex: LOL
[xqc] unkn0wn_guy_69: LO
[xqc] boy_named_Su: HOLDD WAIT
[xqc] Chartreux1: Jebaited
[xqc] PepegaLag: LOL
[xqc] deez_nuts52: LOL
[xqc] havocwxy: LOL
[xqc] atila_xdd: LO LO LO LO LO
[xqc] 69qqq_: LO
[xqc] wock_monster: LO
[xqc] ShadyLoza: LOL
[xqc] Lewqueez: LOL
[xqc] vivisoulja_: LOL
[xqc] Valdemar0401: LOL
[xqc] tO_Orrent: LO
[xqc] vibeswithevan: LOL
[xqc] saintBOLO: LO
[xqc] celtics34dan: damn lol
[xqc] threbon: LO
[xqc] fishnothing: LO
[xqc] Coldblackice: LOL ͏
[xqc] ykshellss: LO 󠀀
[xqc] iZac44Zac: LOL
[xqc] Takkar76: LO
[xqc] ex17z: LOL
[xqc] JIGACHAD123: LO
[xqc] CrypMatix: LO
[xqc] bak_choi_a: LOL
[xqc] bl1x777: LOL
[xqc] espvd: omE nt
[xqc] ricky0129: LO
[xqc] QUOTE_ME_IF_WHOMPS: LOL
[xqc] blickyglizz: it’s a miracle
[xqc] potonthestove: LOL
[xqc] vsRai: LULW
[xqc] formula7x: LO
[xqc] CincoBinco: LMAO
[xqc] feederle: LOL
[xqc] Fudge_RS: LOOOL
[xqc] liladonn: OUCH
[xqc] KidViciousTV: LOL
[xqc] lookezbr: LOL
[xqc] Bishox: LOL
[xqc] WinRAR_100: LOL
[xqc] giirrburr: LOL
[xqc] LoStupidoBannato: LO
[xqc] 1Taro2: LOL
[xqc] Trufizz: LO
[xqc] arcafps: LO
[xqc] banda1x0: Aware
[xqc] patientrhyme: AIKO ALERT
[xqc] alberteinstin: THE BUNKER HAS TO BE DONE AFTER HOLDD
[xqc] bigdavebigdave: LOL TIMING
[xqc] anem1aaa: LOL
[xqc] solomthedon: GO CHECK BRO
[xqc] lloydixiv: LO ͏
[xqc] peperthepains: LO
[xqc] TW0SKI: LOL
[xqc] Blixxy: LLOLL
[xqc] Row26: LOL TIMING
[xqc] justin20545: LOL
[xqc] S4Okami: LOL
[xqc] LeiS8n: LOL LOL LOL
[xqc] Whiytout: LOL
[xqc] HILUX621_: LO ͏
[xqc] maplekush96: Lol
[xqc] SoapyS_: LO
[xqc] valraSan: LO`
[xqc] Mr_Bloo: LMFAOOOO
[xqc] TheRealCypheric: LOL
[xqc] risecolumbia: Jebaited
[xqc] badmanh12: LOL
[xqc] steaknshakee: your supposed to be dead rn
[xqc] Remastered_09: LOL
[xqc] i3eamers: LOL
[xqc] its_Physikz: LOL
[xqc] Kill5witch_: LOL
[xqc] iOtakuPride: LOL
[xqc] MintBrando: timing
[xqc] cybernatic29: LOL
[xqc] K0rrupt1on: LO
[xqc] Itswasiim: LOL
[xqc] tehchonka: LO
[xqc] Elymara: LOL
[xqc] nef414: LOL
[xqc] k0rupt_val: LO
[xqc] LowkChopped: LO
[xqc] Lonely_T_Rex: LOL
[xqc] TheCaptainGooey: Jebaited
[xqc] bear_248: LOL
[xqc] Lightningice9: OMEGALUL
[xqc] Scropionxking: LO
[xqc] Trufizz: delayed LOL
[xqc] ligsish: LO
[xqc] pepitotomato: THE DEBUNKER
[xqc] luka115_: LO
[xqc] stunt_pilot: LO
[xqc] vsRai: LOL
[xqc] Lemonaade1: Jebaited good one dev
[xqc] Hulilupteri: LOL
[xqc] Kazurin: LOL
[xqc] kreply69: PagMan ALIVE
[xqc] navvlol: LOL
[xqc] lonlycowboy1: LOL
[xqc] FeelsWeirdMan____: OMEGALUL ͏
[xqc] Crunexos: LOL
[xqc] rocksteady245: buh2 buh buh2 buh buh2 buh buh2 buh2 buh2 buh2
[xqc] j_does_: LO
[xqc] HardTlmes: LO THAI MING
[xqc] issajesuss: LOL
[xqc] veilwalk: OMEGALUL Clap
[xqc] DemetriusB: LOL
[xqc] ANY_BRUGGERS: Cinema
[xqc] Layos005: Jebaited
[xqc] androiddrake0: wow
[xqc] alanred7: LOL
[xqc] WinRAR_100: LOL Timing
[xqc] Trixztor: lol
[xqc] WidiFire: LO
[xqc] QUOTE_ME_IF_WHOMPS: THAI MING LOL
[xqc] Whiytout: THAI MING LO
[xqc] adobiphi: pew pew pew pew
[xqc] R7_Helix: LOL
[xqc] xHakuBaku: LOL
[xqc] ianite258: LOL
[xqc] SalonenGG: DEV
[xqc] fcbtomtom7: PewPewPew
[xqc] xJayayewhy: LO
[xqc] Copenhagen__11: THE TIMING LO
[xqc] iibackpackk: LOL
[xqc] Gotfrag_is_life: Jebaited
[xqc] yanagi1272: LOL
[xqc] ItsZarbon: LOL
[xqc] Dantijo: LOL ͏
[xqc] ll_mook_ll: they knew
[xqc] Falkkung: LOL
[xqc] incdious: ahah
[xqc] risonae: that was Cinema
[xqc] sadx_cs: 24 Hours that os crazy
[xqc] QuickParsa101: LOL
[xqc] techniqu963: LOL DEVS TROLLING
[xqc] taebny: Classic LMFAOO
[xqc] 2ee1: GOOD DEV
[xqc] layzid: LO
[xqc] j9hj6h: LOL
[xqc] eloisekramer: Dev trolls
[xqc] luka115_: xqcL xqcL xqcL xqcL xqcL xqcL xqcL
[xqc] KidViciousTV: THAT'S WHAT HAPPENS????
[xqc] Nohboku: Timing ladydimaLOL
[xqc] BloodMoni: THAI MING ͏
[xqc] LittleBrainDead: scripted
[xqc] taw4shi: LO
[xqc] Scropionxking: LO 󠀀
[xqc] vivisoulja_: LOL HOLY
[xqc] xSLay3rJ: omE
[xqc] navvlol: LO
[xqc] shinichi9do: :tf:
[xqc] n0ah__1: LOL PRANKED
[xqc] HardTlmes: LO  THAI MING
[xqc] liladonn: timing
[xqc] bigdavebigdave: LOL  TIMING LOL TIMING LOL TIMING
[xqc] JustGavinBennett: Tripped
[xqc] kyriebernstein: lol
[xqc] Sebify: LOL
[xqc] fredrickdouglass808: LO TIMING
[xqc] TheCaptainGooey: GOOD ONE DEVS LO
[xqc] banda1x0: LO
[xqc] ChefBronel: NAHH got u
[xqc] LeiS8n: LOL
[xqc] hxbxn_1337: OMEGALUL  THAI MING
[xqc] NNBVALIJ: LOL
[xqc] poy9157: Gg
[xqc] HL_KenChi: LOL
[xqc] brandon_424: LUL LUL
[xqc] vibeswithevan: xqcL
[xqc] arackbama: LOL
[xqc] formula7x: LO THAI TIMING
[xqc] hopcful: LOL
[xqc] FransiscoDingo: THAI MING
[xqc] MADlSTlC: :tf: DEVS
[xqc] jigachad_holy: Cinema end of movie
[xqc] Coldblackice: LMFAOOOOOOOOOO LOL
[xqc] laronehurlock: D Bunker
[xqc] JTXCIX: lmao
[xqc] TheRealCypheric: GOOD ONE DEV LOL
[xqc] leonardo_yeet420: LOL
[xqc] adobiphi: LO
[xqc] OhMyRofl: om
[xqc] omegakory: THAI MING LOL
[xqc] undercover_staff: LUL
[xqc] SpikePulse: Pointless
[xqc] ShingaTV: ^^
[xqc] SPKer_: LO
[xqc] lofyy10: o7
[xqc] WaterBladeXx: closed for the dbunkr
[xqc] guesteller: Tomfoolery devs
[xqc] drajon3: LO
[xqc] LEGITvPANDA: Cinema
[xqc] Lewqueez: xQxi THAI MING
[xqc] YMX_: o7
[xqc] test_tlg: Pointless
[xqc] solidgreenday: GAMBA
[xqc] HardTlmes: xqcL
[xqc] Luambuu: LOL PRAKED :tf:
[xqc] DamnAndreas: but that was sus though
[xqc] mekk_____: GOOD ONE DEVS LO
[xqc] binchiomi: !#showemote xqcL
[xqc] Wiltsu: nice try
[xqc] KaatSumiii: LMAO
[xqc] espvd: xqcL great stream
[xqc] Slayd15: LO 10/10 SCRIPT
[xqc] tamppond: ming tai
[xqc] vince9796: xqcL xqcLL xqcL xqcLL get some rest
[xqc] brandon_424: Classic
[xqc] birdoe: gg
[xqc] Kazurin: xqcL
[xqc] xSLay3rJ: omE TIMING
[xqc] Whiytout: GAMBA @xQc
[xqc] BLURWYA: xqcLL I ENJOYED MY STAY xqcLL I ENJOYED MY STAY xqcLL I ENJOYED MY STAY xqcLL I ENJOYED MY STAY
[xqc] FiveOhNate: agabye
[xqc] seallucky: NOOOO
[xqc] hwmotorola: THAI MING
[xqc] Fossabot: xqcL TheGreatJebait is staying in the jungle with a Tier 2! xqcL Thanks so much for re-subbing xqcL And continuing to support the stream! xqcL
[xqc] ex17z: someone had extract open
[xqc] auuuuughhhhh: GAMBA POWER MINUTE
[xqc] HardTlmes: xqcL ͏
[xqc] edricsonc: GOOD ONE DEV LOL
[xqc] KrMaCoW: 14 more minutes xqc
[xqc] TheRealTurtle: Classic timing
[xqc] sadx_cs: how are u live for 24H
[xqc] sultanar2: 12minutes
[xqc] pillowfiend: WW
[xqc] ll_mook_ll: DEVS SCRIPTED
[xqc] zzznosty: GGs cuh
[xqc] tweakermiles: WW stream
[xqc] LekserArt: yeee
[xqc] boy_named_Su: LOL 4 the dbunker
[xqc] sleeper_sammuel: Sadge
[xqc] lyingrn: gn
[xqc] Slayd15: LO 10/10 SCRIPT DEVS
[xqc] YuushaXD_: xqcL get some rest jooser
[xqc] Lemon_GTH: THAI  MING LO
[xqc] ohuny: finish the 24 hours
[xqc] YMX_: o7 baj baj
[xqc] Concani_: okak
[xqc] spearman874: xqcL
[xqc] WattiesSauce: xqcLL
[xqc] WinRAR_100: Cinema good stream
[xqc] NOT5KYYY: LOL
[xqc] navvlol: NOOOO
[xqc] supafrankie99: LOL
[xqc] swift_ant: noooooooooooo
[xqc] 1Taro2: xqcL great stream
[xqc] Whiytout: GAMBA ?
[xqc] timgoescrazy: xqcL
[xqc] CriTime: 14 MORE MINUTES HOLDD
[xqc] deez_nuts52: xqcL
[xqc] SSINTAXX: xqcL WW
[xqc] tweakermiles: WW stream  ͏
[xqc] KinkyCupkake: hahahahaha
[xqc] nadernation84: GAMBA
[xqc] dame51_: WW
[xqc] WaterBladeXx: Great stream
[xqc] Zeblinz: 24 hour holy
[xqc] artificia1love: 14 minutes cuh
[xqc] elite__dog: LO
[xqc] WOJTEK_99pct: xqcLL
[xqc] LEZOMY: !#showemote Jebaited
[xqc] 22Myno: aiko been waiting for you
[xqc] PetroneXL: WW
[xqc] burier31: SpeedLaugh AIKO
[xqc] shoutsatgoats: Cinema WW STREAM
[xqc] Solamon25: xqcLL
[xqc] niyari7: 14 MINUTES BRO
[xqc] bobertay: 24 hour NOOOO 24 hour NOOOO 24 hour NOOOO 24 hour NOOOO 24 hour NOOOO 24 hour NOOOO
[xqc] its_bortex: pls gamba
[xqc] hjku04239141: WW
[xqc] Takkar76: xqcLL
[xqc] feederle: part timer Classic
[xqc] SKY_x_x_x: ggs brotherman
[xqc] Allisonnn: ONE MORE LOL
[xqc] rafeael: 24hr wtffff
[xqc] lookezbr: wait what if you have to stay overtime inside the bunker xqc
[xqc] Whiytout: GAMBA
[xqc] theecats33: BYE xqcL
[xqc] noir_resolute: LO
[xqc] SoapyS_: xqcL
[xqc] Bishox: 14 minutes
[xqc] frerrefref: fun day
[xqc] tugu478: I LOVE U
[xqc] MVestia: maybe u need to go back to the antenas?
[xqc] guesteller: 15 MINUTES UNTIL 24 HOURS, DONT END YET @xQc
[xqc] Enbows: xqcL
[xqc] limbo_ez: SAJ pls nooo
[xqc] jeremo947: 14 more minutes
[xqc] ye__ji: xqcL
[xqc] ekinuu: hyoonCry
[xqc] Samskio: xqcL
[xqc] WaterBladeXx: W STREAM
[xqc] fintifou: NOOOO 14min
[xqc] cybernatic29: xqcL xqcL xqcL xqcL
[xqc] rysrestoz: Gnx hn chat
[xqc] iluvleevi: GOOD NIGHT PART TIMER
[xqc] yanagi1272: 24hr stream xqcL
[xqc] lonlycowboy1: xqcL ͏
[xqc] QUOTE_ME_IF_WHOMPS: 15 more mins
[xqc] bigdavebigdave: NOOOO 24 hr stream
[xqc] webiyu: WW STREAM
[xqc] bladeefan91: xqcL xqcL xqcL goodnight
[xqc] sherlockmain1: !uptime
[xqc] mariogamecrazy: Cinema 24hr stream
[xqc] Fossabot: @sherlockmain1 xQc has been live for 23 hours and 46 minutes
[xqc] xSLay3rJ: KPOPlove
[xqc] Cloudzsurf: xqcLL
[xqc] TW0SKI: WW 24 HOUR
[xqc] Sebify: WW

📊 Stats: 3813 messages in 14m30s (4.38 msg/sec)

[xqc] HardTlmes: xqcL  gn brother MaN
[xqc] formula7x: LO THAI MING
[xqc] xLigar: xqcL I ENJOYED xqcL I ENJOYED xqcL I ENJOYED xqcL I ENJOYED xqcL I ENJOYED xqcL I ENJOYED
[xqc] Kamzara: xqcL
[xqc] HammudeAli: hammud1LOVE hammud1LOVE hammud1LOVE hammud1LOVE
[xqc] sadx_cs: xqcL xqcL xqcL
[xqc] its_bortex: some gambaaaaa
[xqc] l3AHU: banger  stream <3 xqc
[xqc] karlmares: xqcLL xqcLL xqcLL xqcLL xqcLL xqcLL xqcLL xqcLL
[xqc] burier31: SpeedLaugh AIKO SpeedLaugh AIKO SpeedLaugh AIKO
[xqc] KrMaCoW: 14 MINUTES HOLDD
[xqc] Extremegaming234: xqcL
[xqc] knockoutxxiii: WW RARE 24 HR STREAM xqcLL WW RARE 24 HR STREAM xqcLL WW RARE 24 HR STREAM xqcLL WW RARE 24 HR STREAM xqcLL WW RARE 24 HR STREAM xqcLL WW RARE 24 HR STREAM xqcLL
[xqc] Zeblinz: 13 more minutes
[xqc] bear_248: xqcLL
[xqc] letto010: Almost 24 xqcCheer xqcCheer
[xqc] differentplay3r: 15 MORE MINS
[xqc] peperthepains: gn buh wavE
[xqc] TheSugaShow420: xqcL xqcL
[xqc] 12487: xqcL
[xqc] vibeswithevan: 15 more minutes mhm
[xqc] seyzd: zzzzzzzdub stream
[xqc] graysocean: xqcL W STREAM
[xqc] 4piecedinner: 14 more mins
[xqc] kreply69: PLEASE stay live for 14 minutes
[xqc] seallucky: 12 hours power hour?
[xqc] TheCaptainGooey: 25 minutes
[xqc] edricsonc: WW
[xqc] dohxo: W
[xqc] kleen_pillows: LOL not even 24
[xqc] ItsZarbon: xqcL
[xqc] Eatabox: xqcLL
[xqc] EEZEEJ: xqcL xqcL xqcL xqcL xqcL xqcL xqcL
[xqc] Stendon: WW 24 hour
[xqc] itspummel_: WW Stream
[xqc] BoltActionMike: Nyo PoroSad
[xqc] knockoutxxiii: WW RARE 24 HR STREAM xqcLL WW RARE 24 HR STREAM xqcLL WW RARE 24 HR STREAM xqcLL WW RARE 24 HR STREAM xqcLL WW RARE 24 HR STREAM xqcLL
[xqc] sadx_cs: xqcL
[xqc] SpikePulse: xqcL W STREAM
[xqc] primeu_: xqcL xqcL xqcL
[xqc] HardTlmes: xqcL gn brother MaN
[xqc] arcafps: xqcLL
[xqc] HammudeAli: hammud1LOVE hammud1LOVE
[xqc] Whiytout: GAMBA maybe
[xqc] leonardo_yeet420: WW STREAM
[xqc] ReaperOfVerdansk: what a stream @xqc
[xqc] l3AHU: xqcLK xqc
[xqc] layzid: xqcLL
[xqc] CriTime: 13 MORE MINUTES HOLDD 13 MORE MINUTES HOLDD 13 MORE MINUTES HOLDD 13 MORE MINUTES HOLDD 13 MORE MINUTES HOLDD 13 MORE MINUTES HOLDD
[xqc] SinTheLegend: WW STREAM
[xqc] FeelsWeirdMan____: they  already did
[xqc] feederle: part  timer Classic
[xqc] Shwayla17: w stream baby - u did great
[xqc] turtlemandagreat: 13 minutes bro
[xqc] espvd: xqcL
[xqc] Pab10TV: noo
[xqc] iamarealpleb: xqcL
[xqc] pattycake_jake: did they do it? I had to poop
[xqc] Bishox: @xQc 14 minutes for 24 hours
[xqc] tugu478: xqcL
[xqc] FlentFamicom: WW xqc
[xqc] undercover_staff: woahh  nothing
[xqc] unknownwrldddddd: Only 24hrs?
[xqc] SSINTAXX: 24 HRS 15MIN
[xqc] Itswasiim: WW STREAM
[xqc] always_be_happy1626272737: W strean
[xqc] YetiKing3: WW STREAM
[xqc] Coldblackice: 24 HOUR GRINDER GIGACHAD LIKE OLD TIMES FeelsStrongMan 24 HOUR GRINDER GIGACHAD LIKE OLD TIMES FeelsStrongMan 24 HOUR GRINDER GIGACHAD LIKE OLD TIMES FeelsStrongMan xqc
[xqc] lonzo_s2: xqcLL xqcLL xqcLL xqcLL xqcLL
[xqc] tendermeaat: xqcL xqcL xqcL
[xqc] the_best23335: Goodnight
[xqc] Euphoria34_: xqcLL
[xqc] Wiltsu: you contributed to it xqcLL
[xqc] Nox_Ferox: good shit bro <3 take care
[xqc] Rational_Psycho: Pointless right when I got back
[xqc] BloodMoni: WW
[xqc] WOJTEK_99pct: WW
[xqc] SnowmanIQ: xqcL
[xqc] GRIMMYAINTREAL: WW RARE 24 HR STREAM xqcLL WW RARE 24 HR STREAM xqcLL WW RARE 24 HR STREAM xqcLL WW RARE 24 HR STREAM xqcLL WW RARE 24 HR STREAM xqcLL WW RARE 24 HR STREAM xqcLL
[xqc] Ajboy23: 24
[xqc] jason_baguna: W STREAM
[xqc] xSLay3rJ: Cinema 24hr
[xqc] mariogamecrazy: WW stream
[xqc] nykpal: xqcLL xqcLL xqcLL
[xqc] HammudeAli: hammud1LOVE hammud1LOVE hammud1LOVE hammud1LOVE hammud1LOVE hammud1LOVE hammud1LOVE hammud1LOVE
[xqc] godz8k: 15min till 24hr!!!
[xqc] GakinoTsukaiyaArahende: GAMBA LETS GO
[xqc] HsYAMI: xqcLL xqcLL xqcLL
[xqc] karlmares: W STREAM xqcLL
[xqc] hwmotorola: xqcL
[xqc] 27_fps: apparently comms isnt right
[xqc] severe_swampazz: already?!?! @xQc
[xqc] r0ckystar_: xqcL GOOD FUCKING STREAM xqcL xqcL GOOD FUCKING STREAM xqcL xqcL GOOD FUCKING STREAM xqcL xqcL GOOD FUCKING STREAM xqcL  ͏
[xqc] kypli4ek: xqcLL xqcLL xqcLL xqcLL xqcLL
[xqc] FlentFamicom: WW xqc ͏
[xqc] iluvleevi: xqcL xqcL xqcL
[xqc] LxgndR: lil staller to complete the 24 hour quest? LOL
[xqc] arackbama: xqcL
[xqc] frerrefref: react for 15 mins
[xqc] darkSOULweaver: xqcLL
[xqc] Pab10TV: part timer
[xqc] lonlycowboy1: WW Stream
[xqc] Andrrr_x: xqcL
[xqc] TheCaptainGooey: 13 minutes staller
[xqc] Xcruze7: 13 .ore minutes
[xqc] sk1nnypimp: 14 MORE MINUTES FOR 24 14 MORE MINUTES FOR 24
[xqc] mfingchad: 14 MORE MINTUE
[xqc] l3AHU: xqcLK great stream xqc
[xqc] TheRealCypheric: 13 more minutes lil bro
[xqc] Slayd15: WW STREAMER
[xqc] bigdavebigdave: HOLDD 13 minutes
[xqc] graysocean: xqcL WW STREAM
[xqc] imperialistkarl: mhm
[xqc] Bishox: @xQc 14 minutes for 24 hours, hold on brother
[xqc] oh_cho: bro 14 minutes
[xqc] Doodleoodle321: DEVS ARE TROLLING YOU THERES NO POINT
[xqc] indrauar_: xqcLL
[xqc] LiCH_x_: xqcLL
[xqc] 90402: xqcLL xqcL xqcLL
[xqc] Trancetastic: xqcL
[xqc] Moonlight92: WW Stream
[xqc] doebidap: 13 more minutes
[xqc] ohuny: 13min @xQc
[xqc] SpaceOnyxx: ggs restwell king xqcLL
[xqc] VorteXNoNo: WW STREAM MR COW
[xqc] Evil_Juicer: WW 24 HOUR STREAM
[xqc] YetiKing3: xqcLL xqcLL xqcLL
[xqc] Ajboy23: 24242424
[xqc] sadx_cs: xqcL xqcL
[xqc] Stendon: WW 24 hour good work bro
[xqc] mariogamecrazy: WW stream xqcL
[xqc] Ewig01: xqcLL
[xqc] WidiFire: 13min
[xqc] SPKer_: xqcLL good strim
[xqc] starluck_: WW
[xqc] TheRealCypheric: 13 more minutes lil bro ͏
[xqc] vince9796: xqcL W stream holy
[xqc] xTVar: WW 24 HR STREAM
[xqc] Bishox: @xQc 14 minutes for 24 hours, hold on brother Cinema
[xqc] the_chewster3: WW STREAM 24 HOURS
[xqc] mekk_____: 13 MORE MINUTES??
[xqc] peperthepains: mhm
[xqc] boyinafishbowl: WW streaam
[xqc] 404BIRD: xqcL
[xqc] always_be_happy1626272737: xqcLL xqcLL xqcLL xqcLL xqcLL xqcLL xqcLL
[xqc] GRIMMYAINTREAL: xqcLL xqcLL xqcLL xqcLL xqcLL
[xqc] Benitocs2: mhm
[xqc] bigdavebigdave: HOLDD 13 minutes HOLDD 13 minutes HOLDD 13 minutes
[xqc] pkee123: 🐐🐐🐐🐐🐐🐐🐐🐐🐐🐐🐐🐐🐐🐐🐐
[xqc] tugu478: xqcL2
[xqc] CriTime: 13 MORE MINUTES HOLDD 13 MORE MINUTES HOLDD 13 MORE MINUTES HOLDD 13 MORE MINUTES HOLDD 13 MORE MINUTES HOLDD 13 MORE MINUTES HOLDD ͏
[xqc] Rational_Psycho: WW
[xqc] luka115_: 15 MINUTES @xqc
[xqc] Kamzara: mhm
[xqc] iam_dog: PLEASE 24 HOUR
[xqc] MMOXXERR: mhm
[xqc] sleeper_sammuel: aga sleep good buh b
[xqc] braaaydee: W STREAM
[xqc] jeremo947: 14 MORE
[xqc] saguruu_: WW short Stream
[xqc] riliani: Wait for 24 HOLDD
[xqc] HardTlmes: Hmm
[xqc] kypli4ek: xqcLL xqcLL xqcLL xqcLL xqcLL xqcLL xqcLL xqcLL
[xqc] swift_ant: 13 min more bro
[xqc] its_bortex: power minute to make a 24 hour stream
[xqc] jason_baguna: mhm
[xqc] xSLay3rJ: KPOPlove KPOPlove
[xqc] l3AHU: xqcLK great stream xqcLK get some rest xqc
[xqc] letto010: xqcL xqcLL xqcL xqcLL
[xqc] Abo_Zam_Zam: xqcL
[xqc] xTVar: xqcL
[xqc] ricky0129: 13 more mins HOLDD
[xqc] Slayd15: WW MY STREAMER
[xqc] fcbtomtom7: wait this a 24 hour banger?
[xqc] starluck_: WW STREAM
[xqc] ubarioscoodario_: i feel like thered be a prompt somewhere thats greyed out unless u have all datas
[xqc] Lewqueez: mhm
[xqc] Crypher_: streets are saying 13 more minutes
[xqc] Kefflings: xqcL 24 hour stream
[xqc] ItsZarbon: WW Stream
[xqc] tugu478: xqcL
[xqc] 12487: xqcLK
[xqc] JIGACHAD123: REMINDS ME OF RP
[xqc] onk206: xqcL juiced stream bro
[xqc] CastroZY: xqcL
[xqc] luka115_: 15 MORE MINUTES
[xqc] Figgy316: xqcL
[xqc] AverageTwitchUser_LuL: 13mins before 24 hour notCinema
[xqc] AdelJoined: ask chat gbt ask chat gbt ask chat gbt ask chat gbt ask chat gbt
[xqc] mon_gasan: Delusional
[xqc] suprarational: hold 13 mins
[xqc] ex17z: yea
[xqc] WattiesSauce: 19 mins to worlds ALERT
[xqc] TheRealCypheric: 13 MORE MINUTES HOLDD 13 MORE MINUTES HOLDD 13 MORE MINUTES HOLDD 13 MORE MINUTES HOLDD 13 MORE MINUTES HOLDD 13 MORE MINUTES HOLDD ͏
[xqc] u2ig: my juicer WW stream xqcL enjoy your rejuicer
[xqc] Extremegaming234: wideSpeedNod
[xqc] timgoescrazy: 13 more minutes HOLDD
[xqc] 12487: xqcL
[xqc] onkeklol: 24 HR STREAM W
[xqc] CastroZY: xqcL xqcL xqcL
[xqc] Xcruze7: 13 mins bro
[xqc] Layos005: sez u
[xqc] KryptScript: @xQc 13 min more PLEASE
[xqc] poy9157: 13 minutes
[xqc] melm_2: xqcL
[xqc] Ajboy23: 24HR24HR24HR24
[xqc] DBDozerr: xqcL
[xqc] NotKiki63: WW Stream, thank you cuh
[xqc] Coldblackice: xqc 24HR GRINDER GIGACHAD LIKE OLD TIMES FeelsStrongMan 24HR GRINDER GIGACHAD LIKE OLD TIMES FeelsStrongMan 24HR GRINDER GIGACHAD LIKE OLD TIMES FeelsStrongMan 24HR GRINDER GIGACHAD LIKE OLD TIMES FeelsStrongMan
[xqc] hwmotorola: WW STREAM
[xqc] Rick_Grimes_EZ: o7 Gg
[xqc] PetroneXL: MMMM
[xqc] Kefflings: xqcLL 24 hour stream
[xqc] Destltute: THE PHEONIX RISES ON 50 MG WW
[xqc] jerek___: !watchtime
[xqc] maplet0ast: 13min
[xqc] boyinafishbowl: xqcL
[xqc] SchnozeBot: jerek___ has spent 1 month and 23 days in online chat.
[xqc] elyasbtw: I ENJOYED MY STAY xqcLK I ENJOYED MY STAY xqcLK I ENJOYED MY STAY xqcLK I ENJOYED MY STAY xqcLK I ENJOYED MY STAY xqcLK
[xqc] b1gbreesh: POWRR HOURR
[xqc] vince9796: WW stream xqcL xqcL xqcL
[xqc] Extremegaming234: wideSpeedNod right
[xqc] 12487: xqcLK
[xqc] SnproX: xqcLL WW stream
[xqc] darko_143: short stream tonight?
[xqc] godz8k: 13 more mins
[xqc] kIark_: Old xqc would have done a 48hr stream
[xqc] Smileysoz: NOT EVEN 24 HOURS
[xqc] Lewqueez: PepoG
[xqc] z2as: 10 more mins for 24
[xqc] gohnuihghokn: WW
[xqc] highvoltagehd_: good ass stream today, good grind
[xqc] bienbaiser: xqcLL
[xqc] jigachad_holy: 13 minutes HOLDD
[xqc] l3AHU: mhm
[xqc] luka115_: 13 MORE MINUTES HOLDD 13 MORE MINUTES HOLDD 13 MORE MINUTES HOLDD 13 MORE MINUTES HOLDD 13 MORE MINUTES HOLDD 13 MORE MINUTES HOLDD ͏
[xqc] edricsonc: WW WW
[xqc] r0ckystar_: mhm
[xqc] Frink108: Stream for 13 more minutes @xQc
[xqc] TheRealCypheric: 13 MORE MINUTES HOLDD 13 MORE MINUTES HOLDD 13 MORE MINUTES HOLDD 13 MORE MINUTES HOLDD 13 MORE MINUTES HOLDD 13 MORE MINUTES HOLDD  ͏
[xqc] vibeswithevan: mhm
[xqc] Shwayla17: W STREAM ApplauseBreak
[xqc] KrMaCoW: HOLD 13 MINUTES XQC HOLDD
[xqc] ekinuu: bye bye xqc hyoonLove hyoonFlower swtRose
[xqc] braaaydee: W 24 W STREAM
[xqc] rahulexe: 13 more minutes @xQc
[xqc] xSLay3rJ: KPOPlove KPOPlove w stream busta
[xqc] HammudeAli: I ENJOYED MY STAY hammud1LOVE I ENJOYED MY STAY hammud1LOVE I ENJOYED MY STAY hammud1LOVE I ENJOYED MY STAY hammud1LOVE
[xqc] FiveOhNate: 13 MINUTES UNTIL 24 HOUR STREAM PogU
[xqc] fredrickdouglass808: WW STREAM BACK TO HIS PRIME
[xqc] knockoutxxiii: HIT THE 24 HR MARK HOLDD
[xqc] r0ckystar_: mhm ͏
[xqc] 22Myno: I enjoyed my stay xqcLL
[xqc] Stretch27: CoolStoryBob
[xqc] papiaqua3: 24hr ta7 ta7 ta7 ta7
[xqc] CriTime: 13 MORE MINUTES HOLDD 13 MORE MINUTES HOLDD 13 MORE MINUTES HOLDD 13 MORE MINUTES HOLDD 13 MORE MINUTES HOLDD 13 MORE MINUTES HOLDD
[xqc] vivisoulja_: hit the 24 mark PLEASE
[xqc] raysanger: ??????????
[xqc] differentplay3r: 13 MINS LEFT
[xqc] the_chewster3: 13 MORE MINUTES HOLDD 13 MORE MINUTES HOLDD 13 MORE MINUTES HOLDD 13 MORE MINUTES HOLDD 13 MORE MINUTES HOLDD 13 MORE MINUTES HOLDD
[xqc] gohnuihghokn: WW WW
[xqc] Destltute: THE PHEONIX RISES ON 50 MG WW THE PHEONIX RISES ON 50 MG WW THE PHEONIX RISES ON 50 MG WW THE PHEONIX RISES ON 50 MG WW
[xqc] Ajboy23: 24hr24hr24hr24hr

📊 Stats: 4076 messages in 15m0s (4.53 msg/sec)

[xqc] 12487: xqcLL
[xqc] fredrickdouglass808: WW STREAM
[xqc] TheRealCypheric: 13 MORE MINUTES HOLDD 13 MORE MINUTES HOLDD 13 MORE MINUTES HOLDD 13 MORE MINUTES HOLDD 13 MORE MINUTES HOLDD 13 MORE MINUTES HOLDD ͏
[xqc] HAYDEN__________: I enjoyed my stay xqcL
[xqc] godz8k: not 24hrs
[xqc] rickyspudd: RARE 24 HOUR WW RARE 24 HOUR WW RARE 24 HOUR WW RARE 24 HOUR WW RARE 24 HOUR WW RARE 24 HOUR WW RARE 24 HOUR WW
[xqc] AverageTwitchUser_LuL: 13mins before 24 hour notCinema  ͏
[xqc] MVestia: maybe u need to go back to the antenas? after getting all the data? @xqc
[xqc] tugu478: kappa
[xqc] DBDozerr: Okay
[xqc] Evil_Juicer: xqcL
[xqc] elyasbtw: xqcLL I ENJOYED MY STAY xqcLL I ENJOYED MY STAY xqcLL I ENJOYED MY STAY xqcLL I ENJOYED MY STAY xqcLL I ENJOYED MY STAY xqcLL I ENJOYED MY STAY xqcLL
[xqc] sleeper_sammuel: xqcLL I ENJOYED MY STAY Smile xqcLL I ENJOYED MY STAY Smile xqcLL I ENJOYED MY STAY Smile xqcLL I ENJOYED MY STAY Smile xqcLL I ENJOYED MY STAY Smile
[xqc] katchi_ii: I WAS KATCHI LOL GGS MAN
[xqc] Destltute: THE PHEONIX RISES ON 50 MG WW THE PHEONIX RISES ON 50 MG WW
[xqc] fredrickdouglass808: WW WW WW WW
[xqc] luka115_: 13 MORE MINUTES HOLDD 13 MORE MINUTES HOLDD 13 MORE MINUTES HOLDD 13 MORE MINUTES HOLDD 13 MORE MINUTES HOLDD 13 MORE MINUTES HOLDD ͏ 13 MORE MINUTES HOLDD 13 MORE MINUTES HOLDD 13 MORE MINUTES HOLDD 13 MORE MINUTES HOLDD 13 MORE MINUTES HOLDD 13 MORE MINUTES HOLDD ͏
[xqc] HammudeAli: I ENJOYED MY STAY hammud1LOVE I ENJOYED MY STAY hammud1LOVE
[xqc] HAYDEN__________: I  enjoyed my stay xqcL
[xqc] niyari7: do you like the game? @xQc
[xqc] ItsZarbon: xqcL
[xqc] PetroneXL: xqcLL xqcL xqcLL
[xqc] Bartholm3w: WHAT IF YOU need ARC components
[xqc] smokeymaddog420: FUN PLAYING WITH YOU X I WAS THE ONE THAT SAID GET SOME GOOD SLEEP, LOVE YOU MAN @xQc
[xqc] LiamWnsr: wait did you just do it
[xqc] Japanese_Farmer: xqcL xqcL xqcL xqcL xqcL xqcL xqcL xqcN xqcN xqcN xqcN xqcN
[xqc] EphialtesTV: https://www.twitch.tv/stankrat/clip/GlamorousKawaiiSwordTF2John-jlwmGKE1XzdzhF7e
[xqc] Lewqueez: PepoG D BONKER?
[xqc] vivisoulja_: PLEASE 13 more min
[xqc] Wiltsu: probably
[xqc] amk466: SAJ NO ONLY 24H SAJ NO ONLY 24H SAJ NO ONLY 24H SAJ NO ONLY 24H
[xqc] r0ckystar_: D BUNKER
[xqc] 12487: xqcL
[xqc] 1Taro2: hmmMeeting
[xqc] HAYDEN__________: I enjoyed my stay xqcL
[xqc] riliani: 13 min stall HOLDD
[xqc] gohnuihghokn: LO D BUNKER
[xqc] dndenjoyernotcope: what information do we have for it so far???
[xqc] smokeymaddog420: FUN PLAYING WITH YOU X I WAS THE ONE THAT SAID GET SOME GOOD SLEEP, LOVE YOU MAN @xQc  ͏
[xqc] jygachad: yea
[xqc] HammudeAli: I ENJOYED MY STAY hammud1LOVE I ENJOYED MY STAY hammud1LOVE I ENJOYED MY STAY hammud1LOVE I ENJOYED MY STAY hammud1LOVE
[xqc] xLigar: HOLDD 13 min HOLDD 13 min HOLDD 13 min
[xqc] koradoxxx: 13 more minute Sadge
[xqc] th3net: I enjoyed my stay xqcL
[xqc] mahinali: 12 MORE MINUTES HOLDD 12 MORE MINUTES HOLDD 12 MORE MINUTES HOLDD
[xqc] MandoSandayu: theorycraft in your sleep @xqc xqcOmega
[xqc] bear_248: wideSpeedNod
[xqc] KryptScript: 13 MORE MINUTES HOLDD 13 MORE MINUTES HOLDD 13 MORE MINUTES HOLDD 13 MORE MINUTES HOLDD 13 MORE MINUTES HOLDD 13 MORE MINUTES HOLDD  ͏ @xQc
[xqc] tugu478: WW
[xqc] afastrunner: @xQc that bomb showing as quest objective when you tag it means there is more too it 100%
[xqc] xSLay3rJ: KPOPlove W 24hr
[xqc] Sammyg33: w stream bro
[xqc] jigachad_holy: mhm
[xqc] la__divina__comedia: WW WW WW WW
[xqc] brecktyn: ayy, thanks for the long stream
[xqc] jygachad: for sure
[xqc] e40dgaf: beast stream pack on god
[xqc] YuushaXD_: wideSpeedNod
[xqc] Itswasiim: Hmm
[xqc] LJ535: it gives 40 minutes for a reason, its gonna take a while
[xqc] Kill5witch_: HOLDD 13 MIN GAMBA SESH
[xqc] MR__Shakalaka: Good night X and chat xqcL
[xqc] valraSan: xqcL WW SHORT STREAM xqcL WW SHORT STREAM xqcL WW SHORT STREAM xqcL WW SHORT STREAM xqcL WW SHORT STREAM
[xqc] Benitocs2: wideSpeedPause
[xqc] theecats33: missing pcs i said that earlier
[xqc] nidaartic: xqcL Have a good rest
[xqc] sentem7: wideSpeedNod
[xqc] iluvleevi: xqcLL I ENJOYED MY STAY xqcLL I ENJOYED MY STAY xqcLL I ENJOYED MY STAY xqcLL I ENJOYED MY STAY xqcLL I ENJOYED MY STAY xqcLL I ENJOYED MY STAY xqcLL
[xqc] meggas1k: ta
[xqc] BitcoinIsDumping: you shouldn't have to do all computers tbh
[xqc] GoldiiLock: 13 MINUTES OOOO
[xqc] iluvleevi: xqcLL I ENJOYED MY STAY xqcLL I ENJOYED MY STAY xqcLL I ENJOYED MY STAY xqcLL I ENJOYED MY STAY xqcLL I ENJOYED MY STAY xqcLL I ENJOYED MY STAY xqcLL ͏
[xqc] rafeael: 1 event every 10 hours is crazy
[xqc] HawkNH: HASN'T SHOWERED IN 24 HOURS LOL HASN'T SHOWERED IN 24 HOURS LOL
[xqc] Kill5witch_: HOLDD 13 MIN GAMBA SESH HOLDD 13 MIN GAMBA SESH HOLDD 13 MIN GAMBA SESH
[xqc] eames78: @dndenjoyernotcope none
[xqc] yeah_its_julius: there is an other bunker on the opposite side of the map
[xqc] PetroneXL: WW <3
[xqc] its_bortex: power minutes to make it to the 24 hour stream
[xqc] trevorwolf13: xqcLL
[xqc] ykshellss: mhm
[xqc] espvd: xqcL ͏
[xqc] HAYDEN__________: mhm
[xqc] LiamWnsr: TheBurntPeanut chat said you did the bunker thingy
[xqc] Gatixth: DEBUNKER OOOO DEBUNKER OOOO DEBUNKER OOOO DEBUNKER OOOO DEBUNKER OOOO
[xqc] gohnuihghokn: WW SHORT STREAM
[xqc] KryptScript: 13 MORE MINUTES HOLDD 13 MORE MINUTES HOLDD 13 MORE MINUTES HOLDD 13 MORE MINUTES HOLDD 13 MORE MINUTES HOLDD 13 MORE MINUTES HOLDD   @xQc  ͏
[xqc] evyeetus: no way the mythical 24 hr stream
[xqc] tehchonka: COP SLOP UNTIL 24 SAVEME
[xqc] jigachad_holy: mhm interactable
[xqc] Ludwigiib: xqcL
[xqc] luka115_: 13 MORE MINUTES HOLDD 13 MORE MINUTES HOLDD 13 MORE MINUTES HOLDD 13 MORE MINUTES HOLDD 13 MORE MINUTES HOLDD 13 MORE MINUTES HOLDD ͏
[xqc] Fouchiiii: D BUNKER ?
[xqc] WattiesSauce: HOLDD stall for 12 mins
[xqc] HAYDEN__________: mhm 󠀀
[xqc] Kestrel______: xqcHands
[xqc] 22Myno: I ENJOYED MY STAY xqcLL I ENJOYED MY STAY xqcLL I ENJOYED MY STAY xqcLL I ENJOYED MY STAY xqcLL I ENJOYED MY STAY xqcLL I ENJOYED MY STAY xqcLL
[xqc] YuushaXD_: wideSpeedNod i agree
[xqc] green_onionchips: now sleep for 24 hours
[xqc] FiloDonnie: mhm
[xqc] onered5: WW nt for now
[xqc] kypli4ek: WATCH SOME COPSLOP FOR 13 MINUTES
[xqc] peperthepains: I think you should complete all quests and see if one has anything to do with the bunker @xqc
[xqc] HardTlmes: Hmm ͏
[xqc] Ajboy23: 24hr24hr24hr24hr24hr
[xqc] TheSugaShow420: streamer of the century for a reason
[xqc] actualgustavo: https://x.com/slothsuu/status/1987241664839360884 xqc
[xqc] lilyzcloudy: mhm mhm
[xqc] tugu478: JUICE ME PLS X
[xqc] L22M23: THANK YOU FOR 24 HOURS STREAM
[xqc] JIGACHAD123: 24 hour steam is insane not even a begathon WW
[xqc] BloodMoni: STAY 13MORE MINS
[xqc] afastrunner: @xQc that bomb showing as quest objective when you tag it means there is more too it 100% ͏
[xqc] hk710: HOLDD 13 MINS Q
[xqc] leaf_erikson96: wideSpeedNod BUNKER
[xqc] 22Myno: I ENJOYED MY STAY xqcLL I ENJOYED MY STAY xqcLL I ENJOYED MY STAY xqcLL I ENJOYED MY STAY xqcLL I ENJOYED MY STAY xqcLL
[xqc] Extremegaming234: wideSpeedNod
[xqc] u2ig: I ENJOYED MY STAY xqcL I ENJOYED MY STAY xqcL I ENJOYED MY STAY xqcL I ENJOYED MY STAY xqcL I ENJOYED MY STAY xqcL
[xqc] bigdavebigdave: so what's next, comms tower? @xQc
[xqc] aisdba: no
[xqc] GakinoTsukaiyaArahende: GAMBA POWER HOUR BEFORE BED
[xqc] xSLay3rJ: Yeah
[xqc] TheCaptainGooey: 12 MINUTES HOLDD
[xqc] yanagi1272: watch worlds final
[xqc] oh_cho: correct
[xqc] mourninggstarr_: WOLRDS WATCHPARTY Cinema
[xqc] wakywaffles: xqcL WW SHORT STREAM xqcL WW SHORT STREAM xqcL WW SHORT STREAM xqcL WW SHORT STREAM xqcL WW SHORT STREAM xqcL WW SHORT STREAM xqcL WW SHORT STREAM xqcL WW SHORT STREAM
[xqc] BloodMoni: 13 MORE MINS
[xqc] Timskl: WW
[xqc] luka115_: 13 MORE MINUTES HOLDD 13 MORE MINUTES HOLDD 13 MORE MINUTES HOLDD 13 MORE MINUTES HOLDD 13 MORE MINUTES HOLDD 13 MORE MINUTES HOLDD ͏ HOLDD
[xqc] mekk_____: 13 MORE MINUTES? GO AGANE? HOLDD 13 MORE MINUTES? GO AGANE? HOLDD 13 MORE MINUTES? GO AGANE? HOLDD 13 MORE MINUTES? GO AGANE? HOLDD 13 MORE MINUTES? GO AGANE? HOLDD
[xqc] Gatixth: DEBUNKER OOOO DEBUNKER OOOO DEBUNKER OOOO DEBUNKER OOOO
[xqc] Copenhagen__11: @xQc POWER HOUR GAMBA
[xqc] amk466: no
[xqc] nakano_it5uki: xqcL
[xqc] wardrusturol1982: let him cook
[xqc] WattiesSauce: HOLDD stall for 12 mins ͏
[xqc] r0ckystar_: @dndenjoyernotcope QUITE A FEW THEORIES BIENG WRONG
[xqc] Scarasazzi: No
[xqc] edricsonc: xqcLL mhm
[xqc] KryptScript: 13 MORE MINUTES HOLDD 13 MORE MINUTES HOLDD 13 MORE MINUTES HOLDD 13 MORE MINUTES HOLDD 13 MORE MINUTES HOLDD 13 MORE MINUTES HOLDD  ͏ @xQc
[xqc] Kefflings: dbunker wideSpeedNod
[xqc] BLURWYA: xqcLL I ENJOYED MY STAY xqcLL I ENJOYED MY STAY xqcLL I ENJOYED MY STAY xqcLL I ENJOYED MY STAY xqcLL I ENJOYED MY STAY
[xqc] tazxo: https://www.reddit.com/r/ArcRaiders/comments/1osarmm/hidden_bunker_event_solved/
[xqc] BloodMoni: 13 MORE MINS ͏
[xqc] cahstrr: 48hr?
[xqc] friiitzyy: new joji song?

📊 Stats: 4223 messages in 15m30s (4.54 msg/sec)

[xqc] Ajboy23: 24hr24hr
[xqc] Timskl: WW X
[xqc] ChefBronel: i have no idea but cool
[xqc] dipitysiren: no
[xqc] PetroneXL: yessirski
[xqc] spoodsey: WATCH A QUICK VIDEO GET TO 24 HRS
[xqc] malixxx__: 13 MINUTES
[xqc] not_chief_turbo: WW STREAM
[xqc] swift_ant: no but i believe in you x !
[xqc] 22Myno: I ENJOYED MY STAY xqcLL I ENJOYED MY STAY xqcLL I ENJOYED MY STAY xqcLL I ENJOYED MY STAY xqcLL I ENJOYED MY STAY xqcLL I ENJOYED MY STAY xqcLL I ENJOYED MY STAY xqcLL
[xqc] bella_interstella: xqcLL
[xqc] Gotfrag_is_life: YEP
[xqc] Rational_Psycho: 12 MINUTES HOLDD
[xqc] mekk_____: 13 MORE MINUTES? GO AGANE? HOLDD 13 MORE MINUTES? GO AGANE? HOLDD 13 MORE MINUTES? GO AGANE? HOLDD 13 MORE MINUTES? GO AGANE? HOLDD
[xqc] turtlemandagreat: 12 MINUTES
[xqc] l3AHU: pepeSmoke
[xqc] ImSpeedyDragon: I ENJOYED MY STAY xqcL I ENJOYED MY STAY xqcL I ENJOYED MY STAY xqcL I ENJOYED MY STAY xqcL I ENJOYED MY STAY xqcL
[xqc] patrickstar0670: WW 24 hour strim
[xqc] KrMaCoW: 13 MINUTE STALLER XQC PLEASE
[xqc] oh_cho: yep
[xqc] Addict______: I ENJOYED MY STAY xqcL 13 MORE MINUTES CUH
[xqc] fredrickdouglass808: 24 hours FeelsStrongMan
[xqc] SweetBabyYoda: how'd it go??
[xqc] TheCaptainGooey: 12 MINUTES HOLDD 12 MINUTES HOLDD 12 MINUTES HOLDD 12 MINUTES HOLDD 12 MINUTES HOLDD
[xqc] ericolmos83: GAMBA ? @xQc
[xqc] ruffrydereze: Dogo Argentino 💪
[xqc] HawkNH: NO SHOWER FOR 24 HR LO NO SHOWER FOR 24 HR LO
[xqc] oh_cho: 100%
[xqc] Frink108: 12 more minutes
[xqc] luka115_: HOLDD
[xqc] Destltute: THE PHEONIX RISES ON 50 MG WW THE PHEONIX RISES ON 50 MG WW THE PHEONIX RISES ON 50 MG WW THE PHEONIX RISES ON 50 MG WW
[xqc] LiamWnsr: 13 MINUTES
[xqc] HL_KenChi: League finals @xQc
[xqc] Coldblackice: xqc 24HR OOOO NOSTALGIA WW 24HR OOOO NOSTALGIA WW 24HR OOOO NOSTALGIA WW 24HR OOOO NOSTALGIA WW 24HR OOOO NOSTALGIA WW
[xqc] Demo0681: 13 more hrs
[xqc] formula7x: LO
[xqc] gohnuihghokn: LO
[xqc] its_bortex: do some gamba pls I been waiting
[xqc] lively021: xqcCheer xqcCheer xqcCheer
[xqc] iam_dog: LOL
[xqc] TheRealCypheric: 12 MINUTES HOLDD 12 MINUTES HOLDD 12 MINUTES HOLDD 12 MINUTES HOLDD 12 MINUTES HOLDD 12 MINUTES HOLDD 12 MINUTES HOLDD
[xqc] bear_248: LO
[xqc] PetroneXL: new joji is vibes
[xqc] MistaBK: thank you for the long awaited reset stream xqcL
[xqc] MADlSTlC: LOL
[xqc] prejaquelin: but the bunker is always therer regardless if you can get it
[xqc] drunk_dracula: xqcL WW SHORT STREAM xqcL WW SHORT STREAM xqcL WW SHORT STREAM xqcL WW SHORT STREAM xqcL WW SHORT STREAM xqcL WW SHORT STREAM xqcL WW SHORT STREAM xqcL WW SHORT STREAM
[xqc] Rational_Psycho: LO
[xqc] Wiltsu: LO
[xqc] hk710: HOLDD 12 MIN COPPY SLOPPY TO END
[xqc] espvd: Cinema
[xqc] YuushaXD_: LOL
[xqc] Jolesta: 12
[xqc] xSLay3rJ: LULW
[xqc] TheRealCypheric: 12 MINUTES HOLDD 12 MINUTES HOLDD 12 MINUTES HOLDD 12 MINUTES HOLDD 12 MINUTES HOLDD 12 MINUTES HOLDD 12 MINUTES HOLDD  ͏
[xqc] datucorona: WW
[xqc] gohnuihghokn: omE
[xqc] FiveOhNate: Cinema
[xqc] ygbske3: 6 7
[xqc] rageca6e: WW XQC WW XQC WW XQC WW XQC WW XQC WW XQC WW XQC WW XQC WW XQC WW XQC WW XQC
[xqc] Extremegaming234: Cinema
[xqc] PetroneXL: Cinema
[xqc] jigachad_holy: LO
[xqc] Spacesal: cant get arc to work. keeps dc after 10 seconds
[xqc] l3AHU: amazing stream xqcLK
[xqc] 02Trench: xqcL xqcLL
[xqc] edricsonc: LOL WW
[xqc] Destltute: THE PHEONIX RISES ON 50 MG WW THE PHEONIX RISES ON 50 MG WW THE PHEONIX RISES ON 50 MG WW THE PHEONIX RISES ON 50 MG WW THE PHEONIX RISES ON 50 MG WW
[xqc] OP_Mechanics: Cinema
[xqc] krondon3: LOL
[xqc] WattiesSauce: LO
[xqc] Lewqueez: Cinema
[xqc] ItsZarbon: Cinema
[xqc] vibeswithevan: LOL
[xqc] jigachad_holy: Cinema
[xqc] arcafps: Cinema
[xqc] formula7x: OMEGALUL
[xqc] Nox_Ferox: LOL
[xqc] Loska_999: LOL ͏
[xqc] Coldblackice: LOL
[xqc] navvlol: LOL
[xqc] espvd: Cinema ͏
[xqc] theecats33: LO
[xqc] jaydenbboyer: LOL
[xqc] Nohboku: LOL
[xqc] SinTheLegend: LOL
[xqc] bear_248: LOL
[xqc] turtle2003_: !prime
[xqc] Benitocs2: LO
[xqc] Faders: Cinema
[xqc] Fossabot: xqcLook Did you know you get a free subscription when you link your Amazon Prime account with Twitch? You can sub to the Juicer for free and spam emotes all day! xqcL xqcJuice xqcRage - https://gaming.amazon.com
[xqc] HardTlmes: OMEGALUL
[xqc] FiveOhNate: LOL
[xqc] HammudeAli: hammud1Haha hammud1Haha hammud1Haha hammud1Haha
[xqc] PetroneXL: LOL
[xqc] l3AHU: amazing  stream xqcLK
[xqc] BloodMoni: Cinema
[xqc] peperthepains: LO
[xqc] Scropionxking: LO
[xqc] taebny: the dodge
[xqc] TheRealCypheric: Cinema
[xqc] navvlol: LO
[xqc] sk3ll: LO
[xqc] S4Okami: LOL
[xqc] xSLay3rJ: omE
[xqc] timgoescrazy: Cinema
[xqc] Zeblinz: Cinema
[xqc] monkyyyXD: LO
[xqc] nova_procs: loooolll
[xqc] Kap10Ten: OMEGALUL THAT GUY
[xqc] vivisoulja_: LOL
[xqc] Slayd15: LOL WHAT THE FUCK
[xqc] Nuhrv: LO ͏
[xqc] HardTlmes: OMEGALUL ͏
[xqc] valraSan: LO
[xqc] HawkNH: LOL
[xqc] ykshellss: lmaooo
[xqc] HILUX621_: LO
[xqc] LoseAlotLuke: LO
[xqc] Loska_999: Cinema
[xqc] Kamzara: LOL
[xqc] imperialistkarl: LOL
[xqc] Scropionxking: LO 󠀀
[xqc] Samskio: Cinema
[xqc] AustinT_T: 13 minutes remaining to hit 24hrs
[xqc] HAYDEN__________: omE
[xqc] bigdavebigdave: LOL
[xqc] ChefBronel: LULW that mf
[xqc] lilyzcloudy: OMEGALUL
[xqc] WaterBladeXx: LOO
[xqc] Extremegaming234: LOL
[xqc] PetroneXL: wideOmE
[xqc] Lemonaade1: LOL
[xqc] vivisoulja_: LO
[xqc] HAYDEN__________: omE 󠀀
[xqc] jedimindtricks2014: get sum sleep
[xqc] JerOhm_qc: LOL
[xqc] JasayN: Cinema
[xqc] vince9796: HAHAHAHAHAH
[xqc] InvyNexus: LO
[xqc] risecolumbia: Cinema
[xqc] HardTlmes: OMEGALUL  hahaha
[xqc] Concani_: LOL
[xqc] guesteller: W SHORT STREAM xqcLL W SHORT STREAM xqcLL W SHORT STREAM xqcLL W SHORT STREAM xqcLL W SHORT STREAM xqcLL W SHORT STREAM xqcLL
[xqc] rageca6e: WW XQC WW XQC WW XQC WW XQC WW XQC WW XQC WW XQC WW XQC WW XQC WW XQC WW XQC  ͏
[xqc] BeezzKneezz: Cinema
[xqc] xSLay3rJ: Cinema
[xqc] KEKlnsane: Cinema
[xqc] garbinskii: LO
[xqc] brandon_424: LUL LUL
[xqc] green_onionchips: xqcOmega
[xqc] ricky0129: LOL
[xqc] SPKer_: LO
[xqc] gronkspikeyourmomm: LUL LUL
[xqc] JIGACHAD123: LO
[xqc] test_tlg: LO LO LO LO LO LO
[xqc] WaterBladeXx: LOP
[xqc] anem1aaa: LOL
[xqc] thenameisdishie: LOL
[xqc] l3AHU: LMFAO 󠀀
[xqc] LeiS8n: LO LO
[xqc] MyBot_Jack: Cinema
[xqc] leaf_erikson96: LeCinema
[xqc] Stendon: TTours
[xqc] hwmotorola: LO
[xqc] krondon3: Cinema
[xqc] inferno_yod: LOL
[xqc] lloydixiv: CINEMA
[xqc] HardTlmes: OMEGALUL hahaha
[xqc] 00Bluey: LO
[xqc] darklsniper: LOL
[xqc] BeezzKneezz: lmfaooo
[xqc] brictson1: Cinema
[xqc] Knonze: LOL
[xqc] vithurann: LOL
[xqc] Moffodes: LO
[xqc] taebny: Cinema that roll
[xqc] FlentFamicom: hahahahahaha
[xqc] rafeael: LMAOO
[xqc] YuushaXD_: xqc44butthenameislongsoyoucantspamit

📊 Stats: 4403 messages in 16m0s (4.59 msg/sec)

[xqc] Dantijo: LOL
[xqc] cartman1517: LOL
[xqc] BonsaiV: LO
[xqc] lofyy10: lol
[xqc] K0rrupt1on: OMEGALUL
[xqc] espvd: Cinema  this is why we raid
[xqc] THlCC1: LO
[xqc] jigachad_holy: xqc44butthenameislongsoyoucantspamit
[xqc] taebny: Cinema  that roll
[xqc] Stendon: TTours cam?
[xqc] patrickstar0670: OOOO ͏
[xqc] QUOTE_ME_IF_WHOMPS: LOL
[xqc] monopoleyes: Cinema
[xqc] Scropionxking: LO
[xqc] SaifAlsayed: LOL
[xqc] HAYDEN__________: omE
[xqc] msteban: LO 󠀀
[xqc] inferno_yod: WAYTOODANK
[xqc] ChefBronel: LULW that mf ͏
[xqc] HardTlmes: OMEGALUL
[xqc] FlentFamicom: LOL
[xqc] KryptScript: 13 MORE MINUTES HOLDD 13 MORE MINUTES HOLDD 13 MORE MINUTES HOLDD 13 MORE MINUTES HOLDD 13 MORE MINUTES HOLDD 13 MORE MINUTES HOLDD   @xQc  ͏
[xqc] TheCaptainGooey: 12 MINUTES HOLDD 12 MINUTES HOLDD 12 MINUTES HOLDD 12 MINUTES HOLDD 12 MINUTES HOLDD  ͏
[xqc] jackthedazzle: worlds 2025 final happen in about few min left @xqc
[xqc] PetroneXL: omE
[xqc] SweetBabyYoda: LOL
[xqc] jimbobb: xqcLL w goat
[xqc] BeezzKneezz: that was so good
[xqc] Lightningice9: OMEGALUL  classic
[xqc] Fossabot: : Feel free to join my discord! https://discord.gg/xqcow (you don't have to be a sub) and follow Twitter! https://twitter.com/xQc
[xqc] e40dgaf: Awwww good times
[xqc] xsrbro: Is it possible that one person has to retrieve all the data while all the computers are activated?
[xqc] th3net: OMEGALUL
[xqc] Kap10Ten: HORROR MOVIE OMEGALUL
[xqc] actualgustavo: xqcL
[xqc] ItsZarbon: LOL
[xqc] rageca6e: WW XQC WW XQC WW XQC WW XQC WW XQC WW XQC WW XQC WW XQC WW XQC WW XQC WW XQC
[xqc] ogbrowniettv: https://www.twitch.tv/stankrat/clip/SuaveBoredWalletKeyboardCat-qoq7SaUSdPK2h23c
[xqc] DokkiiGG: GN
[xqc] SP4DEZZZ: LOL LOL
[xqc] HardTlmes: xqcL gn man
[xqc] mariogamecrazy: xqcL
[xqc] ianite258: Cinema
[xqc] Slayd15: LOL WHAT THE FUCK LOL
[xqc] Kefflings: xqcLL
[xqc] KrMaCoW: 13 MINUTE STALLER XQC PLEASE  !!
[xqc] 24kamikaze: xqcLL I ENJOYED MY STAY xqcLL I ENJOYED MY STAY xqcLL I ENJOYED MY STAY xqcLL I ENJOYED MY STAY xqcLL I ENJOYED MY STAY
[xqc] derekrad812: @xQc WATCH OUTDOOR BOYS TO STALL FOR 24HR
[xqc] 12487: xqcL ͏
[xqc] espvd: xqcL great stream
[xqc] BloodMoni: WW STREAM
[xqc] jigachad_holy: HOLDD
[xqc] TenthAve: Cinema  absolute JUICER stream today
[xqc] l3AHU: xqcLK get some rest
[xqc] Amdad: LOL ͏
[xqc] vibeswithevan: xqcL
[xqc] anem1aaa: SAJ
[xqc] TheRealCypheric: Cinema ͏
[xqc] mekk_____: LOL
[xqc] Whiytout: GAMBA
[xqc] 732137: xqcLL
[xqc] la__divina__comedia: Cinema
[xqc] th3net: OMEGALUL ͏
[xqc] taebny: xqcL
[xqc] Loska_999: 10 min
[xqc] ayanle_otf: ww stream
[xqc] WattiesSauce: HOLDD stall for 12 mins
[xqc] gronkspikeyourmomm: NOOOOOO
[xqc] Trutha: gn
[xqc] InvyNexus: SEE YA
[xqc] dohxo: w
[xqc] GoldiiLock: xqclL
[xqc] actualgustavo: xqcL massive stream
[xqc] xTVar: 12 more min
[xqc] shorrtyyy: No mfkr
[xqc] youngrome333: 12 MORE MINS XQC
[xqc] hitssz: GGS
[xqc] Ajboy23: 24
[xqc] xLigar: xqcL I ENJOYED xqcL I ENJOYED xqcL I ENJOYED xqcL I ENJOYED xqcL I ENJOYED xqcL I ENJOYED
[xqc] koradoxxx: not even 24h SAJ
[xqc] BecomingSavior: part timer LO
[xqc] cybernatic29: xqcL xqcL xqcL xqcL xqcL
[xqc] officialjbeatz: Maybe the points of that shape are where the raider outposts are on the map
[xqc] BitcoinIsDumping: 12 minutes
[xqc] ImSpeedyDragon: I ENJOYED MY STAY xqcL I ENJOYED MY STAY xqcL I ENJOYED MY STAY xqcL I ENJOYED MY STAY xqcL I ENJOYED MY STAY xqcL ͏
[xqc] vince9796: xqcL xqcL xqcL
[xqc] itsMeKev_: agabye
[xqc] riliani: 12 min stall HOLDD
[xqc] Lemon_GTH: HOLDD FOR 24hrs
[xqc] hibari112: W stream
[xqc] 22Myno: 12 MINUTES HOLDD
[xqc] toottoot2_: TEARS NOOOOOOOOOOOOOOOOOOO
[xqc] afastrunner: @xQc night dude
[xqc] MoonIs0dd: HOLDD
[xqc] gohnuihghokn: WW SHORT STREAM
[xqc] jygachad: 12 minutes
[xqc] feederle: part timer Classic
[xqc] myst_sl: damn i just joined
[xqc] lilyzcloudy: xqcL
[xqc] brandon_424: 12 more minutes
[xqc] vivisoulja_: SAJ
[xqc] GoldiiLock: xqcLl
[xqc] solidgreenday: 1G
[xqc] SinTheLegend: 12 MORE MINS
[xqc] navvlol: xqcLK
[xqc] rafeael: Pointless
[xqc] LazerRaptor__: lmfaooo
[xqc] risecolumbia: xqcLL
[xqc] mariogamecrazy: xqcL I ENJOYED MY STAY
[xqc] WaterBladeXx: great stream
[xqc] valraSan: 12 MORE MINUTES HOLDD 12 MORE MINUTES HOLDD 12 MORE MINUTES HOLDD 12 MORE MINUTES HOLDD 12 MORE MINUTES HOLDD
[xqc] xSLay3rJ: KPOPlove W 24hr
[xqc] Fossabot: xqcLook Did you know you get a free subscription when you link your Amazon Prime account with Twitch? You can sub to the Juicer for free and spam emotes all day! xqcL xqcJuice xqcRage - https://gaming.amazon.com
[xqc] spxdesl: 12 more minutes
[xqc] bigdavebigdave: HOLDD 12 minutes HOLDD 12 minutes HOLDD 12 minutes
[xqc] ZaKenshiin: 12
[xqc] vince9796: xqcLL xqcL xqcLL xqcL
[xqc] elfezs: xqcL
[xqc] lookezbr: bet
[xqc] datucorona: LOL
[xqc] mon_gasan: 13 MORE MINUTES HOLDD 13 MORE MINUTES HOLDD 13 MORE MINUTES HOLDD 13 MORE MINUTES HOLDD 13 MORE MINUTES HOLDD 13 MORE MINUTES HOLDD   @xQc  ͏
[xqc] arabsnaiberbro69: xqcLL I ENJOYED MY STAY xqcLL I ENJOYED MY STAY xqcLL I ENJOYED MY STAY xqcLL I ENJOYED MY STAY xqcLL I ENJOYED MY STAY
[xqc] Solamon25: 12 min
[xqc] solidgreenday: 1G ͏
[xqc] timgoescrazy: 13 more minutes HOLDD 13 more minutes HOLDD 13 more minutes HOLDD 13 more minutes HOLDD
[xqc] bobertay: 12 minutes PLEASE 12 minutes PLEASE 12 minutes PLEASE 12 minutes PLEASE 12 minutes PLEASE 12 minutes PLEASE
[xqc] mrm4c4r0n: xqcL i enjoyed my stay
[xqc] XQCs_paid_positivechatter: xqcLL
[xqc] HAYDEN__________: I enjoyed my stay xqcL
[xqc] AnsonX10: 12 minutes of gamba GAMBA
[xqc] luka115_: 24 HOURS OF PURE Cinema
[xqc] ceedy_deuce: goodnight Q
[xqc] Whiytout: GAMBA PLEASE
[xqc] Figgy316: WW stream
[xqc] KrMaCoW: 10 MINUTES XQC
[xqc] Kamzara: I enjoyed my stay xqcL
[xqc] jenosaidoo: xqcL I ENJOYED THE MEGA STREAM xqcL I ENJOYED THE MEGA STREAM xqcL I ENJOYED THE MEGA STREAM xqcL I ENJOYED THE MEGA STREAM
[xqc] 22Myno: 12 MINUTES HOLDD ͏
[xqc] iluvleevi: xqcLL I ENJOYED MY STAY xqcLL I ENJOYED MY STAY xqcLL I ENJOYED MY STAY xqcLL I ENJOYED MY STAY xqcLL I ENJOYED MY STAY xqcLL I ENJOYED MY STAY xqcLL ͏
[xqc] WaryBadgr: xqcL
[xqc] rockleejuicer1: W stream xqcLL
[xqc] burier31: GAMBA
[xqc] ayanle_otf: WW STREAM
[xqc] Demo0681: GOODNIGHT
[xqc] kraksquatch: 12 more mins
[xqc] 12487: xqcLK
[xqc] differentplay3r: 12 MINUTES WAIT
[xqc] BeezzKneezz: Cinema  stream today @xQc
[xqc] navvlol: xqcLL
[xqc] OverPonch: 1g
[xqc] Itswasiim: good night xqc
[xqc] HAYDEN__________: I  enjoyed my stay xqcL
[xqc] iluvleevi: xqcLL I ENJOYED MY STAY xqcLL I ENJOYED MY STAY xqcLL I ENJOYED MY STAY xqcLL I ENJOYED MY STAY xqcLL I ENJOYED MY STAY xqcLL I ENJOYED MY STAY xqcLL
[xqc] BitcoinIsDumping: 12 MINUTES LEFT
[xqc] BLURWYA: xqcLL I ENJOYED MY STAY xqcLL I ENJOYED MY STAY xqcLL I ENJOYED MY STAY xqcLL I ENJOYED MY STAY xqcLL I ENJOYED MY STAY xqcLL xqcLL I ENJOYED MY STAY xqcLL I ENJOYED MY STAY xqcLL I ENJOYED MY STAY xqcLL I ENJOYED MY STAY xqcLL I ENJOYED MY STAY xqcLL
[xqc] rickyspudd: WW
[xqc] 1Taro2: dont get to 24 bait them LO
[xqc] rance199x: same guy
[xqc] oh_cho: cinema
[xqc] BloodMoni: 12 MORE MINS STAY
[xqc] HardTlmes: xqcL  good small stream
[xqc] D3tectiveIce_: part time streamer
[xqc] WalaStika: xqcL
[xqc] rageca6e: WW XQC WW XQC WW XQC WW XQC WW XQC WW XQC WW XQC WW XQC WW XQC WW XQC WW XQC  ͏
[xqc] mahinali: 12 MORE MINUTES HOLDD 12 MORE MINUTES HOLDD 12 MORE MINUTES HOLDD 12 MORE MINUTES HOLDD
[xqc] Frink108: 12 more minutes @xQc
[xqc] Heiizzenn: 1G
[xqc] iam_dog: MUGA 15 MIN MORE
[xqc] vince9796: xqcL bye
[xqc] ericolmos83: GAMBA ? @xQc ?
[xqc] iluvleevi: xqcLL I ENJOYED MY STAY xqcLL I ENJOYED MY STAY xqcLL I ENJOYED MY STAY xqcLL I ENJOYED MY STAY xqcLL I ENJOYED MY STAY xqcLL I ENJOYED MY STAY xqcLL ͏
[xqc] 0sergen0: @xqc NO KickTime GAMBA ?
[xqc] HAYDEN__________: I enjoyed my stay xqcL
[xqc] YuushaXD_: xqcL I ENJOYED MY STAY
[xqc] TheCaptainGooey: 12 MINUTES HOLDD 12 MINUTES HOLDD 12 MINUTES HOLDD 12 MINUTES HOLDD 12 MINUTES
[xqc] ayanle_otf: \
[xqc] JIGACHAD123: make it to 24 hours
[xqc] bobertay: 12 minutes PLEASE 12 minutes PLEASE 12 minutes PLEASE 12 minutes PLEASE 12 minutes PLEASE
[xqc] Rio25: 1G
[xqc] th3net: 12 more mins @xqc
[xqc] clanka3000: ONLY 24 HOURS???
[xqc] 12487: xqcLL
[xqc] kraksquatch: 12 more mins ͏
[xqc] oAesthetic_: xqc 12 more mins for 24 hours
[xqc] burier31: GAMBA GAMBA GAMBA GAMBA GAMBA
[xqc] nef414: good stream brother
[xqc] TheRealTurtle: part timer LO
[xqc] myst_sl: gn xqcL xqcLL
[xqc] zuhzero: good stream x
[xqc] HAYDEN__________: I  enjoyed my stay xqcL
[xqc] r0ckystar_: BE LIVE FOR 12 MINS BRO
[xqc] TheRefluence: xqcL
[xqc] Whiytout: GAMBA power minute
[xqc] HoneyDeuce1: 10 minutews
[xqc] BloodMoni: 12 MORE MINS STAY ͏
[xqc] Destltute: 12 MINSSSS
[xqc] elfezs: xqcL i enjoyed my stay
[xqc] bella_interstella: xqcLL
[xqc] MrMoonie: xqcLL
[xqc] genuscorvid: WW StreamerU
[xqc] Extremegaming234: I ENJOYED MY STAY xqcL
[xqc] test_tlg: LO no 24h
[xqc] knockoutxxiii: REST EASY Q WW xqcLL
[xqc] pobodobo: SET LOL WORLDS BET
[xqc] Solamon25: xqcLL
[xqc] Lanky_TL: :1g'
[xqc] IRAAADO_: F1 HUGE STAKE CRASH
[xqc] MandoSandayu: good shit
[xqc] Nox_Ferox: WELL DONE Clap
[xqc] Ajboy23: 24hr24hr24hr24hr24hr
[xqc] ye__ji: xqcL
[xqc] ceedy_deuce: see you never again
[xqc] cavsbron: goat
[xqc] mekk_____: 12 mins more wtf man
[xqc] GoldiiLock: xqcLL
[xqc] HAYDEN__________: I enjoyed my stay xqcL
[xqc] toottoot2_: ANOTHER 24 HOURS BEGGGING
[xqc] hitssz: GGS ͏
[xqc] derekrad812: @xQc WATCH OUTDOOR BOYS TO STALL FOR 24HR PLEASE
[xqc] CMB_Gang: GN
[xqc] JayStarkx: Okay
[xqc] LiamWnsr: Part timer
[xqc] l3AHU: xqcLK  amazing stream
[xqc] 22Myno: CMON CLOSE TO 24 HOURS
[xqc] u2ig: I ENJOYED MY STAY xqcL I ENJOYED MY STAY xqcL I ENJOYED MY STAY xqcL I ENJOYED MY STAY xqcL I ENJOYED MY STAY xqcL  xqcL
[xqc] Slayd15: xqcL
[xqc] 404BIRD: W  STREAM SIR
[xqc] Coldblackice: xqc SKEET + SHEESH OUTRO ????
[xqc] 0sergen0: @xqc  NO KickTime GAMBA ?
[xqc] Krelyks: 12 more minuters
[xqc] imCurt1s: Cooked gg
[xqc] green_onionchips: xqcL xqcL xqcL xqcL xqcL
[xqc] Rational_Psycho: 12 minutes HOLDD
[xqc] SnipyL: xqcL  xqc
[xqc] SPKer_: xqcLL xqcLL xqcLL
[xqc] timgoescrazy: I ENJOYED MY STAY xqcL I ENJOYED MY STAY xqcL I ENJOYED MY STAY xqcL I ENJOYED MY STAY xqcL I ENJOYED MY STAY xqcL
[xqc] Valdemar0401: Cinema
[xqc] bigdavebigdave: HOLDD  12 minutes HOLDD 12 minutes HOLDD 12 minutes
[xqc] GRIMMYAINTREAL: xqcLL I ENJOYED MY STAY xqcLL I ENJOYED MY STAY xqcLL I ENJOYED MY STAY xqcLL I ENJOYED MY STAY xqcLL I ENJOYED MY STAY xqcLL xqcLL I ENJOYED MY STAY xqcLL I ENJOYED MY STAY xqcLL I ENJOYED MY STAY xqcLL I ENJOYED MY STAY xqcLL I ENJOYED MY STAY xqcLL
[xqc] its_bortex: nooo wait for 24 hour stream 10 more minutes
[xqc] jeebs31: xqcL xqcL xqcL
[xqc] Nuhrv: Kapp
[xqc] FiloDonnie: ggs
[xqc] shmac3: forsen1 forsen2
[xqc] jigachad_holy: xqcL I ENJOYED MY STAY
[xqc] SSINTAXX: xqcL
[xqc] the_chewster3: HOLDD 12 MORE MINUTES
[xqc] cahstrr: xqcLL I ENJOYED MY STAY xqcLL I ENJOYED MY STAY xqcLL I ENJOYED MY STAY xqcLL I ENJOYED MY STAY xqcLL I ENJOYED MY STAY xqcLL I ENJOYED MY STAY xqcLL ͏
[xqc] SweetBabyYoda: goodnight x! :)
[xqc] nef414: take care
[xqc] HL_KenChi: League Finals
[xqc] LetsGoLe0: W stream man
[xqc] u2ig: I ENJOYED MY STAY xqcL I ENJOYED MY STAY xqcL I ENJOYED MY STAY xqcL I ENJOYED MY STAY xqcL I ENJOYED MY STAY xqcL
[xqc] SnipyL: xqcL xqc
[xqc] Copenhagen__11: LO
[xqc] CMB_Gang: GN ͏
[xqc] PimmiesDilemma: WW
[xqc] KEKlnsane: Kapp
[xqc] pobodobo: SET WORLDS BET
[xqc] LoseAlotLuke: later
[xqc] shorrtyyy: No
[xqc] rafeael: crazy stream WW
[xqc] oh_cho: ciao
[xqc] Danny542: xqcL
[xqc] Loska_999: SAJ
[xqc] incdious: 12 more king
[xqc] harukakono: WW stream
[xqc] ceedy_deuce: Rip q
[xqc] kbsmoker0227: w stream
[xqc] lookezbr: insane stream, gj today mate xqc
[xqc] hwmotorola: xqcLL
[xqc] dhquaker: good stream, gg
[xqc] 22Myno: HOLDD'
[xqc] Wiltsu: WW
[xqc] bighoolai: 1g
[xqc] letto010: xqcLL xqcLL xqcLL xqcL xqcL
[xqc] l3AHU: xqcLK amazing stream xqcLK
[xqc] Ludwigiib: xqcL
[xqc] Shrimpiy: xqcL
[xqc] SHISHETu: GGs dumbo OMEGALUL
[xqc] FlentFamicom: WW xqc ty for the effort
[xqc] Stendon: GIGACHAD IDC
[xqc] Frink108: 12 more minutes @xQc  NOOOO
[xqc] fredrickdouglass808: xqcL great stream
[xqc] HAYDEN__________: I  enjoyed my stay xqcL
[xqc] gronkspikeyourmomm: PART TIME STREAMER PUSSY
[xqc] solidgreenday: notCinema  not 24 hours
[xqc] 22Myno: I ENJOYED MY STAY xqcLL I ENJOYED MY STAY xqcLL I ENJOYED MY STAY xqcLL I ENJOYED MY STAY xqcLL I ENJOYED MY STAY xqcLL
[xqc] im_just_very_average: xqcLL xqcLL xqcLL xqcLL xqcLL
[xqc] codmermaid: xqcL night x
[xqc] reuhh: xqcL
[xqc] 12487: xqcLK
[xqc] keeferbro: NOOO
[xqc] Euphoria34_: xqcLL  ͏
[xqc] itssoccermom: xqcL I enjoyed my stay
[xqc] imperialistkarl: WW xqcLL
[xqc] vexorDS: WW ͏
[xqc] vibeswithevan: MAJ
[xqc] thenameisdishie: xqcLL
[xqc] pobodobo: WORLDS BET
[xqc] TheCaptainGooey: SAJ
[xqc] jaydenbboyer: xqcLL
[xqc] vince9796: xqcLL xqcL xqcLL xqcL xqcLL xqcL
[xqc] Rick_Grimes_EZ: I enjoyed my stay
[xqc] Kefflings: SAJ
[xqc] BigDracoA: xqcL
[xqc] ayanle_otf: ww stream
[xqc] AyyumMQ: Kappa
[xqc] tendermeaat: xqcL xqcL \
[xqc] risecolumbia: NOOOO 12 min short
[xqc] jakeretroh: WeirdChamp hit the 24 hour mark
[xqc] HAYDEN__________: I enjoyed my stay xqcL
[xqc] Jacadic: xqcLL WW STREAM
[xqc] RandomLegendz: xqcL I ENJOYED MY STAY
[xqc] FernandoIITWI: ok
[xqc] jeebs31: xqcCheer xqcL
[xqc] Shrimpiy: xqcLL
[xqc] maplet0ast: Based
[xqc] sandwichbaggs: xqcL
[xqc] vivisoulja_: GIGACHAD idc
[xqc] Sebify: xqcL
[xqc] Fossabot: :  Are you a vod enjoyer ? Watch them here ! https://xqc.wtf/
[xqc] zCrowe999: WW XQC WW XQC WW XQC WW XQC WW XQC WW XQC WW XQC WW XQC WW XQC WW XQC WW XQC  ͏
[xqc] cahstrr: xqcLL I ENJOYED MY STAY xqcLL I ENJOYED MY STAY xqcLL I ENJOYED MY STAY xqcLL I ENJOYED MY STAY xqcLL I ENJOYED MY STAY xqcLL I ENJOYED MY STAY xqcLL  ͏
[xqc] jason_baguna: ok
[xqc] nidaartic: xqcLL I ENJOYED MY STAY xqcLL I ENJOYED MY STAY xqcLL I ENJOYED MY STAY xqcLL I ENJOYED MY STAY xqcLL
[xqc] xTVar: 11 more min cmonnnnnnn xqcL
[xqc] jigachad_holy: EZ
[xqc] kraksquatch: BUT WE CARE
[xqc] Shrimpiy: xqc:
[xqc] raflican: xqcLL I njoyed my stay boss
[xqc] hitssz: LATER LATER
[xqc] love_triangle: xqcLL WW STREAM xqcLL WW STREAM xqcLL WW STREAM xqcLL WW STREAM xqcLL WW STREAM xqcLL WW STREAM xqcLL WW STREAM
[xqc] nightosphere0: WW STREAM
[xqc] datucorona: ENJOYED MY STAY xqcL I ENJOYED MY STAY xqcL I ENJOYED MY STAY xqcL I ENJOYED MY STAY xqcL I ENJOYED MY STAY xqcL xqcL
[xqc] wakywaffles: xqcL WW SHORT STREAM xqcL WW SHORT STREAM xqcL WW SHORT STREAM xqcL WW SHORT STREAM xqcL WW SHORT STREAM xqcL WW SHORT STREAM xqcL WW SHORT STREAM xqcL WW SHORT STREAM ͏
[xqc] ericolmos83: GAMBA ? @xQc ? PLS?
[xqc] nguy3nd4t: xqcLL
[xqc] ykshellss: xqcLL
[xqc] bighoolai: 1G
[xqc] DonoHS: xqcL
[xqc] fredrickdouglass808: xqcL great stream xqcL great stream xqcL great stream xqcL great stream xqcL great stream xqcL great stream xqcL great stream
[xqc] prefixui: xqcLL
[xqc] grantdrpepper: EZ
[xqc] rickyspudd: xqcLK
[xqc] rahulexe: 12 more minutes @xQc
[xqc] elyasbtw: xqcLL I ENJOYED MY STAY xqcLL I ENJOYED MY STAY xqcLL I ENJOYED MY STAY xqcLL I ENJOYED MY STAY xqcLL I ENJOYED MY STAY xqcLL I ENJOYED MY STAY xqcLL GOOD STREAM
[xqc] graysocean: xqcL w stream
[xqc] espvd: MMMMMMM
[xqc] lazyyhermit: xqcL
[xqc] MyadoriHif: xqcLL
[xqc] luka115_: NOO
[xqc] WaryBadgr: didn't reach 24 hours Sadge
[xqc] ohuny: cap
[xqc] HardTlmes: xqcL good small stream
[xqc] DAEWC: xqcLL xqcLL xqcLL
[xqc] cokibast: only 24 hours SAJ
[xqc] SnipyL: 24 hours ur him xqc 😎
[xqc] cahstrr: xqcLL I ENJOYED MY STAY xqcLL I ENJOYED MY STAY xqcLL I ENJOYED MY STAY xqcLL I ENJOYED MY STAY xqcLL I ENJOYED MY STAY xqcLL I ENJOYED MY STAY xqcLL ͏
[xqc] Ludwigiib: xqcL Ratge
[xqc] TheRealCypheric: 11 MINUTES HOLD 11 MINUTES HOLD 11 MINUTES HOLD 11 MINUTES HOLD 11 MINUTES HOLD 11 MINUTES HOLD
[xqc] OrcalaFF: PepePls
[xqc] Artea1: xqcL
[xqc] lilyzcloudy: agabye sleep well
[xqc] cavsbron: 24 in our book
[xqc] lauudative: LOL
[xqc] letto010: Gn
[xqc] oAesthetic_: xqcL
[xqc] skawoy: damnn
[xqc] BLURWYA: xqcLL I ENJOYED MY STAY xqcLL I ENJOYED MY STAY xqcLL I ENJOYED MY STAY xqcLL I ENJOYED MY STAY xqcLL I ENJOYED MY STAY xqcLL I ENJOYED MY STAY xqcLL I ENJOYED MY STAY xqcLL I ENJOYED MY STAY xqcLL I ENJOYED MY STAY xqcLL I ENJOYED MY STAY xqcLL
[xqc] HawkNH: NO SHOWER FOR 24 HR LO
[xqc] PeaceO7: xqcLL xqcLL
[xqc] Slayd15: EZ
[xqc] akasmilingkanye: Gn bro

📊 Stats: 4777 messages in 16m30s (4.83 msg/sec)

[xqc] ChefBronel: FeelsWeirdMan u dont go to bed...
[xqc] gohnuihghokn: GIGACHAD DOESNT CARE
[xqc] CursedJo: 13 MORE MINUTES
[xqc] JIGACHAD123: LO
[xqc] deez_nuts52: EZ
[xqc] ceedy_deuce: we hope you survive
[xqc] vivisoulja_: GIGACHAD holy
[xqc] intimidator556: gggggg
[xqc] clanka3000: EZ
[xqc] gronkspikeyourmomm: COWARD
[xqc] nickorules_36: W 24
[xqc] vibeswithevan: LOL
[xqc] PyroStar_: OMEGALUL
[xqc] valraSan: xqcL  WW SHORT STREAM xqcL WW SHORT STREAM xqcL WW SHORT STREAM xqcL WW SHORT STREAM xqcL WW SHORT STREAM
[xqc] shavthesav: xqcLL
[xqc] layzid: xqcLL
[xqc] solidgreenday: AURA
[xqc] artificia1love: I enjoyed my stay <3
[xqc] SpikePulse: WW STREAM
[xqc] Kestron: HOLY GIGACHAD
[xqc] patrickstar0670: xqcLL  aga
[xqc] guesteller: LO
[xqc] Stendon: GIGACHAD IDC..
[xqc] xlilflacko23: WW
[xqc] Shrimpiy: xqcLL
[xqc] boyinafishbowl: xqcL xqcL
[xqc] feederle: WW stream EZ
[xqc] Benitocs2: xqcLK xqcLK xqcLK xqcLK
[xqc] kylelt: wow
[xqc] birdenly__: true LOL
[xqc] actualgustavo: xqcBased
[xqc] MrMoonie: <3
[xqc] skawoy: EZ
[xqc] yuve: xqcL
[xqc] 12487: xqcL
[xqc] Henta1b0i: KickTime KickTime KickTime KickTime KickTime KickTime KickTime KickTime KickTime KickTime KickTime
[xqc] 1Taro2: EZ
[xqc] TW0SKI: WW
[xqc] Kefflings: reeferSad
[xqc] HardTlmes: xqcL  good small stream
[xqc] raysanger: @xQc WE CARE AND WE WANT FUN PLEASE
[xqc] RICK_WP: Just 10 + minutes @
[xqc] Chatting_: xqcLL
[xqc] bladeefan91: CINEMA
[xqc] febzo2: EZ
[xqc] BloodMoni: HOLY
[xqc] pobodobo: BET WORLDS
[xqc] Vongalaxy: xqcLL
[xqc] giirrburr: EZ
[xqc] yanagi1272: xqcL
[xqc] SnipyL: 24  hours ur him xqc 😎
[xqc] l3AHU: type shit
[xqc] bigdavebigdave: GIGACHAD
[xqc] Claineee: vixiLUBBERS
[xqc] BigDauhwg: xqcL
[xqc] tehchonka: EZ D JUICER
[xqc] classiixxx: EZ
[xqc] 02Trench: EZ holy
[xqc] bingoze: not anymore
[xqc] acMok: xqcL
[xqc] FiveOhNate: agabye
[xqc] ForsensNeckVein: real
[xqc] 22Myno: I ENJOYED MY STAY xqcLL I ENJOYED MY STAY xqcLL I ENJOYED MY STAY xqcLL  ͏
[xqc] Vongalaxy: EZ
[xqc] Amphitryon007: 12 minutes for 24 hours PogU
[xqc] kreply69: xqcL LEGENDARY STREAM
[xqc] mrpicklemanbig: xqcLL I ENJOYED MY STAY xqcLL I ENJOYED MY STAY xqcLL I ENJOYED MY STAY xqcLL I ENJOYED MY STAY xqcLL I ENJOYED MY STAY xqcLL I ENJOYED MY STAY xqcLL ͏
[xqc] helloimdilly: 23 minute stream??
[xqc] taebny: GIGACHAD monday?
[xqc] benjamingrimm: o7
[xqc] solidgreenday: AURA ͏
[xqc] Takkar76: EZ
[xqc] onk206: xqcL juiced stream bro
[xqc] acbninja: xqcLL
[xqc] kypli4ek: EZ
[xqc] edricsonc: YSE WW
[xqc] taewooer: xqcL
[xqc] juapohh: CHAD
[xqc] Mowgli2087: EZ
[xqc] espvd: xqcL great stream
[xqc] brecktyn: holy, aura
[xqc] dohxo: Gn bro
[xqc] Lanky_TL: EZ
[xqc] Dj0n12: xqcLL ͏
[xqc] mistachonkers: LOVED THE LONG STREAM
[xqc] jembah3: <3
[xqc] Gubbis_db000: xqcLL
[xqc] WalaStika: xqcL ͏
[xqc] 12487: xqcLK
[xqc] rockleejuicer1: xqcLL
[xqc] luka115_: xqcL
[xqc] shmac3: baj baj
[xqc] iZac44Zac: xqcLL
[xqc] Coldblackice: HOOOOOOOOOOOOOOOOOOLY GIGACHAD xqc WW
[xqc] vince9796: LOL true
[xqc] Henta1b0i: KickTime KickTime KickTime KickTime KickTime KickTime KickTime KickTime KickTime KickTime KickTime KickTime KickTime KickTime KickTime KickTime KickTime KickTime KickTime KickTime KickTime KickTime KickTime KickTime KickTime KickTime KickTime KickTime KickTime KickTime KickTime KickTime KickTime KickTime KickTime KickTime KickTime KickTime KickTime
[xqc] nossrac: GIGACHAD
[xqc] ricky0129: its saturday LO
[xqc] HUSHMARRYE23: lol
[xqc] TheCaptainGooey: Kappa YOU DONT DO LONG STREAMS ANYMORE
[xqc] reuhh: xqcL i enjoyed my stay
[xqc] kIark_: Power 11min
[xqc] skawoy: xqcLL
[xqc] MOOSE_on_the_loose_: xqcL ty gn xqcL ty gn xqcL ty gn xqcL ty gn xqcL ty gn xqcL ty gn xqcL ty gn xqcL ty gn xqcL ty gn xqcL ty gn xqcL ty gn xqcL ty gn
[xqc] Nemore1: xqcL WW SHORT STREAM xqcL WW SHORT STREAM xqcL WW SHORT STREAM xqcL WW SHORT STREAM xqcL WW SHORT STREAM
[xqc] suprarational: xqcLL GG
[xqc] Moffodes: WW
[xqc] zuhzero: gn
[xqc] JayStarkx: thanks for the long ass stream Cool
[xqc] Nohboku: EZ MY STEAMER
[xqc] FernandoIITWI: WW STREAM
[xqc] braaaydee: JIGACHAD
[xqc] shavthesav: xqcLL 󠀀
[xqc] Lemon_GTH: EZ
[xqc] toottoot2_: ANOTHER  24 HOURS PLEASE
[xqc] Dj0n12: xqcLL
[xqc] CristianoooRonaldooo: xqcL W STREAM xqcL W STREAM xqcL W STREAM xqcL W STREAM xqcL W STREAM xqcL W STREAM xqcL W STREAM xqcL W STREAM
[xqc] BeezzKneezz: JIGACHAD
[xqc] riotang: xqcLL I ENJOYED MY STAY xqcLL I ENJOYED MY STAY xqcLL I ENJOYED MY STAY xqcLL I ENJOYED MY STAY xqcLL I ENJOYED MY STAY xqcLL I ENJOYED MY STAY xqcLL ͏
[xqc] EphialtesTV: o7
[xqc] adrianacat_: love you
[xqc] Astcher: xqcLL xqcLL xqcLL xqcLL
[xqc] p4arsival: Crazy
[xqc] 12487: xqcLL
[xqc] daddychillin12: xqcStare xqcStare xqcStare xqcStare xqcStare xqcStare xqcStare
[xqc] cavsbron: prime xqc is back
[xqc] 21kaae: AMAZING STREAM TAKE CARE AND REST WELL
[xqc] HAYDEN__________: I  enjoyed my stay xqcL .
[xqc] BecomingSavior: <3 enjoy your sleep
[xqc] love_triangle: xqcLL WW STREAM xqcLL WW STREAM xqcLL WW STREAM xqcLL WW STREAM xqcLL WW STREAM
[xqc] FlentFamicom: WW xqc ty for the effort  ͏
[xqc] nightosphere0: EZ 🐐
[xqc] vibeswithevan: xqcL
[xqc] Secrityyy: xqcL
[xqc] Fezkq: xqcLL
[xqc] geekbrando: W HUNGER
[xqc] HardTlmes: xqcL good small stream
[xqc] l3AHU: average day for us typeshit
[xqc] Gotfrag_is_life: GIGACHAD
[xqc] casgar_3: FeelsStrongMan
[xqc] heysood: sleep well x
[xqc] alfoxie: unc still got it
[xqc] sleeper_sammuel: aga good strim @xQc
[xqc] Kefflings: reeferSad xqcLL
[xqc] vexorDS: Flower0 Flower0
[xqc] reqtchen: WW stream
[xqc] Benitocs2: notL
[xqc] SnipyL: xqcL ͏
[xqc] humidafire: xqcLL xqcLL xqcLL xqcLL xqcLL xqcLL
[xqc] lively021: <3 xqcL <3 xqcL <3 xqcL <3 xqcL <3 xqcL <3 xqcL
[xqc] aetherGER: xqcL I ENJOYED MY STAY
[xqc] Trancetastic: byee
[xqc] Zaclog: xqcLL
[xqc] sillylittlegoober_: EZ MY STREAMER
[xqc] fredrickdouglass808: xqcL I ENJOYED MY STAY xqcL I ENJOYED MY STAY xqcL I ENJOYED MY STAY xqcL I ENJOYED MY STAY xqcL I ENJOYED MY STAY
[xqc] EmergencyFirstResponder: xqcL
[xqc] rageca6e: IT USED TO BE Pointless
[xqc] luka115_: xqcL xqcL xqcL xqcL xqcL xqcL xqcL xqcL
[xqc] flowers4clark: EZ
[xqc] farhan3001: W STREAM
[xqc] Spacesal: bye
[xqc] Itswasiim: WW
[xqc] y1ann1v: HUH
[xqc] ZurxHD: xqcL
[xqc] ArthiumG: penis
[xqc] g0styboy: xqcLL
[xqc] EEZEEJ: w
[xqc] nossrac: xqcLL
[xqc] xSLay3rJ: KPOPlove KPOPlove
[xqc] gohnuihghokn: EZ WW
[xqc] luka115_: xqcL xqcL xqcL xqcL xqcL
[xqc] thtsteez: W stream
[xqc] D3tectiveIce_: WW part time streamer ͏
[xqc] PepegaLag: xqcL
[xqc] PetroneXL: xqcCheer
[xqc] 00Bluey: xqcLL
[xqc] roomez: league of legends ???
[xqc] Scarasazzi: What is he saying
[xqc] josiah_CLT: no you came so far just to end so close
[xqc] Moffodes: HUH
[xqc] HILUX621_: xqcLL
[xqc] valraSan: xqcL WW SHORT STREAM xqcL WW SHORT STREAM xqcL WW SHORT STREAM xqcL WW SHORT STREAM xqcL WW SHORT STREAM
[xqc] mon_gasan: WW X
[xqc] calabungus: xqcL
[xqc] HardTlmes: xqcL
[xqc] ReaperOfVerdansk: holy stream xqcL
[xqc] outkastedprince: xqcL luv ya
[xqc] jason_baguna: I ENJOYED MY STAY <3 I ENJOYED MY STAY <3 I ENJOYED MY STAY <3 I ENJOYED MY STAY <3
[xqc] IEFLxd: xqcL
[xqc] bigdavebigdave: xqcLL
[xqc] amk466: WW
[xqc] xeyify: xqcLL xqcLL xqcLL
[xqc] yuve: xqcL ͏
[xqc] LoStupidoBannato: xqcL
[xqc] l3AHU: average  day for us typeshit
[xqc] Scropionxking: xqcLL
[xqc] j101921: 24hr nearly . xqcLL goat
[xqc] JIGACHAD123: THE GOAT STREAMER
[xqc] nummed_: xqcLL
[xqc] DokkiiGG: KickTime KickTime KickTime KickTime KickTime KickTime KickTime KickTime KickTime KickTime KickTime KickTime KickTime KickTime KickTime KickTime KickTime KickTime KickTime KickTime KickTime KickTime KickTime KickTime KickTime KickTime KickTime KickTime KickTime KickTime KickTime KickTime KickTime KickTime KickTime KickTime KickTime KickTime KickTime
[xqc] sin_oracle: W
[xqc] nNear__: I ENJOYED MY STAY xqcL
[xqc] tamppond: WW WW WW
[xqc] RICK_WP: KickTime
[xqc] mrpicklemanbig: xqcLL I ENJOYED MY STAY xqcLL I ENJOYED MY STAY xqcLL I ENJOYED MY STAY xqcLL I ENJOYED MY STAY xqcLL I ENJOYED MY STAY xqcLL I ENJOYED MY STAY xqcLL  ͏
[xqc] patrickstar0670: awoo ͏
[xqc] omeezey_: EZ xqcL
[xqc] plasticst4arz: xqcL
[xqc] Concani_: xqcL I ENJOYED MY STAY
[xqc] gronkspikeyourmomm: xqcLL xqcLL xqcLL xqcLL
[xqc] othershrek: xqcLL xqcLL xqcLL
[xqc] lonzo_s2: xqcLL xqcLL xqcLL xqcLL xqcLL  ͏
[xqc] taebny: GIGACHAD  monday?
[xqc] BLURWYA: xqcLL  I ENJOYED MY STAY xqcLL I ENJOYED MY STAY xqcLL I ENJOYED MY STAY xqcLL I ENJOYED MY STAY
[xqc] ChefBronel: MMMM runescape ?
[xqc] Ajboy23: wwwwww
[xqc] Remastered_09: xqcLL xqcLL xqcLL
[xqc] Rational_Psycho: xqcLL
[xqc] deez_nuts52: xqcL MY JUICER xqcL MY JUICER xqcL MY JUICER xqcL MY JUICER xqcL MY JUICER xqcL MY JUICER xqcL MY JUICER
[xqc] Sloth_Tactics_: i enjoyed my stay xqcL
[xqc] jaydenbboyer: WW Stream xqcLL
[xqc] aiden_ba: xqcLL xqcLL xqcLL xqcLL xqcLL xqcLL
[xqc] edricsonc: WW WW
[xqc] ImSpeedyDragon: I ENJOYED MY STAY xqcL I ENJOYED MY STAY xqcL I ENJOYED MY STAY xqcL I ENJOYED MY STAY xqcL I ENJOYED MY STAY xqcL
[xqc] saguruu_: xqcL
[xqc] rageca6e: WW XQC WW XQC WW XQC WW XQC WW XQC WW XQC WW XQC WW XQC WW XQC WW XQC WW XQC
[xqc] Kap10Ten: GIGACHAD just another day
[xqc] Carter_757: its sunday
[xqc] kuuruGraph: xqcL xqcL have a nice sleep lil bub
[xqc] ceedy_deuce: notdianaVANISH
[xqc] itsb3no: bro think it Monday?
[xqc] Moffodes: PogChamp
[xqc] hwmotorola: xqcLL xqcLL xqcLL xqcLL xqcLL xqcLL xqcLL xqcLL xqcLL xqcLL xqcLL xqcLL xqcLL xqcLL
[xqc] SaifAlsayed: xqcLL
[xqc] Trutha: LO
[xqc] StickyBombSnake: xqcLL xqcLL xqcLL xqcLL
[xqc] WalaStika: DBUNKER!!!!!
[xqc] YuushaXD_: xqcL gn
[xqc] nononokes: I ENJOYED MY STAY xqcLL I ENJOYED MY STAY xqcLL I ENJOYED MY STAY xqcLL I ENJOYED MY STAY xqcLL I ENJOYED MY STAY xqcLL
[xqc] doebidap: I ENJOYED MY STAY xqcLL I ENJOYED MY STAY xqcLL I ENJOYED MY STAY xqcLL I ENJOYED MY STAY xqcLL I ENJOYED MY STAY xqcLL I ENJOYED MY STAY xqcLL
[xqc] Hefty439: xqcL W STREAM xqcL W STREAM xqcL W STREAM xqcL W STREAM xqcL W STREAM xqcL W STREAM xqcL W STREAM xqcL W STREAM
[xqc] arcafps: xqcLL
[xqc] BoltActionMike: ImHIM
[xqc] fredrickdouglass808: xqcL I ENJOYED MY STAY xqcL I ENJOYED MY STAY xqcL I ENJOYED MY STAY xqcL I ENJOYED MY STAY xqcL I ENJOYED MY STAY xqcL I ENJOYED MY STAY xqcL I ENJOYED MY STAY xqcL I ENJOYED MY STAY xqcL I ENJOYED MY STAY
[xqc] mekk_____: AURA EZ
[xqc] HAYDEN__________: I  enjoyed my stay xqcL
[xqc] malixxx__: xqcLL
[xqc] mariogamecrazy: xqcL I ENJOYED MY STAY
[xqc] spyverses: xqcLL
[xqc] mrpicklemanbig: xqcLL I ENJOYED MY STAY xqcLL I ENJOYED MY STAY xqcLL I ENJOYED MY STAY xqcLL I ENJOYED MY STAY xqcLL I ENJOYED MY STAY xqcLL I ENJOYED MY STAY xqcLL ͏
[xqc] 0sergen0: KickTime BETTER KickTime BETTER KickTime BETTER KickTime BETTER KickTime BETTER KickTime BETTER KickTime BETTER KickTime BETTER KickTime BETTER KickTime BETTER KickTime BETTER
[xqc] Scropionxking: xqcLL 󠀀
[xqc] espvd: xqcL ͏
[xqc] 1Taro2: xqcL
[xqc] raysanger: @xQc CMON PLEASE WE WANT 24K
[xqc] HawkNH: xqcL xqcL xqcL xqcL
[xqc] ezxema: worlds final and u going sleep ? @xQc ͏
[xqc] caseohsfeet12: wwww
[xqc] HardTlmes: xqcL GNNN
[xqc] fallenangel1117: I ENJOYED MY STAY
[xqc] feederle: WW  stream EZ
[xqc] vibeswithevan: agabye
[xqc] KidViciousTV: THANKS FOR STREAM @xQc
[xqc] iam_dog: DOUYIN SNIPERS xQxi DOUYIN SNIPERS xQxi DOUYIN SNIPERS xQxi DOUYIN SNIPERS xQxi DOUYIN SNIPERS xQxi DOUYIN SNIPERS xQxi DOUYIN SNIPERS xQxi DOUYIN SNIPERS xQxi DOUYIN SNIPERS xQxi DOUYIN SNIPERS xQxi DOUYIN SNIPERS xQxi DOUYIN SNIPERS xQxi @xQc
[xqc] elite__dog: xqcLL xqcL
[xqc] ado770: xqcLL xqcLL xqcLL xqcLL
[xqc] unknownwrldddddd: 12 more minss DansGame DansGame DansGame
[xqc] Kazurin: chat league watch party Okay
[xqc] grantdrpepper: JIGACHAD
[xqc] jin_etc: GAMBA
[xqc] edricsonc: xqcLL
[xqc] jigachad_holy: xqcL
[xqc] YoItsSmith: xqcL
[xqc] skawoy: I ENJYOED  MY STAY xqcLL
[xqc] th3net: I enjoyed my stay xqcL I enjoyed my stay xqcL I enjoyed my stay xqcL I enjoyed my stay xqcL I enjoyed my stay xqcL I enjoyed my stay xqcL I enjoyed my stay xqcL I enjoyed my stay xqcL
[xqc] 1Kryoth: !gamesplayed
[xqc] l3AHU: xqcLK
[xqc] smudgytable1: xqcLL xqcLL xqcLL
[xqc] sleeper_sammuel: xqcLL I ENJOYED MY STAY Smile xqcLL I ENJOYED MY STAY Smile xqcLL I ENJOYED MY STAY Smile xqcLL I ENJOYED MY STAY Smile
[xqc] Rawly36: EZ
[xqc] ezmoney53: beeBobble
[xqc] r0ckystar_: xqcL GOOD FUCKING STREAM xqcL xqcL GOOD FUCKING STREAM xqcL xqcL GOOD FUCKING STREAM xqcL xqcL GOOD FUCKING STREAM xqcL   ͏
[xqc] senyo445: i enjoyed my stay
[xqc] Mr_PoopyButhole68: xqcLL xqcLL xqcLL
[xqc] realsyox: EZ
[xqc] Visiontxx: WW
[xqc] Fossabot: @1Kryoth [08 Nov 2025]: Just Chatting (7h 5m), ARC Raiders (16h 43m)
[xqc] Solamon25: xqcLL  ͏
[xqc] NotKiki63: WW STREAM cuh xqcL
[xqc] C3RT1F13D: OUTRO POGGGGGGGG
[xqc] idunee: fUN STREAM DUDE TY FOR STREAMING
[xqc] CristianoooRonaldooo: xqcL W STREAM xqcL W STREAM xqcL W STREAM xqcL W STREAM xqcL W STREAM xqcL W STREAM xqcL W STREAM
[xqc] Kamzara: xqcL you the best
[xqc] EvoManny: xqcL gn gn
[xqc] filipqee: xqcL xqcL xqcL xqcL
[xqc] Pyrah04: WW STREAM
[xqc] 1GreenGoblin: xqcLL xqcLL xqcLL xqcLL xqcLL xqcLL
[xqc] Amphitryon007: just let the intro run for 12 minutes @xqc
[xqc] suprarational: SUNDAY
[xqc] xSLay3rJ: KPOPlove
[xqc] afroz1x: XqcLL
[xqc] TheCaptainGooey: xqcLL
[xqc] brandon_424: It's been awhile since you did a 24
[xqc] nioak: WW
[xqc] FiloDonnie: xqcL
[xqc] jenosaidoo: xqcL
[xqc] caseohsfeet12: wwwwww
[xqc] lazyyhermit: caseohPinkballon caseohPinkballon caseohPinkballon caseohPinkballon caseohPinkballon caseohPinkballon caseohPinkballon caseohPinkballon
[xqc] GambaCow: xqcL
[xqc] corvoesh: xqcLL xqcLL xqcLL
[xqc] yuuji4: WW
[xqc] jaehong96: xqcLK
[xqc] Chatting_: xqcLL ͏
[xqc] HILUX621_: WW STREAM
[xqc] blakedaboi: xqcLL
[xqc] goblin_7777777: xqcLL xqcLL
[xqc] formula7x: WW
[xqc] clearro: my strimmer EZ
[xqc] vithurann: xqcL
[xqc] Shloppywhett: xqcLL
[xqc] 12487: xqcL
[xqc] Scropionxking: xqcLL
[xqc] feederle: WW stream EZ
[xqc] valraSan: xqcL  WW SHORT STREAM xqcL WW SHORT STREAM xqcL WW SHORT STREAM xqcL WW SHORT STREAM xqcL WW SHORT STREAM
[xqc] reuhh: xqcL  i enjoyed my stay
[xqc] espvd: xqcL
[xqc] ceedy_deuce: xqcLL xqcLL xqcLL xqcLL xqcLL
[xqc] Ramune_Sodaa: xqcLL xqcLL xqcLL
[xqc] ZPUTTAN: EZ
[xqc] 1Taro2: xqcL ͏
[xqc] vibeswithevan: gn xqcL
[xqc] ericolmos83: PLS GAMBA
[xqc] nickorules_36: W DBUNKER
[xqc] HawkNH: xqcL xqcL xqcL
[xqc] is__da: xqcL xqcL xqcL xqcL xqcL xqcL xqcL xqcL xqcL xqcL
[xqc] elfezs: xqcL
[xqc] jbwyatt1976: WHATS GOIN ON CHAT ?
[xqc] joe1243254: xqcLL
[xqc] xsrbro: W bro good night
[xqc] rageca6e: WW XQC WW XQC WW XQC WW XQC WW XQC WW XQC WW XQC WW XQC WW XQC WW XQC WW XQC  ͏
[xqc] JIGACHAD123: STREAMER OF THE DECADE GIGACHAD
[xqc] shavthesav: xqcLL  <3
[xqc] ra6ist: THE GOAT xqcLL xqcLL xqcLL xqcL xqcL xqcL I enjoyed my stay
[xqc] caseohsfeet12: wwww
[xqc] IncredibleFire0: xqcLL
[xqc] BloodMoni: WW
[xqc] derekrad812: xqcL
[xqc] zerossxdd: xqcL
[xqc] darxie_: GN X
[xqc] theSD3: ggs Djuicer Dbunker GgoatxqcL
[xqc] 1GreenGoblin: xqcLL xqcLL xqcLL xqcLL xqcLL xqcLL xqcLL xqcLL xqcLL xqcLL xqcLL xqcLL
[xqc] Crypher_: xqcL
[xqc] Tech_Taylor: xqcL I enjoyed my stay
[xqc] patrickstar0670: awoo
[xqc] SpikePulse: xqcL i enjoyed my stay
[xqc] onered5: ggs man
[xqc] fishnothing: xqcL
[xqc] Rick_Grimes_EZ: sunday61Kiss sunday61Kiss sunday61Kiss sunday61Kiss sunday61Kiss
[xqc] HAYDEN__________: I enjoyed my stay xqcL .
[xqc] kypli4ek: xqcLL xqcLL xqcLL xqcLL xqcLL xqcLL
[xqc] JIGACHAD123: STREAMER OF THE DECADE GIGACHAD STREAMER OF THE DECADE GIGACHAD STREAMER OF THE DECADE GIGACHAD STREAMER OF THE DECADE GIGACHAD STREAMER OF THE DECADE GIGACHAD
[xqc] Mazeroski_: offline dota POGGERS
[xqc] MrMoonie: xqcLL i enjoyed my stay
[xqc] voidstellarvore: xqcL
[xqc] karlmares: W STREAM xqcLL xqcLL
[xqc] HILUX621_: WW STREAM ͏
[xqc] JayStarkx: I ENJOYED MY STAY xqcL
[xqc] itspummel_: WW Stream
[xqc] toottoot2_: xqcL
[xqc] KageFFA: thank you xqc
[xqc] HawkNH: xqcL xqcL xqcL xqcL xqcL
[xqc] LKTheMenace_: GG
[xqc] BLURWYA: WW xQc WW xQc WW xQc WW xQc WW xQc
[xqc] 1GreenGoblin: xqcLL xqcLL xqcLL xqcLL xqcLL xqcLL ͏
[xqc] josiah_CLT: HUH
[xqc] ykshellss: xqcL
[xqc] HAYDEN__________: I  enjoyed my stay xqcL
[xqc] 12487: xqcLK
[xqc] espvd: xqcL ͏
[xqc] Hectag0n_: I enjoyed my stay xqcLL
[xqc] mariogamecrazy: WW STREAM xqcL
[xqc] duckiebucko: LEAGUE FINALS @xQc LEAGUE FINALS @xQc LEAGUE FINALS @xQc LEAGUE FINALS @xQc LEAGUE FINALS @xQc LEAGUE FINALS @xQc LEAGUE FINALS @xQc LEAGUE FINALS @xQc LEAGUE FINALS @xQc
[xqc] 0ogs: xqcLL xqcLL xqcLL xqcLL xqcLL xqcLL xqcLL xqcLL xqcLL
[xqc] 0sergen0: KickTime  BETTER KickTime BETTER KickTime BETTER KickTime BETTER KickTime BETTER KickTime BETTER KickTime BETTER KickTime BETTER KickTime BETTER KickTime BETTER KickTime BETTER
[xqc] zzznosty: xqcL
[xqc] maplet0ast: xqcLL
[xqc] JuicceTV: Just grilled some burgers and steaks bro
[xqc] Suntripin: xqcLL
[xqc] theSD3: ggs Djuicer Dbunker Ggoat xqcL
[xqc] breakfastinthe80s: TheThing
[xqc] caseohsfeet12: wwwww
[xqc] ekinuu: hyoonLove hyoonFlower swtRose xqc
[xqc] MrMoonie: xqcLL i enjoyed my stay ͏
[xqc] poolboyaron: Gamba Aware
[xqc] u2ig: I ENJOYED MY STAY xqcL I ENJOYED MY STAY xqcL I ENJOYED MY STAY xqcL I ENJOYED MY STAY xqcL I ENJOYED MY STAY xqcL
[xqc] j101921: gn xqcLL xqcLL xqcLL xqcLL
[xqc] novlcee: BibleThump BibleThump BibleThump BibleThump BibleThump BibleThump BibleThump BibleThump BibleThump BibleThump BibleThump BibleThump BibleThump BibleThump BibleThump BibleThump BibleThump BibleThump BibleThump
[xqc] HardTlmes: FeelsOkayMan  <3 good strim
[xqc] lilyzcloudy: xqcL xqcL xqcL
[xqc] NOT5KYYY: WW xqcL
[xqc] Shrimpiy: xqcLL I ENJOYED MY STAY Smile xqcLL I ENJOYED MY STAY Smile xqcLL I ENJOYED MY STAY Smile xqcLL I ENJOYED MY STAY Smile
[xqc] 24kamikaze: xqcLL I ENJOYED MY STAY xqcLL I ENJOYED MY STAY xqcLL I ENJOYED MY STAY xqcLL I ENJOYED MY STAY xqcLL I ENJOYED MY STAY  ͏
[xqc] vexorDS: WW
[xqc] foliixx: xqcLL xqcLL xqcLL xqcLL xqcLL xqcLL
[xqc] CafiV: xqcLL
[xqc] nightosphere0: xqcL I ENJOYED MY STAY xqcL I ENJOYED MY STAY xqcL I ENJOYED MY STAY xqcL I ENJOYED MY STAY xqcL I ENJOYED MY STAY
[xqc] Kap10Ten: xqcL xqcL xqcL xqcL xqcL
[xqc] SnipyL: xqcL
[xqc] pkee123: 🐐🐐🐐🐐🐐🐐🐐🐐🐐🐐🐐🐐🐐🐐
[xqc] Lemonaade1: xqcLL WW stream
[xqc] th3net: I enjoyed my stay xqcL I enjoyed my stay xqcL I enjoyed my stay xqcL I enjoyed my stay xqcL I enjoyed my stay xqcL I enjoyed my stay xqcL I enjoyed my stay xqcL I
[xqc] mark1655: I ENJYOED MY STAY  xqcLL   I ENJYOED MY STAY  xqcLL   I ENJYOED MY STAY  xqcLL   I ENJYOED MY STAY  xqcLL
[xqc] QuickParsa101: xqcL
[xqc] Phantom_EDD: 10 more minutes
[xqc] itskryaxx: GOATED STREAM X
[xqc] YoItsSmith: xqcL xqcLL xqcL xqcLL xqcL xqcLL xqcL xqcLL xqcL xqcLL xqcL xqcLL
[xqc] flowers4clark: xqcL
[xqc] mybubucamel: xqcLL xqcLL xqcLL xqcLL xqcLL xqcLL xqcLL xqcLL xqcLL xqcLL xqcLL xqcLL
[xqc] brandon_424: W 24h
[xqc] HAYDEN__________: I  enjoyed my stay xqcL .
[xqc] kenji2d: xqcLL xqcLL
[xqc] Lightningice9: long streams back FeelsStrongMan
[xqc] ItsZarbon: xqcL
[xqc] blxnk0000: xqcL xqcL xqcL xqcL xqcL xqcOld xqcOld xqcOld
[xqc] theecats33: EZ Clap
[xqc] HawkNH: xqcL xqcL xqcL
[xqc] SuperBuu10: xqcL xqcL xqcL xqcL xqcL
[xqc] hesiodw: !!!!
[xqc] JuicceTV: by the pool
[xqc] 22Myno: ⠀⠀⠀⠀⠀⠀⡠⠄⠀⠀⣀⠀⣀⣄⠠⠀⠀⡀⠀⠀⠀⠀⠀⠀⠀⠀⠀⠀ ⠀⠀⠀⠀⠀⠞⢤⣶⣿⣿⣶⡌⢪⣴⣾⣿⣷⣦⡁⠀⠀⠀⠀⠀⠀⠀⠀⠀ ⣿⣧⡀⢠⠞⢹⣷⣿⡿⠋⠙⡁⠐⢿⣿⡿⠟⢋⡠⠀⠀⠀⠀⠀⠀⠀⠀⠀ ⣿⣿⡇⢀⣴⣿⣥⣜⣛⣉⣥⣴⣶⣶⣬⣍⣉⣁⣤⡄⣠⣤⣄⡤⢄⣀⡤⠀ ⣿⣿⡇⣾⣿⣿⣿⣿⣿⣿⣿⣿⣿⣿⡿⣿⡿⣱⣿⣧⣈⣠⠤⢞⣫⡄⠀⠀ ⣿⣿⡇⣿⣿⣿⣿⣿⣿⣿⣿⣿⣿⣶⡿⢗⣱⣿⣿⣿⣿⣦⣈⣭⡵⠶⣟⠃ ⣛⣛⡥⢻⣿⣿⣿⣿⣿⣿⣿⣿⣿⡇⠀⠉⠁⡒⠿⢿⣿⣿⣧⠔⠋⠉⠁⠀ ⣿⣿⣿⢸⣿⣿⣿⣿⣿⣿⣿⣿⣿⣿⣶⣄⠾⢿⣿⣷⣶⢙⣿⡀⠀⠀⠀⠀ ⣿⣿⣿⢸⣿⣿⣿⣿⣿⣿⣿⣿⣿⣿⣿⣿⣿⣿⣿⣿⣿⣿⡟⠀⠘⠋⠁⠀ ⣬⣭⣋⣸⣿⣿⣿⣿⣿⣿⣿⣿⣿⣿⣿⣿⣿⣿⣿⣿⣿⣿⠃⠠⠤⠀⠀⠀ ⣿⣿⣷⣆⢩⡛⢿⣿⡿⢸⣇⠛⠿⠿⣿⣿⣿⣿⣿⣿⣿⠏⠀⣠⣶⣶⣶⣿ ⣿⣿⣿⣿⣷⡝⢷⠉⡹⡰⡍⣈⣌⢱⣮⣝⠛⠛⠛⠉⠁⣰⣾⡟⠉ ͏
[xqc] momochii_ow: www
[xqc] Destltute: EZ REAL GRINDER
[xqc] MVestia: you need to go back to the antenas, after all the data
[xqc] nobibloom: LOVE YOU X AND CHAT
[xqc] RitaGGs: HES BACK EZ
[xqc] 12487: xqcLL
[xqc] hemlogg: MONKA
[xqc] DarklightKat: FeelsGladMan
[xqc] CrazyBearPlayz21: xqcLL
[xqc] CastroZY: xqcL
[xqc] ykshellss: xqcLL
[xqc] gamingsoup_: xqcL THEORIES WERE DEBUNKED TODAY
[xqc] HardTlmes: FeelsOkayMan <3 good strim
[xqc] shifu414: I ENJOYED MY STAY xqcL
[xqc] reyta94: <3 <3 <3 <3 <3 <3 <3 <3 <3 <3 <3 <3 <3 <3 xqcLL xqcLL xqcLL xqcLL xqcLL xqcLL xqcLL xqcLL xqcLL xqcLL xqcLL xqcLL xqcLL xqcLL xqcLL xqcLL xqcLL xqcLL xqcLL xqcLL xqcLL xqcLL
[xqc] kreply69: xqcL WW STREAM
[xqc] TheOpBro: xqcL I enjoyed my stay
[xqc] codmermaid: xqcL I ENJOYED xqcL
[xqc] derekkeller: xqcL
[xqc] vivisoulja_: xqcL
[xqc] filipqee: xqcL
[xqc] jigachad_holy: xqcL I ENJOYED MY STAY xqcL I ENJOYED MY STAY xqcL I ENJOYED MY STAY xqcL I ENJOYED MY STAY xqcL I ENJOYED MY STAY
[xqc] MrMoonie: xqcLL i enjoyed my stay xqcLL i enjoyed my stay xqcLL i enjoyed my stay xqcLL i enjoyed my stay xqcLL i enjoyed my stay xqcLL i enjoyed my stay
[xqc] bigdavebigdave: xqcLL Cinema stream xqcLL Cinema stream xqcLL Cinema stream
[xqc] lively021: xqcL xqcL xqcL
[xqc] momochii_ow: wwwwww
[xqc] HAYDEN__________: I enjoyed my stay xqcL
[xqc] l3AHU: xqcLK  I ENJOYED MY STAY xqcLK
[xqc] its_Physikz: xqcL
[xqc] sunflxwers: W
[xqc] projectmako47: xqcL
[xqc] Kefflings: LO
[xqc] momochii_ow: wwwww
[xqc] cus_a: xqcLL I ENJOYED MY STAY xqcLL I ENJOYED MY STAY xqcLL I ENJOYED MY STAY xqcLL I ENJOYED MY STAY

📊 Stats: 5241 messages in 17m0s (5.14 msg/sec)

[xqc] HAYDEN__________: I  enjoyed my stay xqcL
[xqc] ltsSalty: xqcLL xqcLL xqcLL xqcLL xqcLL xqcLL xqcLL
[xqc] gothherr: xqcLL xqcLL
[xqc] outkastedprince: xqcL thanks for the great stream
[xqc] MrMoonie: xqcLL i enjoyed my stay xqcLL i enjoyed my stay xqcLL i enjoyed my stay xqcLL i enjoyed my stay xqcLL i enjoyed my stay xqcLL i enjoyed my stay xqcLL i enjoyed my stay
[xqc] ChefBronel: xqcL later cuuh
[xqc] bustcuff: Wa
[xqc] dohxo: gn
[xqc] LKTheMenace_: GGGGG
[xqc] blxnk0000: xqcL xqcL xqcL xqcL xqcL
[xqc] FantomDestroyer: xqcL
[xqc] SP4DEZZZ: xqcLL xqcLL xqcLL xqcLL xqcLL xqcLL
[xqc] EUUGGO: xqcL
[xqc] nolimit_aspen: GOODNIGHT
[xqc] filipqee: xqcL xqcL xqcL xqcL xqcL xqcL
[xqc] mekk_____: I ENJOYED MY STAY xqcL W SHORT STREAM xqcL I ENJOYED MY STAY xqcL W SHORT STREAM xqcL I ENJOYED MY STAY xqcL W SHORT STREAM xqcL I ENJOYED MY STAY xqcL W SHORT STREAM xqcL  ͏
[xqc] HUSHMARRYE23: IEMS
[xqc] D3tectiveIce_: WW part time streamer
[xqc] adrian_3e: xqcL
[xqc] peperthepains: xqcL I ENJOYED MY STAY
[xqc] farmn11: I ENJOYED MY STAY xqcLL I ENJOYED MY STAY xqcLL
[xqc] bear_248: agabye X agabye Aiko
[xqc] Tech_Taylor: agabye X & AIKO
[xqc] LxgndR: I ENJOYED MY STAY xqcL
[xqc] evyeetus: agabye
[xqc] momochii_ow: w
[xqc] 8luiginary8: THANK YOU !!!!!!
[xqc] Stretch27: xqcL xqcL xqcL
[xqc] 12487: xqcL
[xqc] Svdylan: I enjoyed my stay xqcL I enjoyed my stay xqcL I enjoyed my stay xqcL I enjoyed my stay xqcL I enjoyed my stay xqcL I enjoyed my stay xqcL I enjoyed my stay xqcL I
[xqc] Scropionxking: xqcLL I enjoyed my stay
[xqc] cus_a: xqcLL I ENJOYED MY STAY xqcLL I ENJOYED MY STAY xqcLL I ENJOYED MY STAY xqcLL I ENJOYED MY STAY xqcLL I ENJOYED MY STAY xqcLL I ENJOYED MY STAY
[xqc] 0sergen0: KickTime BETTER KickTime BETTER KickTime BETTER KickTime BETTER KickTime BETTER KickTime BETTER KickTime BETTER KickTime BETTER KickTime BETTER KickTime BETTER KickTime BETTER
[xqc] elyasbtw: agabye
[xqc] caseohsfeet12: wwwwwwwwww
[xqc] kuromohits: agahi
[xqc] drajon3: xqcLL xqcLL
[xqc] jason_baguna: FeelsOkayMan <3 GOOD STREAM
[xqc] knockoutxxiii: I ENJOYED MAH STAY xqcLL @xQc  I ENJOYED MAH STAY xqcLL @xQc  I ENJOYED MAH STAY xqcLL @xQc  I ENJOYED MAH STAY xqcLL @xQc  I ENJOYED MAH STAY xqcLL @xQc
[xqc] ChefBronel: xqcL later cuuh ͏
[xqc] Lordmacdiddy: xqcL xqcL xqcL xqcL xqcL xqcL xqcL xqcL xqcL xqcL xqcL xqcL xqcL xqcL
[xqc] caseohsfeet12: wwwww
[xqc] JIGACHAD123: STREAMER OF THE DECADE GIGACHAD STREAMER OF THE DECADE GIGACHAD STREAMER OF THE DECADE GIGACHAD STREAMER OF THE DECADE GIGACHAD
[xqc] aiden_ba: xqcL I ENJOYED MY STAY xqcL I ENJOYED MY STAY xqcL I ENJOYED MY STAY xqcL I ENJOYED MY STAY xqcL I ENJOYED MY STAY
[xqc] SpikePulse: agabye
[xqc] the_best23335: Bye 👋
[xqc] boo123xdv2: xqcL xqcL xqcL xqcL xqcL xqcL xqcL xqcL xqcL xqcL xqcL xqcL xqcL xqcL xqcL xqcL xqcL xqcL xqcL xqcL xqcL xqcL xqcL xqcL xqcL xqcL xqcL xqcL
[xqc] grantdrpepper: WW
[xqc] Svdylan: I  enjoyed my stay xqcL I enjoyed my stay xqcL I enjoyed my stay xqcL I enjoyed my stay xqcL I enjoyed my stay xqcL I enjoyed my stay xqcL I enjoyed my stay xqcL I
[xqc] LKTheMenace_: GGGGGGGG
[xqc] foliixx: xqcLL xqcLL
[xqc] ianite258: agabye
[xqc] Stretch27: xqcL
[xqc] YuushaXD_: agabye x agabye aiko agabye chat
[xqc] theBCast: Thank all the people on WHATSAPP xqc
[xqc] BloodMoni: WW ͏
[xqc] Kefflings: xqcLL
[xqc] HAYDEN__________: I enjoyed my stay xqcL .
[xqc] wh1skkey: xqcL I ENJOYED MY STAY xqcL I ENJOYED MY STAY xqcL I ENJOYED MY STAY xqcL I ENJOYED MY STAY xqcL I ENJOYED MY STAY
[xqc] kypli4ek: xqcLL xqcLL xqcLL xqcLL xqcLL xqcLL  ͏
[xqc] rickIoI: xqcLK
[xqc] amk466: agabye
[xqc] th3net: xqcL ͏
[xqc] bborisz: xqcL I ENJOYED MY STAY xqcL I ENJOYED MY STAY xqcL I ENJOYED MY STAY xqcL I ENJOYED MY STAY xqcL I ENJOYED MY STAY
[xqc] 1longduckdong: Wow no g a mba this wh ole t ime
[xqc] caseohsfeet12: wwww
[xqc] nobibloom: xqcL
[xqc] sandyfatcheekss: 🕴️🕴️🕴️🕴️🕴️🕴️🕴️🕴️🕴️🕴️🕴️🕴️
[xqc] flashfan011: xqcLL xqcL
[xqc] xSLay3rJ: KPOPlove KPOPlove
[xqc] imsamscoll: xqcLL
[xqc] 0ogs: xqcLL xqcLL xqcLL xqcLL xqcLL xqcLL xqcLL xqcLL
[xqc] TheRealCypheric: xqcL
[xqc] zsungat: agahi ͏
[xqc] itsb3no: goodnight dbunka
[xqc] L22M23: xqcLL xqcLL xqcLL
[xqc] febzo2: floating hand MONKA
[xqc] Scropionxking: xqcLL  I enjoyed my stay
[xqc] WattiesSauce: agabye aiko
[xqc] r0ckystar_: xqcL W STREAM xqcL W STREAM xqcL W STREAM xqcL W STREAM xqcL W STREAM xqcL W STREAM xqcL W STREAM ͏
[xqc] t_straw: xqcLL xqcLL xqcLL xqcLL xqcLL
[xqc] Concani_: TELEGRAM mhm
[xqc] Lewqueez: xqcL D JUICER
[xqc] HAYDEN__________: I enjoyed my stay xqcL
[xqc] bearinark: xqcL
[xqc] KryptScript: agabye
[xqc] knockoutxxiii: I ENJOYED MAH STAY xqcLL @xQc  I ENJOYED MAH STAY xqcLL @xQc  I ENJOYED MAH STAY xqcLL @xQc  I ENJOYED MAH STAY xqcLL @xQc  I ENJOYED MAH STAY xqcLL @xQc  I ENJOYED MAH STAY xqcLL @xQc  I ENJOYED MAH STAY xqcLL @xQc
[xqc] MoonieMakima: xqcLL xqcLL xqcLL xqcLL xqcLL xqcLL
[xqc] Joshualt: xqcL xqcL
[xqc] knowing147: agabye @xQc gn aiko
[xqc] britein918: I enojoyed my 15hr stay in 24hr stream
[xqc] ijustdosmileyface: :tf: 23:59 :59 ͏
[xqc] HAYDEN__________: I enjoyed my stay xqcL .
[xqc] NOT5KYYY: xqcL I ENJOYED MY STAY xqcL I ENJOYED MY STAY xqcL I ENJOYED MY STAY xqcL I ENJOYED MY STAY xqcL I ENJOYED MY STAY
[xqc] caseohsfeet12: www
[xqc] dohxo: Gn cuh
[xqc] Hectag0n_: xqcLL
[xqc] MistaBK: good night sleep well mista cow xqcL
[xqc] ImEagle7: WW STREAM
[xqc] Lemonaade1: xqcLL
[xqc] Nazeru666: I ENJOYED MY STAY xqcLL I ENJOYED MY STAY xqcLL I ENJOYED MY STAY xqcLL I ENJOYED MY STAY xqcLL I ENJOYED MY STAY xqcLL I ENJOYED MY STAY xqcLL I ENJOYED MY STAY xqcLL I ENJOYED MY STAY xqcLL I ENJOYED MY STAY xqcLL I ENJOYED MY STAY xqcLL
[xqc] lzd1107: good stream mr cow we love u
[xqc] jenosaidoo: xqcL enjoyed my stay xqcL enjoyed my stay xqcL enjoyed my stay xqcL enjoyed my stay xqcL enjoyed my stay
[xqc] ykshellss: xqcLL  I ENJOYED MY STAY xqcLL I ENJOYED MY STAY xqcLL I ENJOYED MY STAY xqcLL I ENJOYED MY STAY xqcLL I ENJOYED MY STAY xqcLL I ENJOYED MY STAY
[xqc] matrilla23: 👋👋👋
[xqc] aidan_van18: WWWW
[xqc] mariogamecrazy: agabye X & Aiko
[xqc] kawaii_usagi46: Almost 24 hours
[xqc] 1Kryoth: Clueless
[xqc] 0ogs: xqcLL xqcLL xqcLL xqcLL xqcLL xqcLL xqcLL
[xqc] Coldblackice: xqcL WW SHORT STREAM xqcL WW SHORT STREAM xqcL WW SHORT STREAM xqcL WW SHORT STREAM xqcL WW SHORT STREAM xqc
[xqc] JayStarkx: I  ENJOYED MY STAY xqcL I ENJOYED MY STAY xqcL I ENJOYED MY STAY xqcL I ENJOYED MY STAY xqcL I ENJOYED MY STAY xqcL I ENJOYED MY STAY xqcL I ENJOYED MY STAY xqcL I ENJOYED MY STAY xqcL
[xqc] HawkNH: xqcL
[xqc] yanagi1272: xqcL
[xqc] afroz1x: xqcLL
[xqc] cus_a: xqcLL I ENJOYED MY STAY xqcLL I ENJOYED MY STAY xqcLL I ENJOYED MY STAY xqcLL I ENJOYED MY STAY xqcLL I ENJOYED MY STAY xqcLL I ENJOYED MY STAY xqcLL I ENJOYED MY STAY xqcLL I ENJOYED MY STAY xqcLL I ENJOYED MY STAY xqcLL I ENJOYED MY STAY
[xqc] SnipyL: xqcL  xqc
[xqc] HardTlmes: FeelsOkayMan  <3 good strim
[xqc] iluvleevi: xqcLL I ENJOYED MY STAY xqcLL I ENJOYED MY STAY xqcLL I ENJOYED MY STAY xqcLL I ENJOYED MY STAY xqcLL I ENJOYED MY STAY xqcLL I ENJOYED MY STAY xqcLL
[xqc] filipqee: xqcL xqcL xqcL
[xqc] lilyzcloudy: agabye agabye cuh
[xqc] caseohsfeet12: wwwww
[xqc] HAYDEN__________: I  enjoyed my stay xqcL .
[xqc] lazyyhermit: caseohPinkballon caseohPinkballon caseohPinkballon caseohPinkballon
[xqc] Lacoxy: xqcL
[xqc] gutswasright: xqcL I enjoyed my stay xqcL I enjoyed my stay xqcL I enjoyed my stay xqcL I enjoyed my stay
[xqc] Kefflings: agabye
[xqc] aiden_ba: xqcL I ENJOYED MY STAY xqcL I ENJOYED MY STAY xqcL I ENJOYED MY STAY xqcL I ENJOYED MY STAY xqcL I ENJOYED MY STAY ͏
[xqc] fallenangel1117: goodnight byeee
[xqc] JonathanSwift: 10 more mins bro
[xqc] BigDauhwg: xqcL ͏
[xqc] K0rrupt1on: xqcLL
[xqc] bigdavebigdave: xqcLL Cinema stream xqcLL Cinema stream xqcLL Cinema stream @xQc
[xqc] vince9796: xqcL holy chad
[xqc] Cloudzsurf: xqcLL
[xqc] HawkNH: xqcL ͏
[xqc] 90402: xqcLL xqcL xqcLL xqcL
[xqc] itsMeKev_: agabye x agabye aiko
[xqc] Rick_Grimes_EZ: sunday61Luvu sunday61Luvu sunday61Luvu sunday61Luvu sunday61Luvu sunday61Luvu sunday61Luvu
[xqc] SP4DEZZZ: GOOD STREAM xqcLL xqcLL xqcLL
[xqc] shavthesav: xqcLL 󠀀
[xqc] isaias_d: 10 mins for 24 WW xqcLL
[xqc] kreply69: Listening
[xqc] FantomDestroyer: xqcL Good stream
[xqc] Svdylan: I enjoyed my stay xqcL I enjoyed my stay xqcL I enjoyed my stay xqcL I enjoyed my stay xqcL I enjoyed my stay xqcL I enjoyed my stay xqcL I enjoyed my stay xqcL I
[xqc] reuhh: xqcL 󠀀
[xqc] j101921: juicer xqcLL
[xqc] reliantt_: last stream xqcL
[xqc] HAYDEN__________: I enjoyed my stay xqcL
[xqc] iluvleevi: xqcLL I ENJOYED MY STAY xqcLL I ENJOYED MY STAY xqcLL I ENJOYED MY STAY xqcLL I ENJOYED MY STAY xqcLL I ENJOYED MY STAY xqcLL I ENJOYED MY STAY xqcLL ͏
[xqc] nakano_it5uki: WW STREAM xqcL I ENJOYED MY STAY
[xqc] jenosaidoo: KUCKS LOL
[xqc] espvd: xqcL
[xqc] ternexy: xqcL such a good stream
[xqc] duckiebucko: 24 HRS ON IS CHAIR LO 24 HRS ON IS CHAIR LO 24 HRS ON IS CHAIR LO 24 HRS ON IS CHAIR LO 24 HRS ON IS CHAIR LO 24 HRS ON IS CHAIR LO 24 HRS ON IS CHAIR LO 24 HRS ON IS CHAIR LO
[xqc] rickIoI: xqcLL
[xqc] love_triangle: xqcLL WW STREAM xqcLL WW STREAM xqcLL WW STREAM xqcLL WW STREAM xqcLL WW STREAM
[xqc] bladeefan91: xqcL xqcL BYEBYE xqcL xqcL
[xqc] onkeklol: last stream :(
[xqc] artificia1love: I enjoyed my stay xqcLL
[xqc] havingfamous: thank you king
[xqc] monstrous0: WAIT UNTIL 24  BRO
[xqc] JustUs7tv: THANKS FOR THE 24 HOURS
[xqc] josiah_CLT: HUH HUH HUH HUH  HUH HUH HUHHUH HUHHUHHUH HUH
[xqc] l3AHU: xqcLK I ENJOYED MY STAY
[xqc] LEGOenthusiast: xqcL Go T1!!!!!
[xqc] Lacoxy: I enjoyed my stay
[xqc] bilalzx: xqcLL xqcLL xqcLL xqcLL xqcLL xqcLL xqcLL xqcLL xqcLL xqcLL
[xqc] Tsuichi: xqcLL
[xqc] HawkNH: xqcL
[xqc] HAYDEN__________: I  enjoyed my stay xqcL
[xqc] Vain0o: gg
[xqc] onered5: xqcLL
[xqc] vexorDS: I ENJOYED MY STAY xqcL W SHORT STREAM xqcL I ENJOYED MY STAY xqcL W SHORT STREAM xqcL I ENJOYED MY STAY xqcL W SHORT STREAM xqcL I ENJOYED MY STAY xqcL W SHORT STREAM
[xqc] duckiebucko: 24 HRS ON IS CHAIR LO 24 HRS ON IS CHAIR LO 24 HRS ON IS CHAIR LO 24 HRS ON IS CHAIR LO 24 HRS ON IS CHAIR LO 24 HRS ON IS CHAIR LO 24 HRS ON IS CHAIR LO
[xqc] HUSHMARRYE23: <33333
[xqc] luka115_: xqcL xqcL xqcL xqcL xqcL xqcL xqcL xqcL xqcL
[xqc] McYamo: I enjoyed my day xqcL xqc
[xqc] toottoot2_: xqcL 󠀀
[xqc] i2dex: bye
[xqc] ericolmos83: xqcL xqcL xqcLL
[xqc] BloodMoni: WW
[xqc] flashfan011: agabye
[xqc] scythel1224: HOLY W STREAM
[xqc] giinby: xqcLL BYE KUCKS
[xqc] jigachad_holy: xqcL I ENJOYED MY STAY xqcL I ENJOYED MY STAY xqcL I ENJOYED MY STAY
[xqc] 12487: xqcLK
[xqc] Krelyks: can you call us poor now xqcLL
[xqc] Chatting_: xqcLL
[xqc] feederle: see u soon Cool ❤️
[xqc] spyverses: xqcLL xqcLL
[xqc] havingfamous: ily @xQc
[xqc] outkastedprince: WW stream
[xqc] HAYDEN__________: I enjoyed my stay xqcL
[xqc] DBDozerr: Okay  ͏
[xqc] HawkNH: xqcL ͏
[xqc] xHakuBaku: xqcL xqcL
[xqc] illthaes69: have a good sleep juicelord
[xqc] Acetsune: xqcL
[xqc] valraSan: xqcL WW SHORT STREAM xqcL WW SHORT STREAM xqcL WW SHORT STREAM xqcL WW SHORT STREAM xqcL WW SHORT STREAM
[xqc] StingR_OW: I  ENJOYED MY STAY xqcL I ENJOYED MY STAY xqcL I ENJOYED MY STAY xqcL I ENJOYED MY STAY xqcL I ENJOYED MY STAY xqcL I ENJOYED MY STAY xqcL I ENJOYED MY STAY xqcL I ENJOYED MY STAY xqcL
[xqc] fredrickdouglass808: xqcL I ENJOYED MY STAY xqcL I ENJOYED MY STAY xqcL I ENJOYED MY STAY xqcL I ENJOYED MY STAY xqcL I ENJOYED MY STAY xqcL I ENJOYED MY STAY
[xqc] Nohboku: I ENJOYED MY STAY xqcL
[xqc] SnipyL: xqcL
[xqc] y1ann1v: HUH  ͏
[xqc] brecktyn: goodnight dewd
[xqc] lilyzcloudy: agabye agabye
[xqc] Lewqueez: agabye
[xqc] gutswasright: xqcL I enjoyed my stay xqcL I enjoyed my stay
[xqc] vivisoulja_: KUCKS xqcL
[xqc] katchi_ii: I PLAYED WITH MY JUICER XQCL
[xqc] MistaBK: agaByr
[xqc] SlimYonko: xQcL I ENJOYED MY STAY
[xqc] ekinuu: xqcL
[xqc] Lordmacdiddy: xqcL xqcL xqcL xqcL xqcL xqcL
[xqc] joneslaurent: xqcLL xqcLL xqcLL
[xqc] Tinokap: W srimmer
[xqc] jason_baguna: gn everyone <3
[xqc] aydenismad: thank you x, xqcL
[xqc] vexorDS: I ENJOYED MY STAY xqcL W SHORT STREAM xqcL I ENJOYED MY STAY xqcL W SHORT STREAM xqcL I ENJOYED MY STAY xqcL W SHORT STREAM xqcL I ENJOYED MY STAY xqcL W SHORT STREAM ͏
[xqc] sznxsky: xqcL xqcL xqcLL xqcLL xqcLL xqcL xqcLL
[xqc] TheRealCypheric: xqcL ͏
[xqc] NormanOnline: xqcL enjoyed my stay xqcL enjoyed my stay xqcL enjoyed my stay xqcL enjoyed my stay xqcL enjoyed my stay
[xqc] drajon3: xqcLL xqcLL xqcLL
[xqc] grantdrpepper: xqcL
[xqc] ChristmasCelebration: byby
[xqc] vince9796: xqcL xqcL xqcL
[xqc] shemmy_: xqcLL
[xqc] OrcalaFF: WW sister
[xqc] ItsZarbon: agabye
[xqc] espvd: xqcL agabye
[xqc] th3net: xqcL  later mr cow
[xqc] Nuhrv: xqcL
[xqc] DBDozerr: xqcL
[xqc] jigachad_holy: agabye
[xqc] raflican: xqcLL I enjoyed my stay xqcLL I enjoyed my stay xqcLL I enjoyed my stay xqcLL I enjoyed my stay
[xqc] BoltActionMike: xqcLL I enjoyed my stay
[xqc] miill0: xqcL  xqcL  xqcL  xqcL  xqcL  xqcL  xqcL  xqcL  xqcL  xqcL
[xqc] coldthrush: xqcLL
[xqc] brain_xiv: xqcL @xQc GOOD STREAM
[xqc] balllllllssss: xqcL xqcL xqcL xqcL xqcL
[xqc] PetroneXL: sheesh
[xqc] 12487: xqcLL
[xqc] lamconfused: GETOUT
[xqc] nef414: take care xqcLL xqcLL xqcLL xqcLL
[xqc] l3AHU: xqcLK I ENJOYED MY STAY xqcLK
[xqc] SirGeoW: xqcLL
[xqc] bee8333: xqcLL
[xqc] ericolmos83: xqcLL xqcLL
[xqc] ceedy_deuce: love you debunks
[xqc] BloodMoni: AMAZING STREAM WW
[xqc] LukedasavageBOII: xqcL
[xqc] McYamo: I enjoyed my day xqcL xqc ͏
[xqc] Coldblackice: SKEET + SHEESH OUTRO?? xqc Prayge
[xqc] knockoutxxiii: NOWWHAT  RainTime
[xqc] ra6ist: @xqc xqcL xqcLL xqcL xqcLL xqcL I enjoyed my stay dada
[xqc] harukakono: agabye
[xqc] youabsolutelegend: 10 minutes short
[xqc] HawkNH: xqcL xqcL xqcL xqcL xqcL
[xqc] britein918: XqcLL
[xqc] love_triangle: agabye
[xqc] JayStarkx: agabye
[xqc] FlentFamicom: WW aiko
[xqc] RushBaron: not even 24 hours OMEGALUL
[xqc] knowing147: @aikobliss agabye
[xqc] duckiebucko: 24 HRS ON IS CHAIR LO 24 HRS ON IS CHAIR LO 24 HRS ON IS CHAIR LO 24 HRS ON IS CHAIR LO 24 HRS ON IS CHAIR LO 24 HRS ON IS CHAIR LO 24 HRS ON IS CHAIR LO 24 HRS ON IS CHAIR LO
[xqc] JuicceTV: NIce dog
[xqc] ykshellss: xqcLL I ENJOYED MY STAY xqcLL I ENJOYED MY STAY xqcLL I ENJOYED MY STAY xqcLL I ENJOYED MY STAY xqcLL I ENJOYED MY STAY xqcLL I ENJOYED MY STAY
[xqc] oAesthetic_: agahi
[xqc] Loska_999: LOL pet
[xqc] jason_baguna: rest well <3
[xqc] 0sergen0: LO
[xqc] qt_k8: happy burthday? @xQc
[xqc] pervysage68: xqcLL
[xqc] DonoHS: WW KUCKS
[xqc] patientrhyme: AIKO ALERT  ͏
[xqc] filipqee: xqcL xqcL xqcL xqcL xqcL xqcL xqcL xqcL xqcL xqcL xqcL xqcL xqcL xqcL
[xqc] 00Bluey: xqcLL
[xqc] joneslaurent: xqcLL xqcLL xqcLL xqcLL
[xqc] actualgustavo: xqcL i enjoyed my stay
[xqc] Lemonaade1: WW sister
[xqc] SP4DEZZZ: xqcLL xqcLL xqcLL xqcLL xqcLL xqcLL
[xqc] vxzoa: xqcL
[xqc] feederle: see  u soon Cool ❤️
[xqc] 616Ghost: agabye agabye agabye agabye agabye agabye
[xqc] Concani_: agabye AIKO
[xqc] matthd_lol: I ENJOYED MY START
[xqc] breakfastinthe80s: xqcLL
[xqc] 12487: xqcL
[xqc] KrMaCoW: NOT EVEN 24 HOURS LOL
[xqc] its_Physikz: AIKO agabye
[xqc] snowballing3: HUH
[xqc] murloccc: xqcL
[xqc] shorrtyyy: The fuk he just say
[xqc] ilkvet: love you
[xqc] JerOhm_qc: xqcLL Nice stream
[xqc] BecomingSavior: <3
[xqc] Krelyks: can you call us poor now? xqcLL
[xqc] ceedy_deuce: goat
[xqc] amk466: LO
[xqc] Lemonaade1: WW
[xqc] roomez: LO
[xqc] SnipyL: xqcL ͏
[xqc] spyverses: xqcL
[xqc] Kamzara: take care <3  xqcL solo
[xqc] vince9796: xqcL xqcL
[xqc] WattiesSauce: agabye
[xqc] unkn0wn_guy_69: xqcLL
[xqc] Shrimpiy: xqcL I enjoyed my stay xqcL I enjoyed my stay xqcL I enjoyed my stay xqcL I enjoyed my stay xqcL I enjoyed my stay xqcL I enjoyed my stay xqcL xqcLL
[xqc] MistaBK: agabye
[xqc] sobermaller: I ENJOYED MAH STAY xqcLL @xQc  I ENJOYED MAH STAY xqcLL @xQc  I ENJOYED MAH STAY xqcLL @xQc  I ENJOYED MAH STAY xqcLL @xQc  I ENJOYED MAH STAY xqcLL @xQc
[xqc] ericolmos83: agabye
[xqc] taebny: agabye  TOMORROW Clueless
[xqc] filipqee: xqcL xqcL xqcL xqcL
[xqc] WalaStika: agahi
[xqc] K0rrupt1on: okak
[xqc] pkee123: 🐐🐐🐐🐐🐐🐐🐐🐐🐐🐐🐐🐐
[xqc] nakano_it5uki: WW caretaker
[xqc] farmn11: I ENJOYED MY STAY xqcLL I ENJOYED MY STAY xqcLL I ENJOYED MY STAY xqcLL I ENJOYED MY STAY xqcLL
[xqc] Nohboku: xqcL I ENJOYED MY STAY
[xqc] mickeymicky2: 24 hrs GOAT
[xqc] superultramegajuicelord: PepePls
[xqc] Lanky_TL: agahi AIKO
[xqc] Elymara: I  ENJOYED MY STAY xqcL I ENJOYED MY STAY xqcL I ENJOYED MY STAY xqcL I ENJOYED MY STAY xqcL I ENJOYED MY STAY xqcL
[xqc] HawkNH: xqcL xqcL xqcL
[xqc] nulVirtigo: agabye
[xqc] shemmy_: xqcL xqcL xqcL xqcL xqcL xqcL xqcL
[xqc] jaydenbboyer: xqcLL
[xqc] Hectag0n_: agabye
[xqc] kuuruGraph: xqcLK xqcLK
[xqc] Concani_: okak
[xqc] vexorDS: https://cdn.7tv.app/emote/01JKP9G4MNDW3CCJV1SGAC9G7A/1x.avif
[xqc] shavthesav: agabye 󠀀
[xqc] edricsonc: WW Sis
[xqc] taebny: agabye TOMORROW Clueless
[xqc] ImSpeedyDragon: I ENJOYED MY STAY xqcL I ENJOYED MY STAY xqcL I ENJOYED MY STAY xqcL I ENJOYED MY STAY xqcL I ENJOYED MY STAY xqcL ͏
[xqc] JayStarkx: I ENJOYED MY STAY xqcL I ENJOYED MY STAY xqcL I ENJOYED MY STAY xqcL I ENJOYED MY STAY xqcL I ENJOYED MY STAY xqcL I ENJOYED MY STAY xqcL I ENJOYED MY STAY xqcL I ENJOYED MY STAY xqcL
[xqc] FantomDestroyer: xqcL ͏
[xqc] knockoutxxiii: NOWWHAT  RainTime  PC FANS INCOMING... Loading
[xqc] brown_zenkai: xqcL
[xqc] Saishonii: xqcL
[xqc] HAYDEN__________: I enjoyed my stay xqcL .
[xqc] espvd: wideVIBE ͏
[xqc] binchiomi: LUL AIKO
[xqc] EphialtesTV: agabye
[xqc] ekinuu: xqcDab
[xqc] jason_baguna: SKRRRTT SKRRRTT
[xqc] oooojffff: xqcLL xqcLL xqcLL xqcLL xqcLL xqcLL xqcLL xqcLL xqcLL xqcLL xqcLL xqcLL xqcLL
[xqc] BloodMoni: I ENJOYED MY STAY
[xqc] Ludwigiib: xqcL
[xqc] cartman1517: see ya later goodnight xqcL
[xqc] foxyfurryarts: WW sis
[xqc] instiinxt: xqcLL
[xqc] l3AHU: xqcLK peace
[xqc] Destltute: SeemsGood
[xqc] MLGPOnYaSHA: agabye
[xqc] ericolmos83: agabye aiko
[xqc] deoful_: xqcLL I ENJOYED MY STAY xqcLL I ENJOYED MY STAY xqcLL I ENJOYED MY STAY xqcLL I ENJOYED MY STAY xqcLL I ENJOYED MY STAY xqcLL I ENJOYED MY STAY
[xqc] lofyy10: lol
[xqc] Etreans: xqcLL almost 24 hour
[xqc] luekon5: xqcLL
[xqc] JuicceTV: Cheers
[xqc] 12487: xqcLK
[xqc] Gushyman123: I ENJOYED MY STAY xqcL I ENJOYED MY STAY xqcL I ENJOYED MY STAY xqcL I ENJOYED MY STAY xqcL I ENJOYED MY STAY xqcL
[xqc] SushiMagic: agabye
[xqc] onered5: agabye EDM
[xqc] monstrous0: JUST 10 MORE MINS
[xqc] DonoHS: agabye
[xqc] joneslaurent: shshs
[xqc] yyces: GOATTTTTTTTTTTTTTTTTTTT
[xqc] drajon3: agabye
[xqc] iluvleevi: xqcLL I ENJOYED MY STAY xqcLL I ENJOYED MY STAY xqcLL I ENJOYED MY STAY xqcLL I ENJOYED MY STAY xqcLL I ENJOYED MY STAY xqcLL I ENJOYED MY STAY xqcLL
[xqc] moonelara: BYEEE
[xqc] armhair: I ENJOYED MY STAY xqcL xqcL xqcL xqcL
[xqc] CrazyBearPlayz21: agabye
[xqc] sqeakychipmunk: agabye
[xqc] MOOSE_on_the_loose_: xqcL agabye
[xqc] gohnuihghokn: WW
[xqc] bladeefan91: xqcL xqcL xqcL
[xqc] green_onionchips: xqcL xqcL xqcL
[xqc] Lightningice9: xqcL xqcL xqcL xqcL xqcL xqcL
[xqc] cavsbron: xqcL
[xqc] shavthesav: agabye
[xqc] brandon_424: xqcLL xqcLL
[xqc] baaaaaannnnn: xqcLL xqcLL xqcLL xqcLL xqcLL xqcLL xqcLL xqcLL xqcLL
[xqc] jason_baguna: PepePls
[xqc] vivisoulja_: dono LOL
[xqc] ilkvet: xqcLL xqcLL xqcLL
[xqc] Gubbis_db000: agabye
[xqc] blackyandsalty: xqcLL xqcLL
[xqc] 12487: xqcLL
[xqc] codmermaid: Classic ended before 24 mark
[xqc] jigachad_holy: xqcL I ENJOYED MY STAY xqcL I ENJOYED MY STAY xqcL I ENJOYED MY STAY xqcL I ENJOYED MY STAY

📊 Stats: 5634 messages in 17m30s (5.37 msg/sec)

[xqc] BoobaZee: I ENJOYED M YSTAY xqcL
[xqc] breakfastinthe80s: xqcLL xqcLL
[xqc] wardrusturol1982: bro got caught in 4k
[xqc] espvd: wideVIBE wideVIBE wideVIBE wideVIBE wideVIBE wideVIBE
[xqc] AverageTwitchUser_LuL: YAPPING for 10 mins bro
[xqc] iluvleevi: xqcLL I ENJOYED MY STAY xqcLL I ENJOYED MY STAY xqcLL I ENJOYED MY STAY xqcLL I ENJOYED MY STAY xqcLL I ENJOYED MY STAY xqcLL I ENJOYED MY STAY xqcLL ͏
[xqc] BLURWYA: aiko agabye xqc agabye
[xqc] kuromohits: WW
[xqc] febzo2: LOL DONO
[xqc] Stendon: DonoWall
[xqc] Jolesta: xqcLL I ENJOYED MY STA
[xqc] SnipyL: xqcL
[xqc] WalaStika: agahi  AIKO
[xqc] smoothgeoo: 24 hour stream
[xqc] l3AHU: xqcLK  peace
[xqc] r0ckystar_: xqcL BYEE BYEE BRO
[xqc] FlentFamicom: WW xqc ty for the effort
[xqc] 616Ghost: o7
[xqc] darkSOULweaver: I ENJOYED MY STAY xqcLL
[xqc] nononokes: I ENJOYED MY STAY xqcLL I ENJOYED MY STAY xqcLL I ENJOYED MY STAY xqcLL
[xqc] Concani_: DonoWall
[xqc] SP4DEZZZ: xqcLL xqcLL xqcLL xqcLL xqcLL xqcLL xqcLL
[xqc] ltsSalty: xqcLL xqcLL xqcLL xqcLL xqcLL xqcLL xqcLL
[xqc] smoothgeoo: is crazy
[xqc] fredrickdouglass808: agabye
[xqc] joneslaurent: shdvsvo
[xqc] fedzyo: xqcL
[xqc] Ghostcreeper_: xqcL
[xqc] ItsZarbon: xqcL
[xqc] love_triangle: DonoWall
[xqc] formula7x: LO DONO
[xqc] iam_dog: WW NURSE
[xqc] taebny: -5 LOL
[xqc] i3eamers: modCheck kucks
[xqc] HAYDEN__________: I  enjoyed my stay xqcL .
[xqc] 00Bluey: xqcL
[xqc] itspummel_: agabye WW Stream
[xqc] yungrazz: DONOLOL
[xqc] matiblunt: DONO LOL DONO LOL DONO LOL DONO LOL DONO LOL DONO LOL DONO LOL DONO LOL DONO LOL DONO LOL DONO LOL DONO LOL DONO LOL
[xqc] mon_gasan: DonoWall
[xqc] jigachad_holy: xqcL I ENJOYED MY STAY xqcL I ENJOYED MY STAY xqcL I ENJOYED MY STAY xqcL I ENJOYED MY STAY xqcL I ENJOYED MY STAY
[xqc] JohneeBeGood: xqcLL
[xqc] HawkNH: xqcL xqcL
[xqc] Scropionxking: xqcLL I enjoyed my stay xqcLL I enjoyed my stay xqcLL I enjoyed my stay xqcLL I enjoyed my stay xqcLL I enjoyed my stay
[xqc] mariogamecrazy: WW STREAM xqcL
[xqc] Gushyman123: I ENJOYED MY STAY xqcL I ENJOYED MY STAY xqcL I ENJOYED MY STAY xqcL I ENJOYED MY STAY xqcL I ENJOYED MY STAY xqcL I ENJOYED MY STAY xqcL I ENJOYED MY STAY xqcL
[xqc] MrMoonie: xqcLL
[xqc] n8oll: FeelsBadMan
[xqc] superultramegajuicelord: PepePls  BYE
[xqc] lloydixiv: LO Dono
[xqc] CrazyBearPlayz21: agabye bye xqc
[xqc] 12487: xqcL
[xqc] 1akuri1: xqcLL xqcLL
[xqc] fishnothing: LOL
[xqc] golden_miso: xqcL xqcLL
[xqc] MistaBK: bye chat agabye
[xqc] Nohboku: xqcL
[xqc] nef414: WW sis
[xqc] vibeswithevan: xqcL
[xqc] riliani: xqcLL
[xqc] mekk_____: I ENJOYED MY STAY xqcL I ENJOYED MY STAY xqcL I ENJOYED MY STAY xqcL I ENJOYED MY STAY xqcL I ENJOYED MY STAY xqcL I ENJOYED MY STAY xqcL
[xqc] rubandzxo: xqcL
[xqc] 1akuri1: xqcLL xqcLL xqcLL xqcLL xqcLL
[xqc] jeremo947: agabye
[xqc] madbuhman: xqcCry PianoTime xqcCry PianoTime xqcCry PianoTime
[xqc] GranolaBrendon: xqcL
[xqc] ra6ist: agahi
[xqc] r0ckystar_: xqcL BYEE BYEE BRO xqcL
[xqc] lazyyhermit: W SISTER
[xqc] HAYDEN__________: I  enjoyed my stay xqcL
[xqc] bigdavebigdave: LO DONO LO DONO LO DONO LO DONO
[xqc] Mr_Bloo: dono what
[xqc] letto010: xqcL gn
[xqc] dogwithdabutter_: LO dono
[xqc] PetroneXL: big love xqcL
[xqc] 1longduckdong: A whole end stream song????
[xqc] homo_18: xqcLL xqcLL xqcLL xqcLL xqcLL xqcLL
[xqc] jackthedazzle: chat worlds 2025 coming up next
[xqc] xLiquidFox: later x
[xqc] Waybaked03: 10 mins till 25 hours
[xqc] MrMoonie: xqcLL ͏
[xqc] assuray420: PepePls
[xqc] 12487: xqcLK
[xqc] green_onionchips: wait I just got here
[xqc] HawkNH: xqcL
[xqc] Lanky_TL: DonoWall
[xqc] r0ckystar_: xqcL BYEE BYEE BRO xqcL ͏
[xqc] Coldblackice: SKEET OUTRO OOOO xqc WW
[xqc] oooojffff: xqcLL xqcLL xqcLL xqcLL
[xqc] ianite258: agabye
[xqc] l3AHU: xqcLK
[xqc] Concani_: xqcL I ENJOYED MY STAY xqcL I ENJOYED MY STAY xqcL I ENJOYED MY STAY xqcL I ENJOYED MY STAY
[xqc] wakywaffles: DONO LOL DONO LOL DONO LOL DONO LOL
[xqc] Nochipun: I ENJOYED MY STAY xqcLL I ENJOYED MY STAY xqcLL I ENJOYED MY STAY xqcLL
[xqc] monopoleyes: Dono ?
[xqc] riliani: pepeD
[xqc] SP4DEZZZ: GOODBYE XQC
[xqc] imperialistkarl: xqcLL I ENJOYED MY STAY xqcLL I ENJOYED MY STAY xqcLL I ENJOYED MY STAY xqcLL I ENJOYED MY STAY xqcLL I ENJOYED MY STAY  ͏
[xqc] taebny: -5  LOL
[xqc] JuicceTV: DonoWall
[xqc] Extremegaming234: agabye x agabye aiko
[xqc] Sewerslxde: nowWhat
[xqc] BonsaiV: LO
[xqc] lilyzcloudy: xqcL xqcL
[xqc] nate338: xqcL I ENJOYED MY STAY xqcL I ENJOYED MY STAY xqcL I ENJOYED MY STAY xqcL I ENJOYED MY STAY xqcL I ENJOYED MY STAY
[xqc] lost_pepe: agabye
[xqc] 1akuri1: xqcLL xqcLL xqcLL xqcLL xqcLL xqcLL
[xqc] Hefty439: I ENJOYED MY STAY xqcL I ENJOYED MY STAY xqcL I ENJOYED MY STAY xqcL I ENJOYED MY STAY xqcL I ENJOYED MY STAY xqcL I ENJOYED MY STAY xqcL I ENJOYED MY STAY xqcL
[xqc] farmn11: I ENJOYED MY STAY xqcLL I ENJOYED MY STAY xqcLL I ENJOYED MY STAY xqcLL
[xqc] McYamo: I enjoyed my stay xqcL
[xqc] SpikePulse: ome5 PointRIGHT
[xqc] BloodMoni: I ENJOYED MY STAY  ͏
[xqc] Copenhagen__11: SHORT STREAM LO
[xqc] lonlycowboy1: xqcLL
[xqc] DuckDuckGus_: damn 10 min from 24h 😤
[xqc] joneslaurent: ArcRaidersDance
[xqc] kuromohits: Pointless Now what
[xqc] sk1nnypimp: 10 min off 24
[xqc] HardTlmes: FeelsOkayMan  <3
[xqc] Trruzz: xqcL ͏
[xqc] Sehnsay: agabye
[xqc] th3net: FeelsBadMan PianoTime
[xqc] Scropionxking: xqcLL  I enjoyed my stay xqcLL I enjoyed my stay xqcLL I enjoyed my stay xqcLL I enjoyed my stay xqcLL I enjoyed my stay
[xqc] rockleejuicer1: xqcLL I ENJOYED MY STAY xqcLL I ENJOYED MY STAY xqcLL I ENJOYED MY STAY xqcLL I ENJOYED MY STAY xqcLL I ENJOYED MY STAY xqcLL I ENJOYED MY STAY xqcLL
[xqc] 12487: xqcLL
[xqc] HILUX621_: late ass dono
[xqc] finitywho: w
[xqc] jordanbexe: xQcL
[xqc] formula7x: FRACTAL SCAPE DONO
[xqc] MoonIs0dd: xqcLL
[xqc] reyta94: xqcLL xqcLL xqcLL xqcLL xqcLL xqcLL xqcLL xqcLL xqcLL
[xqc] Ludwigiib: agabye
[xqc] c0roulette: xqcLL
[xqc] shorrtyyy: Thw fuk he just say?
[xqc] projectmako47: hi kucks LO
[xqc] kypli4ek: xqcLL xqcLL xqcLL xqcLL xqcLL xqcLL  ͏
[xqc] ykshellss: xqcLL  I ENJOYED MY STAY xqcLL I ENJOYED MY STAY xqcLL I ENJOYED MY STAY xqcLL I ENJOYED MY STAY xqcLL I ENJOYED MY STAY xqcLL I ENJOYED MY STAY
[xqc] 1longduckdong: Wowowow
[xqc] kuromohits: Pointless
[xqc] JustUs7tv: I ENJOYED MY STAY xqcLL
[xqc] elite__dog: agabye
[xqc] leastschizoxqcenjoyer: is  this real
[xqc] bonkfart: PepePls
[xqc] lyfjaberg: almost 24 hours PagMan
[xqc] Hectag0n_: xqcLL gnight chat
[xqc] nulVirtigo: xqcL ͏
[xqc] deaf_kage: 24 hrs is crazy good job good night
[xqc] valraSan: DonoWall
[xqc] prada5iveee: xqcL
[xqc] artificia1love: I enjoyed my stay xqcLL
[xqc] nickmerc4head: xqcL goat
[xqc] yanagi1272: xqcL
[xqc] 0sergen0: 10  MORE MIN FOR 24H MARK @XQC
[xqc] Waybaked03: xqcLL
[xqc] Simone_Farullo: SLEEP DEPRIVATION TrollAware  ͏
[xqc] HardTlmes: FeelsOkayMan <3
[xqc] 12487: xqcL
[xqc] finitywho: ww
[xqc] melm_2: xqcL ͏
[xqc] joneslaurent: xqcS_TK xqcS_TK xqcS_TK xqcS_TK
[xqc] Simone_Farullo: SLEEP DEPRIVATION TrollAware
[xqc] balllllllssss: xqcL xqcL xqcL xqcL xqcL ͏
[xqc] dommgames98: <3
[xqc] homo_18: xqcLL xqcLL
[xqc] Lemonaade1: xqcLL ͏
[xqc] orcathesmooth: xqcL I ENJOYED MY STAY
[xqc] navynuke54: W STREAM
[xqc] WalaStika: xqcL keep at it man. you got this
[xqc] qwzye: xqcL I ENJOYED MY STAY xqcL I ENJOYED MY STAY xqcL I ENJOYED MY STAY xqcL I ENJOYED MY STAY xqcL I ENJOYED MY STAY xqcL I ENJOYED MY STAY
[xqc] guesteller: xqcLL
[xqc] bearinark: agabye
[xqc] leastschizoxqcenjoyer: IS THIS REAL
[xqc] th3net: FeelsBadMan  PianoTime
[xqc] harukakono: WW stream xqcLL xqcLL xqcLL
[xqc] anem1aaa: xqcLL xqcLL i enoiyed my stay
[xqc] 0sergen0: 10 MORE MIN FOR 24H MARK @XQC
[xqc] HawkNH: xqcL xqcL xqcL
[xqc] 12487: xqcLK
[xqc] JayStarkx: PepePls
[xqc] LKTheMenace_: GOODBYE AND PEACE OUT CHAT
[xqc] kuromohits: Pointless Now what
[xqc] 21kaae: bye chat take care everyone
[xqc] homo_18: xqcLL
[xqc] SnipyL: xqcL ͏
[xqc] HardTlmes: FeelsOkayMan  <3
[xqc] ooDONNY: !gamesplayed
[xqc] Fossabot: @ooDONNY [08 Nov 2025]: Just Chatting (7h 6m), ARC Raiders (16h 43m)
[xqc] 柳瀬1: WeDidThat WeDidThat WeDidThat
[xqc] Svdylan: I  enjoyed my stay xqcL I enjoyed my stay xqcL I enjoyed my stay xqcL I enjoyed my stay xqcL I enjoyed my stay xqcL I enjoyed my stay xqcL I enjoyed my stay xqcL
[xqc] kappabotdotcom: dono LO
[xqc] nate338: xqcL GOOD STREAM X
[xqc] xSLay3rJ: KPOPlove KPOPlove
[xqc] l3AHU: FeelsBadMan RainTime xqcDisco RainTime PepePls RainTime
[xqc] 00ferz: xqcL
[xqc] the_chewster3: xqcLL
[xqc] giinby: GO TO BED
[xqc] Gushyman123: I ENJOYED MY STAY xqcL I ENJOYED MY STAY xqcL I ENJOYED MY STAY xqcL I ENJOYED MY STAY xqcL
[xqc] HAYDEN__________: I enjoyed my stay xqcL /
[xqc] Shrimpiy: xqcL
[xqc] jason_baguna: FeelsOkayMan PianoTime
[xqc] Invazi0n: xqcLL
[xqc] darko_143: xqcLL
[xqc] prada5iveee: xqcLL
[xqc] bonkfart: Pointless
[xqc] Coldblackice: SHEESH OUTRO TOO??? Prayge xqc
[xqc] prefixui: any earbud monitors
[xqc] BLURWYA: xqcLL I ENJOYED MY STAY xqcLL I ENJOYED MY STAY xqcLL I ENJOYED MY STAY xqcLL I ENJOYED MY STAY xqcLL I ENJOYED MY STAY
[xqc] blacklucer: I ENJOYED MY STAY xqcL
[xqc] SHISHETu: 2 days off now SeemsGood OMEGALUL
[xqc] AnsonX10: @havingfamous xqcL
[xqc] harukakono: wideVIBE
[xqc] artificia1love: I enjoyed my stay xqcLL ͏
[xqc] ItsZarbon: xqcLL
[xqc] JerOhm_qc: xqcLL
[xqc] leastschizoxqcenjoyer: KUCKS wideOmE
[xqc] ceedy_deuce: 🤦🏻
[xqc] amk466: xqcL
[xqc] HAYDEN__________: I enjoyed my stay xqcL
[xqc] bear_248: Listening
[xqc] Slayd15: PepePls chat PepePls
[xqc] Etreans: xqcLL 23:50 hr stream
[xqc] kuromohits: Pointless
[xqc] breaderick: w strum
[xqc] ImSpeedyDragon: I ENJOYED MY STAY xqcL I ENJOYED MY STAY xqcL I ENJOYED MY STAY xqcL I ENJOYED MY STAY xqcL I ENJOYED MY STAY xqcL
[xqc] StingR_OW: I  ENJOYED MY STAY xqcL I ENJOYED MY STAY xqcL I ENJOYED MY STAY xqcL I ENJOYED MY STAY xqcL I ENJOYED MY STAY xqcL I ENJOYED MY STAY xqcL I ENJOYED MY STAY xqcL I ENJOYED MY STAY xqcL,
[xqc] 12487: xqcLL
[xqc] knockoutxxiii: HE USES HYPER X CLOUD II'S @ DONO
[xqc] hwmotorola: xqcLL  sleep well!!!!!
[xqc] HardTlmes: FeelsOkayMan <3
[xqc] ChizCS: xqcL BANGER STREAM X
[xqc] Kefflings: reeferSad
[xqc] DonoHS: xqcL
[xqc] penguinbuttons: xqcL
[xqc] reuhh: xqcL i enjoyed my stay
[xqc] SnipyL: xqcL
[xqc] leastschizoxqcenjoyer: KUCKS  wideOmE
[xqc] fredrickdouglass808: xqcL I ENJOYED MY STAY xqcL I ENJOYED MY STAY xqcL I ENJOYED MY STAY xqcL I ENJOYED MY STAY xqcL I ENJOYED MY STAY  ͏
[xqc] HawkNH: xqcL xqcL xqcL xqcL
[xqc] its_Physikz: dono get a normal set of headphones not some gamer slop
[xqc] StingR_OW: I  ENJOYED MY STAY xqcL I ENJOYED MY STAY xqcL I ENJOYED MY STAY xqcL I ENJOYED MY STAY xqcL I ENJOYED MY STAY xqcL I ENJOYED MY STAY xqcL I ENJOYED MY STAY xqcL I ENJOYED MY STAY xqcL
[xqc] kreply69: Listening EDM
[xqc] 1akuri1: xqcLL enjoy my stay also
[xqc] JuicceTV: I enjoyed your stay too Chat SeemsGood
[xqc] mohan072: I Enjoyed My Stay xqcLL
[xqc] ilkvet: love xqcLL
[xqc] ekinuu: swtRose xqc
[xqc] leastschizoxqcenjoyer: KUCKS wideOmE
[xqc] nulVirtigo: xqcLL
[xqc] SnipyL: xqcL ͏
[xqc] Svdylan: I enjoyed my stay xqcL I enjoyed my stay xqcL I enjoyed my stay xqcL I enjoyed my stay xqcL I enjoyed my stay xqcL I enjoyed my stay xqcL I enjoyed my stay xqcL
[xqc] HAYDEN__________: I  enjoyed my stay xqcL
[xqc] balllllllssss: kick
[xqc] IO326: @waybaked03 24*
[xqc] jakeretroh: i enjoyed my stay xqcSmile xqcL
[xqc] nononokes: agabye CHAT I ENJOYED MY STAY xqcLL
[xqc] i3eamers: xqcL
[xqc] Trruzz: xqcL
[xqc] th3net: PepePls RainTime
[xqc] DCBen: <3
[xqc] Extremegaming234: I ENJOYED MY STAY xqcL I ENJOYED MY STAY xqcL I ENJOYED MY STAY xqcL I ENJOYED MY STAY xqcL I ENJOYED MY STAY xqcL
[xqc] 12487: xqcL
[xqc] ceedy_deuce: ⏱️
[xqc] HILUX621_: !gamesplayed
[xqc] leastschizoxqcenjoyer: KUCKS  wideOmE
[xqc] HawkNH: xqcL
[xqc] Lewqueez: xqcL agabye  ͏
[xqc] Fossabot: @HILUX621_ [08 Nov 2025]: Just Chatting (7h 6m), ARC Raiders (16h 43m)
[xqc] heeved: xqcL
[xqc] SinTheLegend: xqcLL W STREAM SEE U TMRW
[xqc] Sewerslxde: NOWWHAT
[xqc] onkeklol: o7
[xqc] youabsolutelegend: PLACE aiko?
[xqc] ianite258: xqcL I ENJOYED MY STAY xqcL I ENJOYED MY STAY xqcL I ENJOYED MY STAY xqcL I ENJOYED MY STAY xqcL I ENJOYED MY STAY xqcL I ENJOYED MY STAY
[xqc] joneslaurent: xqcS_TK xqcS_TK xqcS_TK xqcS_TK xqcS_TK xqcS_TK xqcS_TK xqcS_TK xqcS_TK xqcS_TK xqcS_TK xqcS_TK xqcS_TK xqcS_TK xqcS_TK xqcS_TK xqcS_TK xqcS_TK
[xqc] SnipyL: xqcL
[xqc] Rick_Grimes_EZ: sunday61Sing sunday61Sing sunday61Sing sunday61Sing sunday61Drama sunday61Drama sunday61Drama sunday61Drama
[xqc] artificia1love: I enjoyed my stay xqcLL
[xqc] Rational_Psycho: xqcLL xqcLL xqcLL
[xqc] raikhan__: I ENJOYED MY STAY CHAT xqcL
[xqc] finitywho: ADEUS
[xqc] spacelaser_: xqcLL
[xqc] HardTlmes: FeelsOkayMan  <3
[xqc] HAYDEN__________: I enjoyed my stay xqcL
[xqc] harukakono: wideVIBE EDM Listening
[xqc] 柳瀬1: xqcLL
[xqc] ChefBronel: MMMM
[xqc] edricsonc: xqcLL
[xqc] ceedy_deuce: ❤️
[xqc] Evil_Juicer: I enjoyed my stay xqcL I enjoyed my stay xqcL I enjoyed my stay xqcL I enjoyed my stay xqcL I enjoyed my stay xqcL I enjoyed my stay xqcL I enjoyed my stay xqcL
[xqc] Hefty439: I ENJOYED MY STAY xqcL I ENJOYED MY STAY xqcL I ENJOYED MY STAY xqcL I ENJOYED MY STAY xqcL I ENJOYED MY STAY xqcL I ENJOYED MY STAY xqcL I ENJOYED MY STAY xqcL ͏
[xqc] imCurt1s: steel series EZ  2 fix and lasted me 3 years baseg
[xqc] bigdavebigdave: Listening
[xqc] shavthesav: xqcLL
[xqc] MistaBK: PepePls RainTime
[xqc] McYamo: xqcL I really did
[xqc] Plinnkkk: I ENJOYED MY STAY xqcL I ENJOYED MY STAY xqcL I ENJOYED MY STAY xqcL I ENJOYED MY STAY xqcL
[xqc] SnipyL: xqcL ͏
[xqc] HAYDEN__________: I  enjoyed my stay xqcL
[xqc] Amphitryon007: 10 min outro
[xqc] vellichor111: goodbye xqcLL xqcLL xqcLL
[xqc] sanpitak: ZZZZZZZZZZZz
[xqc] SP4DEZZZ: xqcLL xqcLL xqcLL xqcLL xqcLL xqcLL xqcLL xqcLL
[xqc] Curse01_: xqcLL
[xqc] ilkvet: xqcLL xqcLL xqcLL
[xqc] jared_ingels: ArcRaidersDance
[xqc] balllllllssss: HI KICK
[xqc] l3AHU: xqcLK  gn xqc
[xqc] HawkNH: xqcL ͏
[xqc] 12487: xqcLK
[xqc] mahinali: xqcL
[xqc] riliani: pepeD pepeD pepeD pepeD pepeD pepeD pepeD pepeD
[xqc] SnipyL: xqcL
[xqc] NakamaZen: Rest well brother xqcL
[xqc] n8oll: fuck you kick chatters
[xqc] leastschizoxqcenjoyer: KUCKS wideOmE
[xqc] chowde_R: MyBeloved xqcLL
[xqc] JummyKohms: true
[xqc] NOT5KYYY: xqcL I ENJOYED MY STAY xqcL I ENJOYED MY STAY xqcL I ENJOYED MY STAY xqcL I ENJOYED MY STAY xqcL I ENJOYED MY STAY ͏
[xqc] HAYDEN__________: I enjoyed my stay xqcL
[xqc] breakfastinthe80s: xqcLL xqcLL xqcLL xqcLL
[xqc] sillylittlegoober_: agaBounce now time to do nothing agaBounce now time to do nothing agaBounce now time to do nothing agaBounce now time to do nothing
[xqc] r0ckystar_: KEEP THE OUTRO GOING FOR 10  MINS LO
[xqc] jakeretroh: I enjoyed my stay xqcSmile xqcL
[xqc] ireddot17: BYE BYE xqcLK
[xqc] KryptScript: agabye chat agabye chat agabye chat agabye chat agabye chat agabye chat agabye chat agabye chat agabye chat agabye chat agabye chat agabye chat agabye chat
[xqc] ceedy_deuce: 💪🏿
[xqc] th3net: PepePls
[xqc] Kamzara: I enjoyed my stay xqcL
[xqc] FIKOEOS: xqcL 10 min stall
[xqc] bobertay: kucks FeelsGoodMan
[xqc] SnipyL: xqcL ͏
[xqc] ImSpeedyDragon: I ENJOYED MY STAY xqcL I ENJOYED MY STAY xqcL I ENJOYED MY STAY xqcL I ENJOYED MY STAY xqcL I ENJOYED MY STAY xqcL ͏
[xqc] leastschizoxqcenjoyer: KUCKS  wideOmE
[xqc] elyasbtw: xqcLL I ENJOYED MY STAY xqcLL I ENJOYED MY STAY xqcLL I ENJOYED MY STAY xqcLL I ENJOYED MY STAY xqcLL I ENJOYED MY STAY xqcLL I ENJOYED MY STAY xqcLL ͏
[xqc] Svdylan: I  enjoyed my stay xqcL I enjoyed my stay xqcL I enjoyed my stay xqcL I enjoyed my stay xqcL I enjoyed my stay xqcL I enjoyed my stay xqcL I enjoyed my stay xqcL
[xqc] moonelara: dub stream
[xqc] helloimdilly: i just filed for divorce
[xqc] Simone_Farullo: SLEEP DEPRIVATION TrollAware  ͏
[xqc] vexorDS: WW
[xqc] SP4DEZZZ: xqcLL xqcLL xqcLL xqcLL xqcLL
[xqc] HawkNH: xqcL xqcL
[xqc] raflican: xqcLL  I enjoyed my stay xqcLL I enjoyed my stay xqcLL I enjoyed my stay xqcLL I enjoyed my stay
[xqc] vivisoulja_: Pointless SnowTime
[xqc] assuray420: PepePls  ͏
[xqc] r0ckystar_: KEEP THE OUTRO GOING FOR 10  MINS LO ͏
[xqc] risonae: goodbye PepeHands
[xqc] vince9796: xqcL xqcL xqcL
[xqc] patrickstar0670: awoo ͏
[xqc] febzo2: fuck u kucks Fiddy

📊 Stats: 5983 messages in 18m0s (5.54 msg/sec)

[xqc] Valentize: xqcL
[xqc] fpsJacob_: : I ENJOYED MY STAY  xqcL   I ENJOYED MY STAY  xqcL   I ENJOYED MY STAY  xqcL   I ENJOYED MY STAY  xqcL   I ENJOYED MY STAY  xqcL   I ENJOYED MY STAY  xqcL   I ENJOYED MY STAY  xqcL   I ENJOYED MY STAY  xqcL
[xqc] SnipyL: xqcL
[xqc] justin20545: forsenLaughingAtYou KUCKS
[xqc] cmax_fever: I enjoyed my stay xqcLL
[xqc] Espioto: xqcL I ENJOYED MY STAY xqcL I ENJOYED MY STAY xqcL I ENJOYED MY STAY xqcL I ENJOYED MY STAY xqcL I ENJOYED MY STAY xqcL I ENJOYED MY STAY xqcL I ENJOYED MY STAY xqcL I ENJOYED MY STAY xqcL I ENJOYED MY STAY xqcL I ENJOYED MY STAY xqcL I ENJOYED MY STAY xqcL I ENJOYED MY STAY
[xqc] leastschizoxqcenjoyer: KUCKS wideOmE
[xqc] espvd: xqcL
[xqc] Trruzz: xqcL I ENJOYED MY STAY
[xqc] jordanbexe: xqcLL xqcLL xqcLL
[xqc] reliantt_: !followage
[xqc] DBDozerr: xqcDisco
[xqc] harukakono: xqcLL xqcLL
[xqc] TheRealCypheric: xqcL
[xqc] Fossabot: @reliantt_ reliantt_ has been following xQc for 7 years, 2 days and 7 hours
[xqc] HardTlmes: FeelsOkayMan <3
[xqc] QuadMz: @xqc 24 hours mark PLEASE
[xqc] the_chewster3: xqcL
[xqc] valraSan: xqcL I ENJOYED MY STAY xqcL I ENJOYED MY STAY xqcL I ENJOYED MY STAY xqcL I ENJOYED MY STAY xqcL I ENJOYED MY STAY xqcL I ENJOYED MY STAY xqcL I ENJOYED MY STAY
[xqc] HawkNH: xqcL xqcL xqcL xqcL
[xqc] Espioto: xqcL I ENJOYED MY STAY xqcL I ENJOYED MY STAY xqcL I ENJOYED MY STAY xqcL I ENJOYED MY STAY xqcL I ENJOYED MY STAY xqcL I ENJOYED MY STAY xqcL I ENJOYED MY STAY
[xqc] ra6ist: xqcL xqcLL xqcL xqcLL
[xqc] 12487: xqcL
[xqc] lamconfused: FiddyWtf
[xqc] killer_cid: xqcL xqcL xqcL xqcL
[xqc] breakfastinthe80s: xqcLL
[xqc] ChefBronel: xqcL later cuuh leaving like my dad did
[xqc] rageca6e: WW XQC WW XQC WW XQC WW XQC WW XQC WW XQC WW XQC WW XQC WW XQC WW XQC WW XQC  ͏
[xqc] Kap10Ten: xqcL i enjoyed my stay
[xqc] leastschizoxqcenjoyer: KUCKS  wideOmE
[xqc] l3AHU: xqcLK gn xqc
[xqc] 616Ghost: o7 wavE wavE wavE wavE FeelsWeirdMan
[xqc] vexorDS: WW ͏
[xqc] strateri3: stopping right before the 24 hour mark is crazy
[xqc] HAYDEN__________: I enjoyed my stay xqcL .
[xqc] Espioto: xqcL I ENJOYED MY STAY xqcL I ENJOYED MY STAY xqcL I ENJOYED MY STAY xqcL I ENJOYED MY STAY xqcL I ENJOYED MY STAY xqcL I ENJOYED MY STAY xqcL I ENJOYED MY STAY xqcL I ENJOYED MY STAY
[xqc] ItsZarbon: xqcL
[xqc] SnipyL: xqcL ͏
[xqc] YuushaXD_: ome5 PointRIGHT KUCKS
[xqc] Etreans: Aware 2 DAY BREAK INCOMING Aware 2 DAY BREAK INCOMING Aware 2 DAY BREAK INCOMING Aware 2 DAY BREAK INCOMING Aware 2 DAY BREAK INCOMING Aware 2 DAY BREAK INCOMING
[xqc] WILLBEFINE_4EVER: xqc23butthenameislongersoyoucantspamit
[xqc] BoxWineNButStuff: I ENJOYED MY STAY xqcL I ENJOYED MY STAY xqcL I ENJOYED MY STAY xqcL I ENJOYED MY STAY xqcL
[xqc] Kefflings: reeferSad xqcLL
[xqc] isaias_d: 10 mins for 24 WW xqcLL  ͏
[xqc] Eatabox: ArcRaidersDance xqcLL ArcRaidersDance
[xqc] zCrowe999: I enjoyed my stay xqcLL
[xqc] ra6ist: xqcL xqcLL xqcL xqcL xqcL xqcL
[xqc] HawkNH: xqcL xqcL xqcL
[xqc] ForsensNeckVein: ❤️ OWLWidowmaker  ͏
[xqc] Nohboku: I ENJOYED MY STAY xqcL
[xqc] lamconfused: FiddyWtf CHAT
[xqc] leastschizoxqcenjoyer: KUCKS wideOmE
[xqc] 8luiginary8: I enjoyed my stay
[xqc] formula7x: xqcLL
[xqc] artificia1love: I enjoyed my stay xqcLL ͏
[xqc] Extremegaming234: I ENJOYED MY STAY xqcL I ENJOYED MY STAY xqcL I ENJOYED MY STAY xqcL I ENJOYED MY STAY xqcL I ENJOYED MY STAY xqcL ͏
[xqc] HAYDEN__________: I enjoyed my stay xqcL
[xqc] TheRealCypheric: xqcL ͏
[xqc] bobertay: kucks FeelsGoodMan kucks FeelsGoodMan kucks FeelsGoodMan kucks FeelsGoodMan kucks FeelsGoodMan kucks FeelsGoodMan
[xqc] iluvleevi: xqcLL I ENJOYED MY STAY xqcLL I ENJOYED MY STAY xqcLL I ENJOYED MY STAY xqcLL I ENJOYED MY STAY xqcLL I ENJOYED MY STAY xqcLL I ENJOYED MY STAY xqcLL
[xqc] arcafps: xqcLL
[xqc] HardTlmes: FeelsOkayMan  <3
[xqc] feederle: see u soon Cool ❤️
[xqc] 戶晨风: PepeLaugh777 YOURMOM ALERT PepeLaugh777 YOURMOM ALERT
[xqc] xSLay3rJ: KPOPlove W 24hr stream
[xqc] balllllllssss: agahi KICK
[xqc] inferno_yod: xqcLL I ENJOYED MY STAY xqcLL I ENJOYED MY STAY xqcLL I ENJOYED MY STAY xqcLL I ENJOYED MY STAY xqcLL I ENJOYED MY STAY xqcLL I ENJOYED MY STAY xqcLL ͏
[xqc] JayStarkx: PepePls RainTime
[xqc] 12487: xqcLK
[xqc] JerOhm_qc: xqcLL I ENJOYED MY STAY
[xqc] leastschizoxqcenjoyer: KUCKS  wideOmE
[xqc] FIKOEOS: xqcL 10 min PLEASE
[xqc] tehchonka: I ENJOYED MY STAY xqcL I ENJOYED MY STAY xqcL I ENJOYED MY STAY xqcL I ENJOYED MY STAY xqcL I ENJOYED MY STAY xqcL ͏
[xqc] risecolumbia: xqcLL rare simultaneous kick/twitch ending
[xqc] iluvleevi: xqcLL I ENJOYED MY STAY xqcLL I ENJOYED MY STAY xqcLL I ENJOYED MY STAY xqcLL I ENJOYED MY STAY xqcLL I ENJOYED MY STAY xqcLL I ENJOYED MY STAY xqcLL ͏
[xqc] love_triangle: xqcLL WW STREAM xqcLL WW STREAM xqcLL WW STREAM xqcLL WW STREAM xqcLL WW STREAM xqcLL WW STREAM
[xqc] HAYDEN__________: I  enjoyed my stay xqcL
[xqc] nononokes: SLEEP WELL CHAT agabye SLEEP WELL CHAT agabye
[xqc] ra6ist: xqcLL xqcLL xqcLL xqcLL xqcL xqcL xqcL
[xqc] fredrickdouglass808: xqcL I ENJOYED MY STAY xqcL I ENJOYED MY STAY xqcL I ENJOYED MY STAY xqcL I ENJOYED MY STAY xqcL I ENJOYED MY STAY
[xqc] ChefBronel: xqcL later cuuh
[xqc] lofyy10: xqcLL xqcLL xqcLL xqcLL
[xqc] SnipyL: xqcL
[xqc] Plinnkkk: xqcL
[xqc] f22nick: xqcL
[xqc] UnLimited99: @xQc xqcL
[xqc] leastschizoxqcenjoyer: KUCKS wideOmE
[xqc] TheCaptainGooey: PauseChamp LEGENDARY ENDING?
[xqc] FlentFamicom: WW xqc
[xqc] HAYDEN__________: I enjoyed my stay xqcL
[xqc] SeekerNinetyFive: PepePls RainTime
[xqc] 12487: xqcLL
[xqc] chowde_R: xqcLL MyBeloved
[xqc] ra6ist: xqcL xqcLL xqcL xqcLL xqcLL xqcL xqcL
[xqc] SnipyL: xqcL ͏
[xqc] brandon_424: xqcLL xqcLL
[xqc] AVBest: I ENJOYED MY STAY xqcL
[xqc] filipqee: xqcL xqcL xqcL xqcL xqcL xqcL
[xqc] autoscripts: 24 hour holy shit omE
[xqc] rockleejuicer1: xqcLL I ENJOYED MY STAY xqcLL I ENJOYED MY STAY xqcLL I ENJOYED MY STAY xqcLL I ENJOYED MY STAY xqcLL I ENJOYED MY STAY xqcLL I ENJOYED MY STAY xqcLL ͏
[xqc] Addict______: xqcL
[xqc] familymolly: xqcL
[xqc] farmn11: PepePls
[xqc] Lewqueez: Listening
[xqc] Itswasiim: NOWWHAT
[xqc] HardTlmes: FeelsOkayMan <3
[xqc] leastschizoxqcenjoyer: KUCKS  wideOmE
[xqc] riliani: HOLDD
[xqc] u2ig: RIGHT SIDE KUCKS LOL RIGHT SIDE KUCKS LOL RIGHT SIDE KUCKS LOL
[xqc] dgeames: PepePls even if its
[xqc] luhmoppy: Gayge
[xqc] justin20545: Fiddy KUCKS
[xqc] HAYDEN__________: I  enjoyed my stay xqcL
[xqc] iluvleevi: xqcLL I ENJOYED MY STAY xqcLL I ENJOYED MY STAY xqcLL I ENJOYED MY STAY xqcLL I ENJOYED MY STAY xqcLL I ENJOYED MY STAY xqcLL I ENJOYED MY STAY xqcLL
[xqc] SnipyL: xqcL
[xqc] lDabos: @xQc keep it going till it hits 24hr come on man
[xqc] espvd: xqcL ͏
[xqc] kypli4ek: xqcLL xqcLL xqcLL xqcLL xqcLL xqcLL
[xqc] DBDozerr: xqcL
[xqc] ceedy_deuce: notdianaHi
[xqc] 24kamikaze: PauseChamp rare..?
[xqc] reuhh: xqcL
[xqc] th3net: FeelsBadMan xqcDisco PepePls
[xqc] Kefflings: reeferSad xqcLL ͏
[xqc] qwzye: xqcLL
[xqc] KryptScript: agabye chat agabye chat agabye chat agabye chat agabye chat agabye chat agabye chat agabye chat agabye chat agabye chat agabye chat agabye chat agabye chat agabye chat agabye chat agabye chat agabye chat agabye chat
[xqc] iDini: xqcL
[xqc] JayStarkx: I ENJOYED MY STAY xqcL I ENJOYED MY STAY xqcL I ENJOYED MY STAY xqcL I ENJOYED MY STAY xqcL I ENJOYED MY STAY xqcL I ENJOYED MY STAY xqcL I ENJOYED MY STAY xqcL I ENJOYED MY STAY xqcL
[xqc] jakeretroh: i enjoyed my stay xqcSmile xqcL
[xqc] jason_baguna: I ENJOYED MY STAY <3 I ENJOYED MY STAY <3 I ENJOYED MY STAY <3 I ENJOYED MY STAY <3
[xqc] HsYAMI: xqcLL xqcLL xqcLL xqcLL
[xqc] DeluxeCanadian: missed 24 hours Sadge
[xqc] LT707: xqcL ͏
[xqc] 戶晨风: PepeLaugh777 YOURMOM ALERT PepeLaugh777 YOURMOM ALERT  ͏
[xqc] YoYoHazard: I ENJOYED MY STAY xqcLL
[xqc] Krelyks: call me poor xqcLL
[xqc] DanLi0ny: xqcLL I ENJOYED MY STAY xqcLL I ENJOYED MY STAY xqcLL I ENJOYED MY STAY xqcLL I ENJOYED MY STAY xqcLL I ENJOYED MY STAY
[xqc] FlentFamicom: WW xqc ͏
[xqc] MOOSE_on_the_loose_: xqcL
[xqc] Fossabot: xqcL SmallManDan is staying in the jungle using Prime! xqcL Thanks so much for re-subbing xqcL And continuing to support the stream! xqcL
[xqc] ChatoMilk: xqcLL
[xqc] lilyzcloudy: xqCL
[xqc] estemarty: NOOOO
[xqc] SnipyL: xqcL ͏
[xqc] l3AHU: xqcLK  gn xqc
[xqc] kuromohits: SAJ
[xqc] JuicceTV: @justin20545 OMEGALUL
[xqc] projectmako47: kuck chat LO
[xqc] SnipyL: xqcL
[xqc] strateri3: stopping right before the 24 hour mark is crazy ͏
[xqc] yomalll: o7
[xqc] PlushTrappo: xqcLL I ENJOYED MY STAY xqcLL I ENJOYED MY STAY xqcLL I ENJOYED MY STAY xqcLL I ENJOYED MY STAY xqcLL I ENJOYED MY STAY xqcLL I ENJOYED MY STAY xqcLL ͏
[xqc] TenthAve: xqcL always doable
[xqc] temperd0: xqcL
[xqc] ekinuu: xqcL
[xqc] taewooer: xqcL
[xqc] ziyuto: xqcL I enjoyed my stay xqcL I enjoyed my stay xqcL I enjoyed my stay xqcL I enjoyed my stay ͏
[xqc] nate338: xqcL see ya bruh
[xqc] Poshoclo: xqcLL
[xqc] BoxWineNButStuff: xqcL xqcL xqcL
[xqc] rilew_tv: xqcL
[xqc] shavthesav: xqcLL <3
[xqc] Coldblackice: xqcL I ENJOYED MY STAY xqcL I ENJOYED MY STAY xqcL I ENJOYED MY STAY xqcL I ENJOYED MY STAY xqcL I ENJOYED MY STAY
[xqc] Trruzz: xqcL I ENJOYED MY STAY ͏
[xqc] SnipyL: xqcL ͏
[xqc] Nohboku: xqcL
[xqc] lilyzcloudy: xqcL
[xqc] leastschizoxqcenjoyer: KUCKS wideOmE
[xqc] artificia1love: I enjoyed my stay xqcLL
[xqc] Sirbadchild: xqcLL xqcLL
[xqc] Brennyy__: xqcL xqcL xqcL xqcL xqcL
[xqc] HAYDEN__________: I enjoyed my stay xqcL
[xqc] taebny: JUST HIT THE DAMN 24 HOUR MARK BRO NAHH
[xqc] love_triangle: PauseChamp
[xqc] heeved: xqcLL
[xqc] penjboy: xqcLL I ENJOYED MY STAY
[xqc] codmermaid: ScrewLoose power hour
[xqc] zCrowe999: xqcLL I ENJOYED MY STAY xqcLL I ENJOYED MY STAY xqcLL I ENJOYED MY STAY xqcLL I ENJOYED MY STAY xqcLL I ENJOYED MY STAY xqcLL I ENJOYED MY STAY xqcLL ͏
[xqc] WHYxDoc: ARC RAIDER + jese PLEASE SAVEME
[xqc] sa22964: I Enjoyed My Stay
[xqc] bigdavebigdave: PauseChamp rare?
[xqc] mekk_____: @Dono beyerdnamic tygr 300rbeyerdnamic tygr 300rbeyerdnamic tygr 300rbeyerdnamic tygr 300r @dono
[xqc] espvd: xqcL
[xqc] 2xChamp7: God bless
[xqc] Plinnkkk: xqcL later cuuh
[xqc] leastschizoxqcenjoyer: KUCKS  wideOmE
[xqc] l3AHU: xqcLK gn xqc xqcLK
[xqc] hxbxn_1337: ⣿⣿⣿⣟⠝⡝⡟⣿⣿⣿⣿⣿⣿⣿⣿⣿⣿⣿⣿⣿⣿⣿⣿⣿⣿⣿⢿⢻⠻⣿ ⣿⣿⣿⡗⡨⢐⠜⡸⡹⣿⣿⣿⣿⣿⣿⣿⣿⣿⣿⣿⣿⣿⣿⡿⡏⡇⢇⢕⠱⣽ ⣿⣿⣿⡷⠠⠡⠨⠢⡑⢜⢪⠻⡹⢛⠝⢍⠝⡹⠹⡛⣛⢻⢹⢱⢑⠕⡅⡣⡱⣿ ⣿⣿⣿⣿⠅⠌⠌⠅⠅⢕⢅⠣⡊⢔⠨⠂⢌⠢⡑⢌⠢⡃⡇⡕⡱⡑⡕⢜⣸⣿ ⣿⣿⣿⣿⡇⢅⠠⢈⠪⡂⢆⢑⠌⠔⠨⡪⡐⢌⠌⡢⡑⡅⡣⢣⢣⠪⡨⡢⣿⣿ ⣿⣿⣿⣿⣯⢂⠄⡂⢕⠨⡂⢕⠄⡱⡅⡧⡪⡢⡱⡪⡐⡕⡕⣕⢕⢕⢕⣝⣿⣿ ⣿⣿⣿⣿⣟⢆⢣⠪⡂⢇⠃⠣⠃⡎⣞⡽⣽⢮⢯⢎⠎⠗⡝⡮⡯⣺⡵⣿⣿⣿ ⣿⣿⣿⣿⡗⠌⡂⢅⢎⢄⠀⠀⠀⠘⣼⣺⣽⣻⡽⢅⠡⠐⢐⢕⣝⢗⣟⣿⣿⣿ ⣿⣿⣿⣿⣯⢊⠰⡑⠌⡒⢦⣰⢬⣔⢵⣳⢯⢿⣯⣢⣆⣆⢵⢹⢪⢳⢕⣿⣿⣿ ⣿⣿⣿⣿⣿⡢⡃⡣⡱⢌⢗⣟⣯⢯⢇⠳⡹⡹⣺⣿⡿⣯⢗⡕⣵⡫⣯⣿⣿⣿ ⣿⣿⣿⣿⣿⣷⢕⢜⢌⢎⢎⢮⡺⡝⡕⡇⠪⡸⡺⡽⣫⢿⢵⢝⣞⢾⣽⣿⣿⣿ ⣿⣿⣿⣿⣿⣿⣿⣵⢣⢣⢣⠳⡱⡩⡊⣌⢢⢅⡣⣫⢳⡫⡯⡯⣾⣿⣿⣿⣿⣿ ⣿⣿⣿⣿⣿⣿⣿⣿⣧⢈⠊⡊⠎⡪⠸⠰⡱⡱⡣⡳⠝⡝⠘⣽⣿⣿⣿⣿⣿⣿ ⣿⣿⣿⣿⣿⣿⣿⣿⣿⡗⠔⡠⡐⡄⢌⢠⢠⢠⡠⣄⢥⣢⣰⣿⣿⣿⣿⣿⣿⣿ ⣿⣿⣿⣿⣿⣿⣿⣿⠿⠁⠁⢇⢧⡫⣗⣽⣺⣳⢯⣟⣯⣷⣿⣯⢿⣿⣿⣿⣿⣿
[xqc] SnipyL: xqcL
[xqc] valraSan: xqcL  I ENJOYED MY STAY xqcL I ENJOYED MY STAY xqcL I ENJOYED MY STAY xqcL I ENJOYED MY STAY xqcL I ENJOYED MY STAY xqcL I ENJOYED MY STAY xqcL I ENJOYED MY STAY
[xqc] iDini: xqcL
[xqc] HAYDEN__________: I  enjoyed my stay xqcL
[xqc] madbuhman: PauseChamp PauseChamp PauseChamp
[xqc] HawkNH: xqcL xqcL xqcL xqcL
[xqc] TheCaptainGooey: PauseChamp RARE ENDING? PauseChamp RARE ENDING? PauseChamp RARE ENDING? PauseChamp RARE ENDING?
[xqc] unhealthyyykale: bye bye
[xqc] mekk_____: @Dono beyerdnamic tygr 300rbeyerdnamic tygr 300rbeyerdnamic tygr 300rbeyerdnamic tygr 300r @dono @Dono beyerdnamic tygr 300rbeyerdnamic tygr 300rbeyerdnamic tygr 300rbeyerdnamic tygr 300r @dono
[xqc] CrazyBearPlayz21: agabye xqcLL  ͏
[xqc] DonoHS: !gamesplayed
[xqc] vivisoulja_: xqcL PLEASE
[xqc] YuushaXD_: GIGACHAD LEFT SIDE CHAT
[xqc] HILUX621_: xqcLL ͏
[xqc] Fossabot: @DonoHS [08 Nov 2025]: Just Chatting (7h 6m), ARC Raiders (16h 43m)
[xqc] 12487: xqcL
[xqc] PepegaLag: xqcL i enjoyed my stay ͏
[xqc] HardTlmes: FeelsOkayMan  <3
[xqc] JIGACHAD123: dono i think u cant really go wrong with headsets anymore its 2025 they all good
[xqc] omegalul_spammer: xqcLL
[xqc] iam_dog: Fiddy KUCKS
[xqc] UnLimited99: @xQc  xqcL
[xqc] Tymegum: KUCK CHAT LO KUCK CHAT LO KUCK CHAT LO KUCK CHAT LO KUCK CHAT LO KUCK CHAT LO KUCK CHAT LO KUCK CHAT LO KUCK CHAT LO KUCK CHAT LO KUCK CHAT LO KUCK CHAT LO KUCK CHAT LO
[xqc] HAYDEN__________: I enjoyed my stay xqcL
[xqc] projectmako47: xqcL
[xqc] SnipyL: xqcL ͏
[xqc] malixxx__: KICK CUCKS COME TO THE LIGHT SIDE
[xqc] ZestyMcChicken_: PauseMan
[xqc] taebny: JUST  HIT THE DAMN 24 HOUR MARK BRO NAHH
[xqc] mekk_____: @Dono beyerdnamic tygr 300rbeyerdnamic tygr 300rbeyerdnamic tygr 300rbeyerdnamic tygr 300r @dono @Dono beyerdnamic tygr 300rbeyerdnamic tygr 300rbeyerdnamic tygr 300rbeyerdnamic tygr 300r @dono @Dono beyerdnamic tygr 300rbeyerdnamic tygr 300rbeyerdnamic tygr 300rbeyerdnamic tygr 300r @dono
[xqc] leastschizoxqcenjoyer: KUCKS wideOmE
[xqc] iDini: xqcL
[xqc] HAYDEN__________: I  enjoyed my stay xqcL
[xqc] ceedy_deuce: notdianaShh
[xqc] inferno_yod: FeelsBadMan xqcDisco PepePls
[xqc] Shrimpiy: xqcL ͏
[xqc] inkmasterv2: gn xqc
[xqc] bborisz: widepeepoSad Im not sad im happy i promise widepeepoSad Im not sad im happy i promise widepeepoSad Im not sad im happy i promise
[xqc] McYamo: skrrrrrrrrrrrrrrrrrrrt xqc
[xqc] lDabos: we demand the 24hr mark
[xqc] xSLay3rJ: KPOPlove gn cuh
[xqc] SpikePulse: xqcL
[xqc] 12487: xqcLK
[xqc] patientrhyme: NOWWHAT
[xqc] lofyy10: xqcLL xqcLL xqcLL
[xqc] jigachad_holy: xqcL I ENJOYED MY STAY xqcL I ENJOYED MY STAY xqcL I ENJOYED MY STAY xqcL I ENJOYED MY STAY xqcL I ENJOYED MY STAY
[xqc] 戶晨风: PepeLaugh777 YOURMOM ALERT PepeLaugh777 YOURMOM ALERT
[xqc] Jxmyy1: xqcLL I ENJOYED MY STAY
[xqc] vellichor111: I ENJOYED MY STAY xqcLL
[xqc] mr_7777777: xqcLL
[xqc] jin_etc: GAMBA GAMBA
[xqc] Pancake84: xqcLL
[xqc] nononokes: I ENJOYED MY STAY xqcLL I ENJOYED MY STAY xqcLL
[xqc] sillylittlegoober_: xqcLL MUCH LOVE CHAT xqcLL MUCH LOVE CHAT xqcLL MUCH LOVE CHAT xqcLL MUCH LOVE CHAT xqcLL MUCH LOVE CHAT xqcLL MUCH LOVE CHAT xqcLL MUCH LOVE CHAT
[xqc] onered5: xqcLL FeelsGoodMan
[xqc] HardTlmes: FeelsOkayMan <3
[xqc] jeremo947: agabye week long break to compensate
[xqc] patientrhyme: NOWWHAT  ͏
[xqc] love_triangle: HOLDD
[xqc] SnowNando: xqcL
[xqc] youabsolutelegend: plinkVibe
[xqc] qwzye: xqcLL I ENJOYED MY STAY xqcLL I ENJOYED MY STAY xqcLL I ENJOYED MY STAY xqcLL I ENJOYED MY STAY xqcLL I ENJOYED MY STAY xqcLL I ENJOYED MY STAY
[xqc] BoomBoy_07: PauseMan Rare?
[xqc] HAYDEN__________: I enjoyed my stay xqcL
[xqc] l3AHU: 🧡
[xqc] SnipyL: xqcL
[xqc] omegalul_spammer: xqcLL I ENJOYED MY STAY
[xqc] r0ckystar_: PauseChamp RARE ENDING?
[xqc] ilkvet: xqcLL xqcLL xqcLL xqcLL
[xqc] espvd: xqcL ͏
[xqc] SlayterB: lirikWavy lirikWavy lirikWavy lirikWavy lirikWavy lirikWavy
[xqc] 12487: xqcLL
[xqc] ceedy_deuce: notdianaSquareUp
[xqc] AverageTwitchUser_LuL: RARE OUTRO PauseChamp ...
[xqc] fredrickdouglass808: xqcL I ENJOYED MY STAY xqcL I ENJOYED MY STAY xqcL I ENJOYED MY STAY xqcL I ENJOYED MY STAY xqcL I ENJOYED MY STAY xqcL I ENJOYED MY STAY
[xqc] kuromohits: NOW WHAT Pointless
[xqc] TheCaptainGooey: PauseChamp RARE ENDING?
[xqc] patientrhyme: NOWWHAT
[xqc] SnipyL: xqcL ͏
[xqc] Kefflings: reeferSad xqcLL
[xqc] Jolesta: LEGENDARY STREAM xqcLL
[xqc] CristianoooRonaldooo: RARE OUTRO? RARE OUTRO? RARE OUTRO? RARE OUTRO? RARE OUTRO?
[xqc] HAYDEN__________: I  enjoyed my stay xqcL
[xqc] risonae: wideBoink
[xqc] r0ckystar_: PauseChamp RARE ENDING? ͏
[xqc] jakeretroh: I enjoyed my stay xqcSmile xqcL
[xqc] AverageTwitchUser_LuL: RARE OUTRO PauseChamp ... ͏
[xqc] Nohboku: I ENJOYED MY STAY xqcL
[xqc] vexorDS: Love0 Love0 Love0 Love0 Love0 Love0 Love0 Love0 Flower0 Flower0
[xqc] jenosaidoo: HOLDD
[xqc] nickmerc4head: : I ENJOYED MY STAY  xqcL   I ENJOYED MY STAY  xqcL   I ENJOYED MY STAY  xqcL   I ENJOYED MY STAY  xqcL   I ENJOYED MY STAY  xqcL   I ENJOYED MY STAY  xqcL   I ENJOYED MY STAY  xqcL   I ENJOYED MY STAY  xqcL
[xqc] Cloudzsurf: xqcLL xqcLL
[xqc] jigachad_holy: xqcL I ENJOYED MY STAY xqcL I ENJOYED MY STAY
[xqc] tamppond: gn cuh
[xqc] Evolunis: xqcL
[xqc] rjhockey5656: !watchtime
[xqc] ceedy_deuce: notdianaAYYY
[xqc] inkmasterv2: REST WELL xqcL
[xqc] HardTlmes: FeelsOkayMan  <3
[xqc] rageca6e: KICK KUCKS LOL PointRIGHT
[xqc] zCrowe999: xqcLL I ENJOYED MY STAY xqcLL I ENJOYED MY STAY xqcLL I ENJOYED MY STAY xqcLL I ENJOYED MY STAY xqcLL I ENJOYED MY STAY xqcLL I ENJOYED MY STAY xqcLL ͏ xqcLL I ENJOYED MY STAY xqcLL I ENJOYED MY STAY xqcLL I ENJOYED MY STAY xqcLL I ENJOYED MY STAY xqcLL I ENJOYED MY STAY xqcLL I ENJOYED MY STAY xqcLL ͏
[xqc] ekinuu: hyoonLurk .....
[xqc] LT707: xqcL
[xqc] vibeswithevan: agabye
[xqc] SchnozeBot: rjhockey5656 has spent 1 month and 24 days in online chat.
[xqc] lyerz_: xqcL I ENJOYED MY STAY xqcL I ENJOYED MY STAY xqcL I ENJOYED MY STAY xqcL I ENJOYED MY STAY xqcL I ENJOYED MY STAY xqcL I ENJOYED MY STAY xqcL I ENJOYED MY STAY
[xqc] 24kamikaze: PauseChamp
[xqc] Eric4211: xqcL xqcL
[xqc] FlentFamicom: WW xqc
[xqc] th3net: FeelsGladMan
[xqc] Extremegaming234: HOLDD rare?
[xqc] HAYDEN__________: I enjoyed my stay xqcL
[xqc] 12487: xqcL
[xqc] estemarty: I ENJOYED MY STAY
[xqc] 21kaae: xqcLL I ENJOYED MY STAY xqcLL I ENJOYED MY STAY xqcLL I ENJOYED MY STAY xqcLL I ENJOYED MY STAY xqcLL I ENJOYED MY STAY xqcLL I ENJOYED MY STAY xqcLL ͏
[xqc] yomalll: hit the 1 day mark li lbro
[xqc] aetherGER: xqcL KUCKS
[xqc] YuushaXD_: PauseChamp RARE OUTRO
[xqc] amk466: xqcL I ENJOYED MY STAY xqcL I ENJOYED MY STAY xqcL I ENJOYED MY STAY xqcL I ENJOYED MY STAY xqcL I ENJOYED MY STAY ͏
[xqc] bobertay: kucks FeelsGoodMan kucks FeelsGoodMan kucks FeelsGoodMan kucks FeelsGoodMan kucks FeelsGoodMan kucks FeelsGoodMan kucks FeelsGoodMan
[xqc] رمزی: PauseChamp
[xqc] aurora_borealis_max: xqcLL  ͏
[xqc] xSLay3rJ: KPOPlove
[xqc] valraSan: NOWWHAT
[xqc] funkerman: xqcL good night buh bye
[xqc] DarkAngel2224: HOLDD
[xqc] petergriffinlloll: I ENJOYED MY STAY xqcL
[xqc] jenosaidoo: HOLDD RARE ENDING?
[xqc] HAYDEN__________: I  enjoyed my stay xqcL
[xqc] jxckowen: xqcL xqcL xqcL xqcL
[xqc] 8luiginary8: GoldPLZ
[xqc] Renioo_: xqcLL I ENJOYED MY STAY xqcLL I ENJOYED MY STAY xqcLL I ENJOYED MY STAY xqcLL I ENJOYED MY STAY xqcLL I ENJOYED MY
[xqc] SpikePulse: xqcL xqcL xqcL
[xqc] mc_bogley: I ENJOYED MY STAY xqcLL
[xqc] 12487: xqcLK
[xqc] aurora_borealis_max: xqcLL
[xqc] madbuhman: PauseChamp PauseMan PauseChamp PauseMan
[xqc] onkeklol: ......
[xqc] breaderick: xqcL
[xqc] ShredderSherlock: !roll 15
[xqc] SeekerNinetyFive: PauseMan
[xqc] Fossabot: @ShredderSherlock Rolls 76 (1-99)
[xqc] jin_etc: Sheeesh?
[xqc] artificia1love: I enjoyed my stay xqcLL ͏
[xqc] Nuhrv: PauseMan ....
[xqc] SnipyL: xqcL
[xqc] Loska_999: aga
[xqc] MrMoonie: PauseMan rare
[xqc] Kill5witch_: PauseChamp
[xqc] l3AHU: 🧡 @xqc
[xqc] joneslaurent: jasont2STURDY jasont2STURDY jasont2Chuzz jasont2STURDY Jebaited
[xqc] rageca6e: KICK KUCKS LOL PointRIGHT KICK KUCKS LOL PointRIGHT KICK KUCKS LOL PointRIGHT KICK KUCKS LOL PointRIGHT
[xqc] ekinuu: aceStare
[xqc] HardTlmes: PLEASE now fart
[xqc] leastschizoxqcenjoyer: KUCKS  wideOmE
[xqc] lamconfused: PauseChamp KickTime
[xqc] vivisoulja_: PauseMan
[xqc] unhealthyyykale: BEYBYEBYE
[xqc] HAYDEN__________: I enjoyed my stay xqcL
[xqc] boyinafishbowl: sheeeeeeeeeeeeeeeeeeeeeeeeesh ending?
[xqc] 12487: xqcLL
[xqc] vexorDS: Love0 Love0 Love0 Love0 Love0 Love0 Love0 Love0 Flower0 Flower0  ͏
[xqc] grantdrpepper: sheeeshhhh
[xqc] edricsonc: xqcLL xqcLL
[xqc] mariogamecrazy: aga
[xqc] gotosleepttv: xqcLL
[xqc] Ghosteld: xqcL
[xqc] SnipyL: xqcL ͏
[xqc] OnrushingJD: HOLDD
[xqc] YuushaXD_: PauseChamp CMON Q
[xqc] HILUX621_: aga
[xqc] dgeames: HOLDD
[xqc] bigdavebigdave: aga
[xqc] valraSan: aga
[xqc] jigachad_holy: PauseMan
[xqc] ItsZarbon: xqcLL
[xqc] 00Bluey: HOLDD
[xqc] febzo2: aga
[xqc] SinTheLegend: aga
[xqc] lamconfused: PauseChamp KickTime PauseChamp KickTime PauseChamp KickTime PauseChamp KickTime PauseChamp KickTime
[xqc] shavthesav: aga
[xqc] espvd: xqcL
[xqc] smackPlatypus28: xqcLL xqcLL xqcLL
[xqc] leastschizoxqcenjoyer: KUCKS wideOmE
[xqc] improperman: WW
[xqc] jordanbexe: xqcLL xqcLL xqcLL xqcLL xqcLL
[xqc] ForsensNeckVein: secret ending???
[xqc] Tom_Crews: xqcLL xqcLL xqcLL xqcLL xqcLL xqcLL xqcLL
[xqc] NobleNate: short stream Sadge
[xqc] deez_nuts52: aga
[xqc] EmergencyDrink: I ENJOYED MY STAY xqcLL I ENJOYED MY STAY xqcLL I ENJOYED MY STAY xqcLL I ENJOYED MY STAY xqcLL I ENJOYED MY STAY xqcLL I ENJOYED MY STAY xqcLL ͏ xqcLL I ENJOYED MY STAY xqcLL
[xqc] harukakono: PauseChamp
[xqc] duckiebucko: 2 DAYS WITHOUT THE JUICER INCOMING Aware 2 DAYS WITHOUT THE JUICER INCOMING Aware 2 DAYS WITHOUT THE JUICER INCOMING Aware 2 DAYS WITHOUT THE JUICER INCOMING Aware 2 DAYS WITHOUT THE JUICER INCOMING Aware
[xqc] xSLay3rJ: PauseMan

📊 Stats: 6365 messages in 18m30s (5.73 msg/sec)

[xqc] BoomBoy_07: PauseMan RARE ? ?
[xqc] vibeswithevan: aga
[xqc] Lewqueez: PauseChamp secret ending?
[xqc] nate338: PauseMan RARE OUTRO
[xqc] Extremegaming234: HOLDD rare ending?
[xqc] Tech_Taylor: agabye
[xqc] justin20545: Fiddy Kucks Fiddy Kucks
[xqc] love_triangle: HOLDD aga
[xqc] kreply69: PauseMan 24 HOUR ENDING?
[xqc] onered5: aga
[xqc] riliani: HOLDD ͏
[xqc] z2as: PauseChamp
[xqc] grantdrpepper: PauseChamp
[xqc] wworzte: xqcL i enjoyed my stay
[xqc] moikz: RARE  ENDING PauseMan
[xqc] MistaBK: PauseChamp sheees?
[xqc] Kill5witch_: PauseChamp PauseChamp PauseChamp
[xqc] feederle: aga
[xqc] fungo_x: xqcL
[xqc] JayStarkx: xqcL
[xqc] sobermaller: I ENJOYED MAH STAY xqcLL @xQc  I ENJOYED MAH STAY xqcLL @xQc  I ENJOYED MAH STAY xqcLL @xQc  I ENJOYED MAH STAY xqcLL @xQc  I ENJOYED MAH STAY xqcLL @xQc
[xqc] duckiebucko: 2 DAYS WITHOUT THE JUICER INCOMING Aware 2 DAYS WITHOUT THE JUICER INCOMING Aware 2 DAYS WITHOUT THE JUICER INCOMING Aware 2 DAYS WITHOUT THE JUICER INCOMING Aware 2 DAYS WITHOUT THE JUICER INCOMING Aware 2 DAYS WITHOUT THE JUICER INCOMING Aware 2 DAYS WITHOUT THE JUICER INCOMING Aware 2 DAYS WITHOUT THE JUICER INCOMING Aware 2 DAYS WITHOUT THE JUICER INCOMING Aware 2 DAYS WITHOUT THE JUICER INCOMING Aware 2 DAYS WITHOUT THE JUICER INCOMING Aware 2 DAYS WITHOUT THE JUICER INCOMING Aware 2 DAYS W
[xqc] RaAryaz: RARE ENDING OOOO
[xqc] Fezkq: xqcLL ͏
[xqc] Ludwigiib: xqcDab
[xqc] YuushaXD_: PauseChamp PERHAPS
[xqc] ilkvet: xqcLL xqcLL xqcLL
[xqc] pepelaughunaware: aga
[xqc] Nohboku: aga
[xqc] jakeretroh: i enjoyed my stay xqcSmile xqcL
[xqc] HawkNH: xqcL xqcL xqcL
[xqc] Mr_Bloo: PauseChamp
[xqc] lilyzcloudy: PauseMan
[xqc] Meiji_O_O_: PauseMan OT
[xqc] SnipyL: 👀
[xqc] assuray420: HOLDD
[xqc] breakfastinthe80s: xqcLL xqcLL
[xqc] loius_joe: aga
[xqc] th3net: take care mr cow <3
[xqc] rageca6e: KICK  KUCKS LOL PointRIGHT KICK KUCKS LOL PointRIGHT KICK KUCKS LOL PointRIGHT KICK KUCKS LOL PointRIGHT
[xqc] moikz: RARE ENDING PauseMan
[xqc] gotosleepttv: xqcL
[xqc] l3AHU: 🧡  @xqc
[xqc] projectmako47: FeelsStrongMan Clap hes back
[xqc] jenosaidoo: HOLDD ULTRA SSR RARE MEGA DELUXE ENDING?
[xqc] McYamo: sheeeeeeeeeeeeeesh xqc
[xqc] Hefty439: GOODNIGHT X xqcLK GOODNIGHT X xqcLK GOODNIGHT X xqcLK GOODNIGHT X xqcLK GOODNIGHT X xqcLK GOODNIGHT X xqcLK
[xqc] kuromohits: RARE
[xqc] DonoHS: PauseMan
[xqc] jigachad_holy: PauseMan double sheesh
[xqc] amk466: aga
[xqc] z2as: HOLDD
[xqc] kypli4ek: xqcLL xqcLL xqcLL xqcLL xqcLL xqcLL  ͏
[xqc] fredrickdouglass808: LAST IN VOD PogU LAST IN VOD PogU LAST IN VOD PogU LAST IN VOD PogU LAST IN VOD PogU LAST IN VOD PogU LAST IN VOD PogU
[xqc] leastschizoxqcenjoyer: KUCKS  wideOmE
[xqc] xSLay3rJ: PauseMan ....
[xqc] rockleejuicer1: xqcLL
[xqc] Kefflings: Sadge
[xqc] JerOhm_qc: PauseChamp
[xqc] vivisoulja_: PauseMan cmon
[xqc] vellichor111: xqcLL xqcLL xqcLL xqcLL
[xqc] bigdavebigdave: agahi
[xqc] i3eamers: PauseMan rare ending
[xqc] alanred7: gachiBASS ending xqc
[xqc] deez_nuts52: PauseChamp
[xqc] HAYDEN__________: I  enjoyed my stay xqcL
[xqc] KrMaCoW: PauseChamp
[xqc] flashfan011: HOLDD
[xqc] Tech_Taylor: HOLD
[xqc] ekinuu: hyoonLurk .....
[xqc] Darth776: HOLDD
[xqc] artificia1love: I enjoyed my stay xqcLL
[xqc] hk710: WAJAJA KUCKS
[xqc] feederle: aga 󠀀
[xqc] HardTlmes: PLEASE secret fart
[xqc] YuushaXD_: PauseChamp do the thang
[xqc] bborisz: Pog
[xqc] grantdrpepper: Sheeeeshhhh
[xqc] giftedlynx: aga
[xqc] Nohboku: xqcL
[xqc] ricky0129: xqcL
[xqc] TheCaptainGooey: HOLDD
[xqc] spacelaser_: SHEEEESH
[xqc] yanagi1272: PauseChamp
[xqc] HawkNH: xqcL
[xqc] is__da: FUCK YOU KICK CHAT xqcS
[xqc] Kamzara: xqcL <3 xqcL <3 xqcL
[xqc] reliantt_: PauseChamp ͏
[xqc] Rational_Psycho: PauseChamp 9 minutes
[xqc] qq115guy: 24hr streamer
[xqc] r0ckystar_: PauseChamp RARE ENDING?
[xqc] iam_dog: PauseChamp DOTA
[xqc] l3AHU: 🧡 @xqc
[xqc] SinTheLegend: aga now what
[xqc] wworzte: xqcL  i enjoyed my stay
[xqc] dhquaker: HOLDD
[xqc] SirSp3ktre: PauseChamp Secret Ending?
[xqc] assuray420: HOLDD  ͏
[xqc] prefixui: sheeeeeeeeeeeeeeeeeesh
[xqc] TenthAve: PauseChamp super rare ultra juicer ending?
[xqc] th3net: <3
[xqc] slosi123: EHHH.......
[xqc] deez_nuts52: PauseMan
[xqc] 소노__: LO CUCK CHAT SO SLOW
[xqc] farmn11: PauseChamp
[xqc] SpikePulse: HOLDD
[xqc] Plinnkkk: xqcL
[xqc] jigachad_holy: PauseMan DOUBLE SHEESH
[xqc] Lemonaade1: hold
[xqc] fishnothing: PauseMan
[xqc] Mazeroski_: Pepepains sheesh
[xqc] vibeswithevan: xqcL
[xqc] guesteller: FUCK you kick chat
[xqc] leastschizoxqcenjoyer: RARE DAB?
[xqc] JayStarkx: PauseMan ͏
[xqc] fungo_x: xqcLL
[xqc] رمزی: .....
[xqc] strateri3: 9 more minutes, Q&A ͏
[xqc] HardTlmes: PLEASE  secret fart
[xqc] moikz: sheeeesh
[xqc] Suupan: HOLD
[xqc] dgeames: PauseChamp
[xqc] fredrickdouglass808: LAST IN VOD PogU LAST IN VOD PogU LAST IN VOD PogU LAST IN VOD PogU LAST IN VOD PogU LAST IN VOD PogU LAST IN VOD PogU LAST IN VOD PogU
[xqc] Extremegaming234: HOLDD rare ending? ͏
[xqc] SnowNando: Pause
[xqc] nakano_it5uki: WAJAJA kucks PointRIGHT
[xqc] Coldblackice: SHEESH OUTRO TOO??? Prayge xqc
[xqc] HILUX621_: PauseMan
[xqc] AVBest: GN CHAT AND XQC xqcL
[xqc] bobertay: speech PauseChamp
[xqc] SnipyL: 👀 ͏
[xqc] timgoescrazy: I ENJOYED MY STAY xqcL I ENJOYED MY STAY xqcL I ENJOYED MY STAY xqcL I ENJOYED MY STAY xqcL
[xqc] sznxsky: xqcKek
[xqc] JayStarkx: PauseMan
[xqc] CafiV: PauseChamp
[xqc] peperthepains: buhOverShakeyFlipExplode wavE BYEE~
[xqc] Tom_Crews: 💦💦💦💦
[xqc] Takkar76: agabye
[xqc] nidaartic: PauseChamp
[xqc] edricsonc: aga
[xqc] slosi123: EHHH....................
[xqc] MistaBK: PauseChamp sheeeshhh
[xqc] SP4DEZZZ: xqcLL xqcLL xqcLL xqcLL xqcLL
[xqc] HILUX621_: PauseMan  ͏
[xqc] ChatoMilk: xqcLL
[xqc] Gushyman123: RARE???
[xqc] SnipyL: 👀
[xqc] TheCaptainGooey: PauseChamp RARE ENDING? PauseChamp RARE ENDING? PauseChamp RARE ENDING? PauseChamp RARE ENDING?
[xqc] Eric4211: agabye
[xqc] britein918: Rare ending HOLD
[xqc] vivisoulja_: PauseMan do the thing
[xqc] Lanky_TL: PauseChamp
[xqc] lilyzcloudy: HOLDD
[xqc] Suntripin: sheeeesh
[xqc] spacelaser_: PauseChamp
[xqc] ceedy_deuce: kick
[xqc] Tech_Taylor: HOLD RARE
[xqc] MoonIs0dd: HOLDD
[xqc] bigdavebigdave: PauseChamp HOLD
[xqc] JIGACHAD123: sheeesh
[xqc] projectmako47: PauseChamp
[xqc] truecapta1n: HOLDD
[xqc] slosi123: EHHH....................................
[xqc] HAYDEN__________: I enjoyed my stay xqcL .
[xqc] Rational_Psycho: PauseMan
[xqc] nononokes: RARE ENDING PauseMan RARE ENDING PauseMan RARE ENDING PauseMan
[xqc] boyinafishbowl: sheeeeeeeeeesh
[xqc] SnipyL: 👀 ͏
[xqc] timgoescrazy: PauseMan
[xqc] CodyTheGod: <3
[xqc] mariogamecrazy: PauseChamp ...
[xqc] FlentFamicom: here it come
[xqc] fredrickdouglass808: LAST IN VOD PogU LAST IN VOD PogU LAST IN VOD PogU LAST IN VOD PogU LAST IN VOD PogU LAST IN VOD PogU LAST IN VOD PogU
[xqc] HardTlmes: PLEASE secret fart
[xqc] knockoutxxiii: EZ SHEEEEEEEEEEESH LockIn
[xqc] s404skk: PauseChamp
[xqc] ItsZarbon: xqcL
[xqc] rilew_tv: the thing PauseMan
[xqc] leastschizoxqcenjoyer: KUCKS wideOmE
[xqc] jakeretroh: I enjoyed my stay xqcSmile xqcL
[xqc] SnipyL: 👀
[xqc] KrMaCoW: PauseChamp 24 HOUR ENDING
[xqc] knowing147: PauseMan
[xqc] artificia1love: PauseChamp
[xqc] reyta94: xqcLL xqcLL xqcLL
[xqc] alanred7: gachiGASM ending xqc
[xqc] HAYDEN__________: I enjoyed my stay xqcL
[xqc] youabsolutelegend: rare?
[xqc] legetaat2: I ENJOYED MY 5 MINUTES STAY
[xqc] riliani: HOLDD
[xqc] AverageTwitchUser_LuL: RARE OUTRO PauseChamp ...
[xqc] reuhh: PauseChamp
[xqc] JIGACHAD123: SHEEESHHHHH
[xqc] elyasbtw: PauseChamp . . .
[xqc] jeremo947: xqcLL KICK BOTS
[xqc] mr_7777777: wuh
[xqc] lilyzcloudy: PagMan
[xqc] genuscorvid: :tf:
[xqc] rageca6e: FUCK YOU VOD VIEWERS
[xqc] love_triangle: HOLDD
[xqc] vexorDS: Flower0 Flower0
[xqc] Kevdidagain: PauseMan
[xqc] jigachad_holy: PauseChamp DOUBLE SHEESH
[xqc] bborisz: widepeepoSad Im not sad im happy i promise
[xqc] fallenangel1117: aga
[xqc] AFrogThatFlies: HOLDDDD
[xqc] th3net: PauseChamp  RARE?
[xqc] Mazeroski_: Pepepains  sheesh
[xqc] HAYDEN__________: I  enjoyed my stay xqcL
[xqc] JerOhm_qc: PauseChamp Any moment now
[xqc] MADlSTlC: PauseMan
[xqc] leastschizoxqcenjoyer: KUCKS  wideOmE
[xqc] joneslaurent: xqcMood_TK
[xqc] Concani_: xqcTF
[xqc] Xikmil: PauseMan RARE GACHI ENDING
[xqc] BlazyWinters: I ENJOYED MY STAY xqcLL
[xqc] prada5iveee: xqcLL
[xqc] arcafps: PauseMan .....
[xqc] Lemonaade1: ...
[xqc] YuushaXD_: HOLDD cartwheel outro
[xqc] someneedles: PauseMan .... rare ending?
[xqc] yuve: HOLDD
[xqc] FlentFamicom: paaauseeeee
[xqc] espvd: Pffttt press go offline buddy
[xqc] ceedy_deuce: !gamble
[xqc] s404skk: PauseChamp ...
[xqc] Lewqueez: PauseMan
[xqc] Rational_Psycho: PauseChamp
[xqc] HardTlmes: PLEASE  secret fart
[xqc] EMROBZ: xqcL
[xqc] taebny: PauseMan 24 HOUR
[xqc] vexorDS: WW
[xqc] Lightningice9: HOLDD
[xqc] tehchonka: PauseMan ...
[xqc] giftedlynx: PauseChamp
[xqc] xSLay3rJ: PauseMan ... sheesh?
[xqc] Lanky_TL: xqcTF
[xqc] Xikmil: PauseMan  RARE GACHI ENDING
[xqc] isaias_d: PauseChamp
[xqc] UnLimited99: PauseChamp
[xqc] th3net: PauseChamp . . . ..
[xqc] Nohboku: HOLDD
[xqc] dgeames: PauseChamp ...
[xqc] bear_248: PauseChamp
[xqc] Ligh1ten: xqcL
[xqc] kreply69: PauseMan .....
[xqc] AverageTwitchUser_LuL: RARE OUTRO PauseChamp ... ͏
[xqc] brandon_424: xqcLL xqcLL
[xqc] TheRealCypheric: RARE GAMBLING STREAM PagMan RARE GAMBLING STREAM PagMan RARE GAMBLING STREAM PagMan RARE GAMBLING STREAM PagMan RARE GAMBLING STREAM PagMan
[xqc] Whiytout: sex scene PauseChamp
[xqc] McYamo: PauseChamp
[xqc] MistaBK: PauseChamp cmon man
[xqc] SushiMagic: PogU
[xqc] boy_named_Su: xqcLK
[xqc] QuadMz: PauseMan 24 hours mark
[xqc] bitcoin_benji: one more raid
[xqc] vannqtt: xqcLL
[xqc] HILUX621_: LO
[xqc] bearmilkj: I ENJOYED MY STAY xqcL I ENJOYED MY STAY xqcL I ENJOYED MY STAY xqcL I ENJOYED MY STAY xqcL
[xqc] Plinnkkk: PauseMan
[xqc] Xikmil: PauseMan RARE GACHI ENDING
[xqc] rilew_tv: PauseChamp ...
[xqc] No4X: xqcL
[xqc] ianite258: PauseChamp ͏
[xqc] th3net: PauseChamp  . . . ..
[xqc] FlentFamicom: WW xqc
[xqc] kappabotdotcom: PauseChamp
[xqc] actualgustavo: PauseChamp
[xqc] zomboycod: xqcLL
[xqc] AFrogThatFlies: 9 MORE MINS
[xqc] rageca6e: KICK KUCKS LOL PointRIGHT KICK KUCKS LOL PointRIGHT KICK KUCKS LOL PointRIGHT KICK KUCKS LOL PointRIGHT
[xqc] bborisz: LOL
[xqc] PulsE_FPS: KICK KUCKS LOL PointRIGHT KICK KUCKS LOL PointRIGHT KICK KUCKS LOL PointRIGHT KICK KUCKS LOL PointRIGHT
[xqc] poy9157: xqcLK
[xqc] grantdrpepper: ssheeeeshhhhh
[xqc] Kill5witch_: SCHIZO
[xqc] vexorDS: WW ͏
[xqc] ttakazawa: bruh finally sleeps
[xqc] JerOhm_qc: PauseMan ...
[xqc] vivisoulja_: LOL
[xqc] orcathesmooth: PauseMan
[xqc] yomalll: LOL
[xqc] vibeswithevan: PauseChamp
[xqc] th3net: PauseChamp . . . ..
[xqc] Samskio: PauseChamp
[xqc] DonoHS: BAND KUCKS ON STREAM
[xqc] derekkeller: pausechamp
[xqc] lilyzcloudy: LO
[xqc] Krelyks: call us poor PauseChamp
[xqc] la__divina__comedia: PauseChamp
[xqc] HardTlmes: PLEASE secret fart
[xqc] TheRealCypheric: RARE GAMBLING STREAM PagMan RARE GAMBLING STREAM PagMan RARE GAMBLING STREAM PagMan RARE GAMBLING STREAM PagMan RARE GAMBLING STREAM PagMan  ͏
[xqc] AFrogThatFlies: HOLDDDDDDDDDDDDD
[xqc] Rational_Psycho: PauseMan .....
[xqc] estemarty: 9 MINUTE ENDING PLEASE
[xqc] iam_dog: HOLDD
[xqc] Lemonaade1: PauseChamp
[xqc] YuushaXD_: HOLDD chat
[xqc] Gustavoavalim: HOLDD
[xqc] 8luiginary8: 24 HR RARE
[xqc] qq115guy: LOL
[xqc] KrMaCoW: PauseChamp
[xqc] apVll: HOLD
[xqc] Lewqueez: LOL
[xqc] WaryBadgr: 9 minutes PauseChamp
[xqc] Gorami: PauseChamp
[xqc] bobertay: 48 hour PauseChamp 48 hour PauseChamp 48 hour PauseChamp 48 hour PauseChamp 48 hour PauseChamp
[xqc] Itswasiim: LOL
[xqc] UnLimited99: PauseChamp 󠀀
[xqc] yanagi1272: HOLDD PauseChamp
[xqc] knowing147: PauseChamp .....
[xqc] valraSan: PauseChamp . . .
[xqc] l3AHU: 🧡  @xqc
[xqc] Codyj9: MARATHON MONDAY MAN
[xqc] McYamo: PauseChamp ͏
[xqc] Rick_Grimes_EZ: Dono o7
[xqc] Gushyman123: RARE?
[xqc] th3net: PauseChamp  . . . ..
[xqc] mekk_____: rare ending HOLDD
[xqc] TheeKingBoo: PauseChamp  SLAM THE FART
[xqc] codmermaid: SCHIZO
[xqc] justin20545: Kcuks   PointRIGHT
[xqc] TheCaptainGooey: LO
[xqc] TheRealCypheric: RARE GAMBLING STREAM PagMan RARE GAMBLING STREAM PagMan RARE GAMBLING STREAM PagMan RARE GAMBLING STREAM PagMan RARE GAMBLING STREAM PagMan
[xqc] QUOTE_ME_IF_WHOMPS: LOL
[xqc] spacelaser_: DonoWall
[xqc] HardTlmes: dono shaddddap
[xqc] jigachad_holy: PauseMan SHEEESH 2X
[xqc] kruzzz__: PauseChamp
[xqc] MistaBK: Do it PauseChamp
[xqc] derekkeller: PauseChamp
[xqc] espvd: agabye
[xqc] Whiytout: rare sex scene? PauseChamp
[xqc] taebny: DONO STFU
[xqc] projectmako47: PagBounce HES STILL HERE
[xqc] omeezey_: xqcOmega
[xqc] guesteller: LOL
[xqc] Gubbis_db000: <3 <3
[xqc] FBratz: only streamed for 24 hours
[xqc] HAYDEN__________: I enjoyed my stay xqcL
[xqc] Tech_Taylor: bye
[xqc] LoStupidoBannato: Mutted
[xqc] rubandzxo: PauseMan
[xqc] vexorDS: LOL
[xqc] SinTheLegend: LOL
[xqc] alanred7: gachiBASS xqc
[xqc] boy_named_Su: HOLDD
[xqc] wworzte: xqcL i enjoyed my stay ͏
[xqc] CrazyBearPlayz21: RARE ENDING ?? hasPause
[xqc] vibeswithevan: xqcL
[xqc] mr_7777777: BYE
[xqc] ItzRoch: PLEASE 9 more mins ͏
[xqc] Lewqueez: skrrt skrrt
[xqc] UnLimited99: PauseChamp
[xqc] vithurann: xqcL ͏
[xqc] bop_ts: PauseChamp
[xqc] Kefflings: xqcLL
[xqc] nickmerc4head: xqcL

📊 Stats: 6723 messages in 19m0s (5.90 msg/sec)

[xqc] WILLBEFINE_4EVER: PauseChamp
[xqc] Concani_: BYE
[xqc] grantdrpepper: PauseChamp
[xqc] xSLay3rJ: KPOPlove
[xqc] DarthTortLE: xqcL I ENJOYED MY STAY
[xqc] kypli4ek: xqcLL xqcLL xqcLL xqcLL xqcLL xqcLL
[xqc] SnipyL: xqcL ͏
[xqc] AFrogThatFlies: NONON HOLD HOLD OHLD
[xqc] lilyzcloudy: agabye
[xqc] assuray420: agabye
[xqc] penguinbuttons: byee
[xqc] SnakeXD__: xqcL
[xqc] st3veo_: Kick trach
[xqc] lamconfused: flightNotL
[xqc] L22M23: IS THIS THE END
[xqc] Secrityyy: xqcL
[xqc] Elymara: PauseChamp
[xqc] Gubbis_db000: bye bye bye
[xqc] vivisoulja_: bye SAJ
[xqc] yusoh: o/
[xqc] leastschizoxqcenjoyer: rare WORLDS STREAM
[xqc] shavthesav: byebye
[xqc] n8oll: LOL
[xqc] Kamzara: bye bye
[xqc] bigdavebigdave: agabye
[xqc] dohxo: LOL
[xqc] LoStupidoBannato: bye
[xqc] sleeper_sammuel: agabye
[xqc] jigachad_holy: NOWWHAT
[xqc] PyroStar_: PogU
[xqc] is__da: RARE ENDING ?
[xqc] QuadMz: bye
[xqc] monopoleyes: peace
[xqc] prefixui: sheeeeeeeeeesh....
[xqc] HardTlmes: GNNNNNNN
[xqc] YuushaXD_: NOWWHAT
[xqc] vexorDS: LO
[xqc] SnipyL: xqcL
[xqc] ekinuu: hyoonLurk
[xqc] bearinark: agabye ͏
[xqc] Shrimpiy: <3
[xqc] Figgy316: bye
[xqc] cartman1517: ewpert
[xqc] vivisoulja_: wade
[xqc] TenthAve: SKRRRT
[xqc] bear_248: agabye
[xqc] JerOhm_qc: agabye
[xqc] bladeefan91: xqcL xqcL xqcL
[xqc] SushiMagic: sheeeeshh
[xqc] jenosaidoo: NOWWHAT
[xqc] i3eamers: Lame
[xqc] L22M23: BYE
[xqc] yanagi1272: NOO
[xqc] vibeswithevan: MONKA
[xqc] shemmy_: L ending
[xqc] ceedy_deuce: noooooooiiiii
[xqc] prada5iveee: luv u
[xqc] Kefflings: NOWWHAT
[xqc] spacelaser_: NOOO
[xqc] JayStarkx: peace
[xqc] i2dex: agabye
[xqc] always_be_happy1626272737: Bye
[xqc] fpsJacob_: STFU DONI
[xqc] HAYDEN__________: I enjoyed my stay xqcL .
[xqc] kruzzz__: bait ending LOL
[xqc] elite__dog: PauseChamp ...
[xqc] panicviewer: stfu dono
[xqc] gonerforsure: sub 24h strimm NOOOOO
[xqc] timgoescrazy: NOWWHAT
[xqc] HardTlmes: GNNNNNNN ͏
[xqc] dxxath: xqcLL
[xqc] derekkeller: xqcL
[xqc] MADlSTlC: agabye
[xqc] n8oll: LOL ͏
[xqc] orcathesmooth: NOWWHAT
[xqc] mekk_____: rare ending HOLDD rare ending HOLDD rare ending HOLDD rare ending HOLDD
[xqc] Skyzz782: TrollDespair
[xqc] artificia1love: agabye
[xqc] bigdavebigdave: NOWWHAT
[xqc] dgeames: Pog bye
[xqc] MistaBK: Sheeeshhh LMFAOO
[xqc] Rational_Psycho: Pointless
[xqc] Stendon: GIGACHAD
[xqc] TheeKingBoo: bleedPurple
[xqc] amk466: noooooo
[xqc] QuadMz: NOWWHAT
[xqc] Kap10Ten: agabye
[xqc] Eric4211: NOWWHAT
[xqc] r0ckystar_: NOWWHAT
[xqc] WaryBadgr: agabye
[xqc] spacelaser_: NOOOO
[xqc] Blackwell0102: bye
[xqc] blaboo34: xqcL
[xqc] SnipyL: xqcL ͏
[xqc] SpikePulse: NOWWHAT
[xqc] its_Physikz: gn chat xqcL
[xqc] nononokes: agabye NOWWHAT
[xqc] Plinnkkk: bye
[xqc] fabioco_: idd he say TOMORROWWW???
[xqc] r0ckystar_: NOWWHAT\
[xqc] ItzRoch: LOL NOT 24 HOURS
[xqc] Nohboku: NOWWHAT
[xqc] PepegaLag: NOWWHAT
[xqc] patientrhyme: NOWWHAT  ͏
[xqc] fpsJacob_: byeeee
[xqc] ye__ji: xqcL
[xqc] bear_248: NOWWHAT
[xqc] oneandonlywilfred: w stream
[xqc] HardTlmes: !P
[xqc] HAYDEN__________: I  enjoyed my stay xqcL
[xqc] ForsensNeckVein: OWL2019murloc
[xqc] Kirbiiiiii: LOL
[xqc] reuhh: xqcL
[xqc] Concani_: NOWWHAT .....
[xqc] pkee123: 🐐🐐🐐🐐🐐🐐🐐🐐🐐🐐🐐🐐🐐🐐
[xqc] SchnozeBot: @HardTlmes hardtlmes has 1000938 points. For more information about points, see http://xqc.pajbot.com/points
[xqc] Rick_Grimes_EZ: Byeeee
[xqc] MoonIs0dd: glorpNotL
[xqc] deez_nuts52: agabye
[xqc] banda1x0: 9 min  HOLDD
[xqc] yusoh: o//
[xqc] JerOhm_qc: NOWWHAT
[xqc] MrMoonie: hes so fucked LOL
[xqc] Coldblackice: SKEET OUTRO OOOO xqc WW
[xqc] lamconfused: NOWWHAT
[xqc] strateri3: failed 24 hour challenge LO
[xqc] lilyzcloudy: xqcL
[xqc] Mekatex: NOWWHAT
[xqc] McYamo: L Ending
[xqc] sillylittlegoober_: No mega rare o7 No mega rare o7 No mega rare o7 No mega rare o7
[xqc] lazyyhermit: BUH
[xqc] th3net: cyaa
[xqc] jeremo947: NOWWHAT ͏
[xqc] truecapta1n: NOWWHAT
[xqc] moikz: no sheesh WeirdChamp
[xqc] SnipyL: xqcL
[xqc] boyinafishbowl: LL ending
[xqc] vivisoulja_: wade . . .
[xqc] tehchonka: NOWWHAT
[xqc] TheCaptainGooey: Normal Ending SAJ Normal Ending SAJ Normal Ending SAJ Normal Ending SAJ Normal Ending SAJ
[xqc] ekinuu: bye bye hyoonFlower
[xqc] derekkeller: I ENJOYED MY STAY
[xqc] ItzRoch: LOL NOT 24 HOURS ͏
[xqc] Codyj9: NOW WHAT
[xqc] artificia1love: NOWWHAT
[xqc] ChefBronel: MMMM weird
[xqc] Extremegaming234: NOWWHAT no rare ending
[xqc] jenosaidoo: NOWWHAT CHAT...
[xqc] ItzRoch: LOL NOT 24 HOURS
[xqc] Rational_Psycho: Pointless ͏
[xqc] MoonIs0dd: glorpNotL FUCK
[xqc] foxyfurryarts: <3 I enjoyed my stay
[xqc] Blackwell0102: wavE ͏
[xqc] Lanky_TL: NOWWHAT
[xqc] JayStarkx: NOWWHAT
[xqc] ceedy_deuce: saj
[xqc] spacelaser_: WhatNow
[xqc] farmn11: I ENJOYED MY STAY xqcLL I ENJOYED MY STAY xqcLL
[xqc] yomalll: Aware
[xqc] mekk_____: skkkk
[xqc] smackPlatypus28: xqcLL xqcLL xqcLL  ͏
[xqc] Lemonaade1: agabye
[xqc] HAYDEN__________: I enjoyed my stay xqcL
[xqc] taebny: Aware SO CLOSE TO A 24 HOUR NOOOO
[xqc] MrMoonie: gn chat
[xqc] wworzte: xqcOffline xqcOffline
[xqc] jason_baguna: OMEGALUL
[xqc] reliantt_: !ROULETTE ALL
[xqc] Secrityyy: omgbru only 23:51
[xqc] Loska_999: !roulette 5000
[xqc] UnLimited99: !watchtime
[xqc] Rawrmothafuka: Now what
[xqc] vibeswithevan: NOWWHAT
[xqc] BlueRat1: NOWWHAT
[xqc] Kefflings: NOWWHAT ...
[xqc] EvoManny: !moduleson
[xqc] Jolesta: xqcLL GN
[xqc] SchnozeBot: UnLimited99 has spent 11 months and 29 days in online chat.
[xqc] Kevdidagain: What now
[xqc] vivisoulja_: wade
[xqc] justin20545: NOWWHAT
[xqc] rykerbtw: skrrrt
[xqc] LoStupidoBannato: NOWWHAT
[xqc] Fossabot: !module enable roulette
[xqc] Fossabot: !module enable slotmachine
[xqc] CristianoooRonaldooo: NOW WHAT? xqcDespair NOW WHAT? xqcDespair NOW WHAT? xqcDespair NOW WHAT? xqcDespair NOW WHAT? xqcDespair NOW WHAT? xqcDespair NOW WHAT? xqcDespair NOW WHAT? xqcDespair
[xqc] SchnozeBot: Enabled module roulette
[xqc] SchnozeBot: Enabled module slotmachine
[xqc] sleeper_sammuel: aga time to jork it chat
[xqc] Sewerslxde: !roulette all
[xqc] dxxath: xqcLL xqcLL
[xqc] Kefflings: NOWWHAT
[xqc] MrMoonie: <3
[xqc] SchnozeBot: Sewerslxde lost 1080 points in roulette and now has 0 points! xqcSmash
[xqc] BurntPuke: TrollAware
[xqc] u2ig: NOWWHAT
[xqc] alanred7: NOWWHAT
[xqc] FIKOEOS: LOL
[xqc] Rubic_xyc: nooo NOWWHAT
[xqc] Stendon: GIGACHAD NO ENDING
[xqc] nate338: xqcL bye bye everyone
[xqc] vexorDS: agabye
[xqc] Itswasiim: NOWWHAT
[xqc] knockoutxxiii: NOWWHAT  ChatTime
[xqc] CristianoooRonaldooo: NOW WHAT? xqcDespair NOW WHAT? xqcDespair NOW WHAT? xqcDespair NOW WHAT? xqcDespair NOW WHAT? xqcDespair NOW WHAT? xqcDespair NOW WHAT? xqcDespair
[xqc] leastschizoxqcenjoyer: ok  yall can go now :)
[xqc] deez_nuts52: SAJ NO SECRET ENDING SAJ
[xqc] vithurann: Pointless
[xqc] Hefty439: NOWWHAT
[xqc] reliantt_: !roulette all
[xqc] prada5iveee: FAAAAHHHHHKKKK
[xqc] moikz: !roulette all
[xqc] SinTheLegend: agaDespair NOW WHAT agaDespair NOW WHAT agaDespair NOW WHAT
[xqc] Kamzara: xqcWut
[xqc] Ramune_Sodaa: Now What
[xqc] jenosaidoo: NOWWHAT pc fans......
[xqc] Kefflings: NOWWHAT ...
[xqc] SchnozeBot: reliantt_ lost 136 points in roulette and now has 0 points! xqcSmash
[xqc] Tech_Taylor: !roulette all
[xqc] SchnozeBot: moikz lost 1234 points in roulette and now has 0 points! xqcSmash
[xqc] feederle: HOURLY TIMEOUT BAND HOURLY TIMEOUT BAND HOURLY TIMEOUT BAND HOURLY TIMEOUT BAND HOURLY TIMEOUT BAND HOURLY TIMEOUT BAND HOURLY TIMEOUT BAND HOURLY TIMEOUT BAND HOURLY TIMEOUT BAND HOURLY TIMEOUT BAND HOURLY TIMEOUT BAND HOURLY TIMEOUT BAND HOURLY TIMEOUT BAND HOURLY TIMEOUT BAND HOURLY TIMEOUT BAND
[xqc] SpikePulse: ...butthenameislessgenericsoyoudontaccidentallytypeit
[xqc] AverageTwitchUser_LuL: NOT 24 HOURS notCinema
[xqc] jigachad_holy: !p
[xqc] SchnozeBot: Tech_Taylor lost 4014 points in roulette and now has 0 points! xqcSmash
[xqc] NoticeMeSenpepe: xqcL
[xqc] SchnozeBot: @jigachad_holy jigachad_holy has 81 points. For more information about points, see http://xqc.pajbot.com/points
[xqc] fredrickdouglass808: xqcL
[xqc] toottoot2_: TEARS
[xqc] hwmotorola: NOWWHAT
[xqc] ceedy_deuce: ArcRaidersDance
[xqc] blaboo34: I HEARD THE LAST 2 CLICKS RIGHT AS I GOT HERE POGMEEEEE
[xqc] is__da: NOWWHAT
[xqc] AFrogThatFlies: THE TIMER IS STILL TICKING
[xqc] MistaBK: NOWWHAT
[xqc] bonkfart: NOWWHAT
[xqc] th3net: MODS  OPEN THE TABLES MODS OPEN THE TABLES MODS OPEN THE TABLES MODS OPEN THE TABLES
[xqc] SeekerNinetyFive: NOWWHAT
[xqc] jeremo947: NOWWHAT I HAVE NOTHIONG
[xqc] love_triangle: NOWWHAT ....
[xqc] strateri3: failed 24 hour challenge LO  failed 24 hour challenge LO  failed 24 hour challenge LO  failed 24 hour challenge LO
[xqc] artificia1love: !gamble all
[xqc] vivisoulja_: SAJ
[xqc] WaryBadgr: Aware I can here the fans
[xqc] GRIMMYAINTREAL: xqcOffline xqcOffline xqcOffline xqcOffline xqcOffline xqcOffline
[xqc] deez_nuts52: Pointless
[xqc] wworzte: xqcOffline xqcOffline  ͏
[xqc] jakeretroh: !roulette 1%
[xqc] oneandonlywilfred: !watchtime
[xqc] Eric4211: BAND
[xqc] HardTlmes: !roulette 938
[xqc] vexorDS: LO
[xqc] SchnozeBot: jakeretroh lost 8057 points in roulette and now has 797712 points! xqcSmash
[xqc] Zourixx: xqcLK
[xqc] lofyy10: noooooooooo
[xqc] knockoutxxiii: NOWWHAT  ChatTime  NOW WHAT CHAT.....
[xqc] xSLay3rJ: NOWWHAT
[xqc] SchnozeBot: oneandonlywilfred has spent 5 hours and 20 minutes in online chat.
[xqc] Sky10147: NOWWHAT chat
[xqc] SchnozeBot: HardTlmes won 938 points in roulette and now has 1001876 points! FeelsGoodMan
[xqc] greenpebbez69: Hollow
[xqc] TheCaptainGooey: COMMON ENDING SAJ COMMON ENDING SAJ COMMON ENDING SAJ COMMON ENDING SAJ COMMON ENDING SAJ
[xqc] MrMoonie: !smp 10000
[xqc] kuromohits: Pointless Clap
[xqc] 8luiginary8: xqcL
[xqc] SchnozeBot: MrMoonie | xqcLook xqcMood xqcA | lost 10000 points LuL
[xqc] th3net: MODS OPEN THE TABLES MODS OPEN THE TABLES MODS OPEN THE TABLES MODS OPEN THE TABLES
[xqc] 00Bluey: xqcL
[xqc] nononokes: NOWWHAT
[xqc] ceedy_deuce: Saj
[xqc] boyinafishbowl: !gamble all
[xqc] kreply69: NOWWHAT
[xqc] assuray420: xqcOffline
[xqc] calabungus: !roulette all
[xqc] sobermaller: NOW WHAT
[xqc] KryptScript: !ov ͏
[xqc] SchnozeBot: calabungus won 1140 points in roulette and now has 2280 points! FeelsGoodMan
[xqc] frostxlr8: o7
[xqc] FIKOEOS: LOL not even 24h
[xqc] Rational_Psycho: Pointless fuck....
[xqc] Kefflings: NOWWHAT
[xqc] kypli4ek: Aware now what....
[xqc] AFrogThatFlies: THE TIMER IS STILL TICKING ͏
[xqc] BigDauhwg: NOWWHAT
[xqc] lonzo_s2: Pointless
[xqc] knockoutxxiii: NOWWHAT  ChatTime  NOW WHAT CHAT..... ?
[xqc] vexorDS: LO ͏
[xqc] AverageTwitchUser_LuL: NOT 24 HOURS notCinema  ͏
[xqc] BLURWYA: NOWWHAT CHAT SAJ NOWWHAT CHAT SAJ NOWWHAT CHAT SAJ
[xqc] brandon_424: Bye <3 🫰
[xqc] DBDozerr: NOWWHAT
[xqc] Sun8ett: !roulette all
[xqc] smeckk: sybau
[xqc] SnipyL: !p
[xqc] snowballing3: back to the void
[xqc] Extremegaming234: NOWWHAT ....
[xqc] deez_nuts52: Pointless stream over
[xqc] SchnozeBot: Sun8ett lost 3389 points in roulette and now has 0 points! xqcSmash
[xqc] SpikePulse: ...butthenameislessgenericsoyoudontaccidentallytypeit chat
[xqc] ekinuu: hyoonCry
[xqc] Plinnkkk: NOW WHAT? xqcDespair NOW WHAT? xqcDespair NOW WHAT? xqcDespair NOW WHAT? xqcDespair NOW WHAT? xqcDespair NOW WHAT? xqcDespair NOW WHAT? xqcDespair
[xqc] wewn303: NOWWHAT CHAT ͏
[xqc] Tinokap: now what aware
[xqc] SchnozeBot: @SnipyL snipyl has 2341352 points. For more information about points, see http://xqc.pajbot.com/points
[xqc] banda1x0: ArcRaidersDance
[xqc] UnLimited99: !roulette all
[xqc] WaryBadgr: xqcOffline
[xqc] youngrome333: ?
[xqc] SchnozeBot: UnLimited99 won 415 points in roulette and now has 830 points! FeelsGoodMan
[xqc] Loska_999: !roulette 5000 ͏
[xqc] projectmako47: my juicer is back to his roots FeelsStrongMan Clap my juicer is back to his roots FeelsStrongMan Clap my juicer is back to his roots FeelsStrongMan Clap my juicer is back to his roots FeelsStrongMan Clap my juicer is back to his roots FeelsStrongMan Clap
[xqc] sleeper_sammuel: agahi go to sleep chat
[xqc] SchnozeBot: Loska_999 won 5000 points in roulette and now has 199200 points! FeelsGoodMan
[xqc] petergriffinlloll: !points
[xqc] WattiesSauce: NOWWHAT WORLDS TIME!
[xqc] SchnozeBot: @petergriffinlloll petergriffinlloll has 5140 points. For more information about points, see http://xqc.pajbot.com/points
[xqc] kypli4ek: Aware now what.... ͏
[xqc] jigachad_holy: xqcOffline
[xqc] blakedaboi: bye xqcLL
[xqc] ianite258: NOWWHAT
[xqc] espvd: WW stream
[xqc] its_Physikz: gn chat xqcL sleep very tight with warm blankies
[xqc] justin20545: Pointless
[xqc] lilyzcloudy: !roulette 5k
[xqc] keeferbro: AbsoluteRage SO CLOSE DAMMIT
[xqc] SnipyL: !roulette 1352
[xqc] Solar_Pike: TrollAware now what
[xqc] SP4DEZZZ: NOW WOT Aware
[xqc] Kefflings: NOWWHAT pc fans
[xqc] onkeklol: peace
[xqc] SchnozeBot: lilyzcloudy lost 5000 points in roulette and now has 1005487 points! xqcSmash
[xqc] Criptycal: so early wtf
[xqc] SchnozeBot: SnipyL lost 1352 points in roulette and now has 2340000 points! xqcSmash
[xqc] leastschizoxqcenjoyer: its over yall GET
[xqc] Merpzyy: NOW WHAT?
[xqc] Coldblackice: xqc 24HR GRINDER GIGACHAD LIKE OLD TIMES FeelsStrongMan 24HR GRINDER GIGACHAD LIKE OLD TIMES FeelsStrongMan 24HR GRINDER GIGACHAD LIKE OLD TIMES FeelsStrongMan 24HR GRINDER GIGACHAD LIKE OLD TIMES FeelsStrongMan
[xqc] Shrimpiy: no what Pointless
[xqc] kypli4ek: Aware now what....
[xqc] Eatabox: !roulette 1%
[xqc] TheCaptainGooey: Aware WHAT NOW
[xqc] Mazeroski_: the void calls @BurntPuke
[xqc] seallucky: SCRAPETHATSHITJOHNNY !roulette all
[xqc] dgeames: now GAMBA
[xqc] SchnozeBot: Eatabox won 556 points in roulette and now has 56253 points! FeelsGoodMan
[xqc] jordanbexe: now what…
[xqc] SinTheLegend: agaDespair NOW WHAT agaDespair NOW WHAT agaDespair NOW WHAT agaDespair NOW WHAT agaDespair NOW WHAT
[xqc] wworzte: xqcOffline xqcOffline xqcOffline
[xqc] vexorDS: :tumbsup:
[xqc] HardTlmes: !roulette 1876
[xqc] breakfastinthe80s: xqcLL
[xqc] assuray420: xqcOffline  ͏
[xqc] jakeretroh: !roulette 24242
[xqc] chowde_R: !poof
[xqc] jigachad_holy: xQcWentOffline
[xqc] onered5: !roulette 69
[xqc] ceedy_deuce: !gamble
[xqc] SchnozeBot: onered5 won 69 points in roulette and now has 362 points! FeelsGoodMan
[xqc] farmn11: GAMBA OPEN THE TABLES
[xqc] febzo2: NOWWHAT ͏
[xqc] ImGuessy: NOWWHAT
[xqc] loqul__: losers in chat
[xqc] Sky10147: NOWWHAT
[xqc] bonkfart: xqcOffline
[xqc] Extremegaming234: NOWWHAT .... ͏
[xqc] yameroRa: Sadge now what
[xqc] edricsonc: @TheCaptainGooey is the best ending
[xqc] deez_nuts52: !roulette all
[xqc] l3AHU: !roulette 10000
[xqc] tehchonka: NOW WHAT? xqcDespair NOW WHAT? xqcDespair NOW WHAT? xqcDespair NOW WHAT? xqcDespair NOW WHAT? xqcDespair NOW WHAT? xqcDespair NOW WHAT? xqcDespair
[xqc] r0ckystar_: GET SOME MUCH NEEDED REST cuh
[xqc] SchnozeBot: deez_nuts52 won 1132 points in roulette and now has 2264 points! FeelsGoodMan
[xqc] SchnozeBot: l3AHU lost 10000 points in roulette and now has 2491339 points! xqcSmash
[xqc] kruzzz__: !roulette all
[xqc] th3net: !roulette 5000
[xqc] NoticeMeSenpepe: I ENJOYED MY STAY, W STREAM MY JUICER W xqcL
[xqc] SchnozeBot: kruzzz__ won 10920 points in roulette and now has 21840 points! FeelsGoodMan
[xqc] HardTlmes: !roulette  1876
[xqc] SchnozeBot: th3net won 5000 points in roulette and now has 23597 points! FeelsGoodMan
[xqc] Kefflings: NOWWHAT fans
[xqc] SchnozeBot: HardTlmes lost 1876 points in roulette and now has 1000000 points! xqcSmash
[xqc] imperialistkarl: chat your job now is to solve the bunker mystery for tomorrows stream get to work
[xqc] nakano_it5uki: work tomorrow Pointless
[xqc] kuromohits: SAJ
[xqc] bobertay: now what Pointless now what Pointless now what Pointless now what Pointless
[xqc] r0ckystar_: GET SOME MUCH NEEDED REST cuh ͏

📊 Stats: 7108 messages in 19m30s (6.08 msg/sec)

[xqc] Loska_999: !roulette 10k
[xqc] taigh219: !p
[xqc] SchnozeBot: @taigh219 taigh219 has 3379 points. For more information about points, see http://xqc.pajbot.com/points
[xqc] zlazu: !roulette all
[xqc] WaryBadgr: agabye goodnight chat
[xqc] Kamzara: !roulette all
[xqc] SchnozeBot: zlazu lost 246 points in roulette and now has 0 points! xqcSmash
[xqc] SchnozeBot: Kamzara lost 1310 points in roulette and now has 0 points! xqcSmash
[xqc] espvd: !mraffle 100000 10
[xqc] maplet0ast: Aware real life
[xqc] AFrogThatFlies: CHAT WE WAIT HERE TILL IT HITS 24
[xqc] prada5iveee: so when u going live again?
[xqc] jordanbexe: aware
[xqc] IO326: !watchtime
[xqc] britein918: NOWWHAT
[xqc] SchnozeBot: IO326 has spent 3 months and 18 days in online chat.
[xqc] yanagi1272: bye chat NOWWHAT
[xqc] Loska_999: !roulette 10k ͏
[xqc] KryptScript: !ov
[xqc] bladeefan91: uhhh what do I do now…
[xqc] SchnozeBot: Loska_999 won 10000 points in roulette and now has 209200 points! FeelsGoodMan
[xqc] s404skk: NOWWHAT
[xqc] kruzzz__: !roulette  all
[xqc] lDabos: WHITE GEAR ENDING LuL
[xqc] espvd: !join
[xqc] jackthedazzle: worlds 2025 happen soon PogU
[xqc] BurntPuke: Aware NOWWHAT
[xqc] imperialistkarl: !roulette all
[xqc] MOOSE_on_the_loose_: !roulette 1000
[xqc] SchnozeBot: imperialistkarl lost 454 points in roulette and now has 0 points! xqcSmash
[xqc] HardTlmes: fak u bot
[xqc] is__da: !roulette all
[xqc] SchnozeBot: MOOSE_on_the_loose_ won 1000 points in roulette and now has 92574 points! FeelsGoodMan
[xqc] SchnozeBot: is__da won 93 points in roulette and now has 186 points! FeelsGoodMan
[xqc] taigh219: !p ͏
[xqc] artificia1love: !roulette all
[xqc] jeremo947: NOWWHAT man
[xqc] K0rrupt1on: !roulette all
[xqc] SchnozeBot: artificia1love won 5245 points in roulette and now has 10490 points! FeelsGoodMan
[xqc] Plinnkkk: !roulette all
[xqc] SchnozeBot: K0rrupt1on lost 153 points in roulette and now has 0 points! xqcSmash
[xqc] deez_nuts52: !roulette all !roulette all
[xqc] rubandzxo: Pointless
[xqc] SchnozeBot: Plinnkkk won 4649 points in roulette and now has 9298 points! FeelsGoodMan
[xqc] VatoNJ: pc fans
[xqc] Ozzy_Ozz2321: xqcL I ENJOYED MY STAY
[xqc] taigh219: !p
[xqc] SpikePulse: OFFLINECHAT
[xqc] Concani_: agaDespair pc fans...
[xqc] BigDauhwg: !roulette all
[xqc] petergriffinlloll: !roulette 2000
[xqc] deez_nuts52: !roulette all
[xqc] SchnozeBot: BigDauhwg won 1263 points in roulette and now has 2526 points! FeelsGoodMan
[xqc] fishnothing: !roulette 2000000
[xqc] KryptScript: !ov ͏
[xqc] SchnozeBot: petergriffinlloll lost 2000 points in roulette and now has 3140 points! xqcSmash
[xqc] tweakermiles: !gamble all
[xqc] SchnozeBot: fishnothing lost 2000000 points in roulette and now has 10382431 points! xqcSmash
[xqc] DzXv1: !roulette all
[xqc] taigh219: !p ͏
[xqc] SchnozeBot: DzXv1 lost 27092 points in roulette and now has 0 points! xqcSmash
[xqc] onered5: !roulette 32
[xqc] SchnozeBot: onered5 won 32 points in roulette and now has 394 points! FeelsGoodMan
[xqc] yuve: vulpBark vulpTail
[xqc] lDabos: COMMON ENDING Sadge
[xqc] USOIL: !roulette all
[xqc] SchnozeBot: USOIL lost 1530 points in roulette and now has 0 points! xqcSmash
[xqc] giinby: GO  TO BED
[xqc] Kefflings: NOWWHAT fans ͏
[xqc] justin20545: agabye
[xqc] deez_nuts52: !roulette all !roulette all
[xqc] kruzzz__: !roulette all
[xqc] unknownwrldddddd: Only 23hrs and 51mins LOL
[xqc] SchnozeBot: deez_nuts52 lost 2264 points in roulette and now has 0 points! xqcSmash
[xqc] u2ig: ENJOY YOUR REJUICER xqcL
[xqc] SchnozeBot: kruzzz__ won 21840 points in roulette and now has 43680 points! FeelsGoodMan
[xqc] zlazu: Aware MASS GAMBA LOSS
[xqc] humidafire: im gonna be up all night thinking of SCHIZO ideas
[xqc] Shrimpiy: now what Aware
[xqc] bladeefan91: !roulette all
[xqc] MOOSE_on_the_loose_: !rr
[xqc] SchnozeBot: bladeefan91 lost 11411 points in roulette and now has 0 points! xqcSmash
[xqc] Fossabot: The trigger is pulled. A bullet fired. F for MOOSE_on_the_loose_ FeelsBadMan
[xqc] l3AHU: !roulette 20000
[xqc] SchnozeBot: l3AHU lost 20000 points in roulette and now has 2471339 points! xqcSmash
[xqc] zlazu: Aware MASS GAMBA LOSS ͏
[xqc] jeremo947: !roulette all
[xqc] TheCaptainGooey: !roulette all
[xqc] Cloudzsurf: !roulette 50
[xqc] SchnozeBot: jeremo947 won 43 points in roulette and now has 86 points! FeelsGoodMan
[xqc] SchnozeBot: TheCaptainGooey lost 172 points in roulette and now has 0 points! xqcSmash
[xqc] SchnozeBot: Cloudzsurf won 50 points in roulette and now has 14166 points! FeelsGoodMan
[xqc] HardTlmes: !join any raffles
[xqc] ceedy_deuce: !roulette all
[xqc] WaryBadgr: !roulette all
[xqc] SpikePulse: !roulette 10%
[xqc] SchnozeBot: ceedy_deuce won 1968 points in roulette and now has 3936 points! FeelsGoodMan
[xqc] SchnozeBot: WaryBadgr lost 103408 points in roulette and now has 0 points! xqcSmash
[xqc] SchnozeBot: SpikePulse lost 1783 points in roulette and now has 16055 points! xqcSmash
[xqc] farmn11: !roulette 50%
[xqc] SchnozeBot: farmn11 lost 979 points in roulette and now has 980 points! xqcSmash
[xqc] petergriffinlloll: !roulette all
[xqc] wewn303: !roulette all
[xqc] SchnozeBot: wewn303 won 414 points in roulette and now has 828 points! FeelsGoodMan
[xqc] r0ckystar_: @espvd hiThere
[xqc] AverageTwitchUser_LuL: !roulette 100
[xqc] SchnozeBot: AverageTwitchUser_LuL won 100 points in roulette and now has 26098 points! FeelsGoodMan
[xqc] Kamzara: bye chat poof
[xqc] InsaneCookies21: TIMER STILL GOING!
[xqc] dgeames: !roulette 50
[xqc] jigachad_holy: !join
[xqc] jakeretroh: !roulette 24567
[xqc] SchnozeBot: dgeames lost 50 points in roulette and now has 43 points! xqcSmash
[xqc] JayStarkx: Cinema Worlds Finals happening soon
[xqc] SchnozeBot: jakeretroh won 24567 points in roulette and now has 822279 points! FeelsGoodMan
[xqc] SnipyL: @xQc
[xqc] britein918: Common Ending
[xqc] poy9157: !roulette all
[xqc] nononokes: time to play some anime gacha slop now AYAYA
[xqc] BurntPuke: TrollAware the void
[xqc] SchnozeBot: poy9157 lost 79 points in roulette and now has 0 points! xqcSmash
[xqc] HardTlmes: !join  any raffles
[xqc] aetherGER: Streamer of the decade worthy Stream xqc xqcL
[xqc] taigh219: !roulette all
[xqc] onered5: !roulette 6
[xqc] kruzzz__: !roulette  all
[xqc] SpikePulse: !roulette 20%
[xqc] SchnozeBot: taigh219 won 3379 points in roulette and now has 6758 points! FeelsGoodMan
[xqc] SchnozeBot: onered5 lost 6 points in roulette and now has 388 points! xqcSmash
[xqc] lilyzcloudy: !roulette 5.5k
[xqc] artificia1love: !points
[xqc] jigachad_holy: oakes modCheck
[xqc] TheCaptainGooey: poof
[xqc] SchnozeBot: lilyzcloudy won 5500 points in roulette and now has 1010987 points! FeelsGoodMan
[xqc] SnipyL: @xQc run a raffle PLEASE
[xqc] SchnozeBot: @artificia1love artificia1love has 10490 points. For more information about points, see http://xqc.pajbot.com/points
[xqc] jeremo947: !roulette all ͏
[xqc] MistaBK: !roulette all
[xqc] SchnozeBot: MistaBK lost 676 points in roulette and now has 0 points! xqcSmash
[xqc] espvd: !mraffle 100000 10
[xqc] Shrimpiy: xqcL
[xqc] mybubucamel: " NOWWHAT " GO FUCKING TOUCH GRASS
[xqc] Nohboku: Bye X and Chatters! xqcL
[xqc] Sky10147: LOL HOLAY GAMBA
[xqc] SnipyL: @xQc  run a raffle PLEASE
[xqc] Sewerslxde: !roulette all
[xqc] kuromohits: o7
[xqc] projectmako47: my juicer is back to his roots FeelsStrongMan Clap
[xqc] JummyKohms: yo i juat got here why is offline chat so fast is he bout to boot up ?
[xqc] ykshellss: !roulette all
[xqc] l3AHU: !roulette 40000
[xqc] HardTlmes: @Kamzara xqcL
[xqc] farmn11: !roulette 40%
[xqc] SchnozeBot: ykshellss won 8860 points in roulette and now has 17720 points! FeelsGoodMan
[xqc] SchnozeBot: l3AHU lost 40000 points in roulette and now has 2431339 points! xqcSmash
[xqc] K0rrupt1on: !rr
[xqc] zlazu: Aware MASS GAMBA LOSS Aware MASS GAMBA LOSS Aware MASS GAMBA LOSS
[xqc] MrMoonie: gn chat <3
[xqc] Fossabot: The trigger is pulled. A bullet fired. F for K0rrupt1on FeelsBadMan
[xqc] kypli4ek: !roulette all
[xqc] oneandonlywilfred: !roulette
[xqc] SchnozeBot: kypli4ek won 648 points in roulette and now has 1296 points! FeelsGoodMan
[xqc] guesteller: Pepega Clap bye chat
[xqc] petergriffinlloll: !points
[xqc] taigh219: WW
[xqc] wewn303: !roulette all ͏
[xqc] onered5: !roulette 12
[xqc] dgeames: !roulette all
[xqc] SpikePulse: !roulette 20% ͏
[xqc] SchnozeBot: wewn303 lost 828 points in roulette and now has 0 points! xqcSmash
[xqc] SchnozeBot: SpikePulse won 3211 points in roulette and now has 19266 points! FeelsGoodMan
[xqc] s404skk: !roulette all
[xqc] SchnozeBot: s404skk won 3972 points in roulette and now has 7944 points! FeelsGoodMan
[xqc] tweakermiles: !roulette all
[xqc] SchnozeBot: tweakermiles lost 1052 points in roulette and now has 0 points! xqcSmash
[xqc] farmn11: !roulette 40% ͏
[xqc] poy9157: T1 Cinema
[xqc] Kamzara: poof
[xqc] SchnozeBot: farmn11 lost 392 points in roulette and now has 588 points! xqcSmash
[xqc] Concani_: @Nohboku agabye
[xqc] mybubucamel: " NOWWHAT " GO FUCKING TOUCH GRASS LO
[xqc] highwaygladiator: !roulette all
[xqc] gutswasright: !roulette 100
[xqc] SchnozeBot: highwaygladiator lost 1931 points in roulette and now has 0 points! xqcSmash

📊 Stats: 7292 messages in 20m0s (6.08 msg/sec)

[xqc] SchnozeBot: gutswasright lost 100 points in roulette and now has 1216 points! xqcSmash
[xqc] jeremo947: !roulette all
[xqc] kypli4ek: !roulette all ͏
[xqc] SchnozeBot: jeremo947 won 86 points in roulette and now has 172 points! FeelsGoodMan
[xqc] MrMoonie: poof
[xqc] onered5: !roulette 15
[xqc] blake8248: Cinema
[xqc] SchnozeBot: onered5 lost 15 points in roulette and now has 373 points! xqcSmash
[xqc] its_Physikz: gn chat xqcL sleep very tight with warm blankies
[xqc] SpikePulse: !roulette 10%
[xqc] mattsage1: I LIKE TURTLES I LIKE TURTLES I LIKE TURTLES I LIKE TURTLES I LIKE TURTLES I LIKE TURTLES I LIKE TURTLES I LIKE TURTLES I LIKE TURTLES I LIKE TURTLES I LIKE TURTLES I LIKE TURTLES
[xqc] th3net: BurntPuke, CatPats gn
[xqc] dgeames: !roulette 43
[xqc] SchnozeBot: dgeames lost 43 points in roulette and now has 0 points! xqcSmash
[xqc] farmn11: !roulette 50%
[xqc] jigachad_holy: !join
[xqc] SnipyL: @xQc run a raffle PLEASE
[xqc] KryptScript: @xQc agabye
[xqc] kypli4ek: !roulette all
[xqc] ekinuu: hyoonSpin
[xqc] wewn303: !roulette all
[xqc] Ken02z: SAJ
[xqc] lilyzcloudy: !roulette 6767
[xqc] SchnozeBot: lilyzcloudy lost 6767 points in roulette and now has 1004220 points! xqcSmash
[xqc] Ken02z: SAJ ͏
[xqc] novlcee: !roulette all
[xqc] SchnozeBot: novlcee won 144 points in roulette and now has 288 points! FeelsGoodMan
[xqc] farmn11: !roulette 50% ͏
[xqc] trevorwolf13: !roulette 50%
[xqc] l3AHU: !roulette 80000
[xqc] MrMoonie: :o
[xqc] SchnozeBot: trevorwolf13 lost 9208 points in roulette and now has 9208 points! xqcSmash
[xqc] AverageTwitchUser_LuL: !roulette 1000
[xqc] SchnozeBot: l3AHU lost 80000 points in roulette and now has 2351339 points! xqcSmash
[xqc] SchnozeBot: AverageTwitchUser_LuL won 1000 points in roulette and now has 27098 points! FeelsGoodMan
[xqc] petergriffinlloll: !roulette 1
[xqc] JayStarkx: xqcCheer T1
[xqc] SchnozeBot: petergriffinlloll won 1 points in roulette and now has 3141 points! FeelsGoodMan
[xqc] SpikePulse: !roulette 10% ͏
[xqc] espvd: r0ckystar_ heyy
[xqc] SchnozeBot: SpikePulse won 1926 points in roulette and now has 21192 points! FeelsGoodMan
[xqc] onered5: !roulette 30
[xqc] HardTlmes: xqcL
[xqc] MrMoonie: poof
[xqc] Kefflings: bye juicers xqcLL
[xqc] Shrimpiy: Saj
[xqc] farmn11: !roulette 50%
[xqc] wewn303: !roulette all ͏
[xqc] EvoManny: !roulette all
[xqc] asiannomnom: !roulette all
[xqc] SchnozeBot: farmn11 won 294 points in roulette and now has 882 points! FeelsGoodMan
[xqc] MistaBK: poof
[xqc] Sky10147: @mybubucamel fuck u
[xqc] SchnozeBot: EvoManny lost 15386 points in roulette and now has 0 points! xqcSmash
[xqc] SchnozeBot: asiannomnom lost 2235 points in roulette and now has 0 points! xqcSmash
[xqc] Concani_: @mybubucamel it's 3 am bruh LO
[xqc] alanred7: <3
[xqc] Coldblackice: remember when xqc was banging out 20hr grinders mult times a week FeelsStrongMan
[xqc] artificia1love: !join
[xqc] sobermaller: !roulette 100
[xqc] Ken02z: SAJ
[xqc] SchnozeBot: sobermaller won 100 points in roulette and now has 122757 points! FeelsGoodMan
[xqc] mybubucamel: !roulette 50%
[xqc] SchnozeBot: mybubucamel won 220 points in roulette and now has 660 points! FeelsGoodMan
[xqc] i2dex: !roulette 1000
[xqc] u2ig: goodbye chat
[xqc] farmn11: !roulette 20%
[xqc] jigachad_holy: !roulette 50%
[xqc] SchnozeBot: jigachad_holy won 40 points in roulette and now has 121 points! FeelsGoodMan
[xqc] ekinuu: aight evieliPeaceout
[xqc] BurntPuke: @th3net night catKISS
[xqc] onered5: !roulette 24
[xqc] jeremo947: NOWWHAT now what chat
[xqc] SchnozeBot: onered5 won 24 points in roulette and now has 397 points! FeelsGoodMan
[xqc] u2ig: !poof
[xqc] farmn11: !roulette 20% ͏
[xqc] Blackwell0102: !cock
[xqc] tehchonka: !lastseen xqc
[xqc] l3AHU: !roulette 160000
[xqc] jigachad_holy: Pog
[xqc] SchnozeBot: tehchonka, xQc was last seen 5 minutes and 17.9 seconds ago, and last active 21 hours and 34 minutes ago.
[xqc] SchnozeBot: l3AHU lost 160000 points in roulette and now has 2191339 points! xqcSmash
[xqc] lilyzcloudy: !roulette 25k
[xqc] AverageTwitchUser_LuL: !roulette 10000
[xqc] Jonzunde: !roulette 10000
[xqc] SchnozeBot: lilyzcloudy lost 25000 points in roulette and now has 979220 points! xqcSmash
[xqc] 19KEW: !roulette all
[xqc] SchnozeBot: AverageTwitchUser_LuL lost 10000 points in roulette and now has 17098 points! xqcSmash
[xqc] SchnozeBot: 19KEW lost 235686 points in roulette and now has 0 points! xqcSmash
[xqc] Blackwell0102: !cock ͏
[xqc] th3net: @its_Physikz, CatPats
[xqc] SnipyL: @xQc  run a raffle PLEASE
[xqc] farmn11: !roulette 20%
[xqc] SchnozeBot: farmn11 lost 176 points in roulette and now has 706 points! xqcSmash
[xqc] Concani_: NOWWHAT
[xqc] r0ckystar_: CHAT IM FUCKING FRIED
[xqc] Blackwell0102: !cock
[xqc] AverageTwitchUser_LuL: !roulette 10000 ͏
[xqc] lyerz_: going toi sleep aswell so I can forget the miserable life that I have
[xqc] fishnothing: !roulette 4382431
[xqc] SchnozeBot: fishnothing lost 4382431 points in roulette and now has 6000000 points! xqcSmash
[xqc] JupiterGelato: !roulette all
[xqc] SchnozeBot: JupiterGelato lost 4238 points in roulette and now has 0 points! xqcSmash
[xqc] trevorwolf13: !roulette %100
[xqc] r0ckystar_: SEE U LATER
[xqc] MistaBK: !poof poof
[xqc] mattsage1: <message castrated>
[xqc] giinby: BedgeLate
[xqc] kami776x: !roulette 50%
[xqc] CamoBricks: !roulette 100
[xqc] cathug51: no way he went offline

📊 Stats: 7403 messages in 20m30s (6.02 msg/sec)

[xqc] novlcee: !roulette 50%
[xqc] farmn11: !roulette all
[xqc] SchnozeBot: kami776x lost 16144 points in roulette and now has 16145 points! xqcSmash
[xqc] gutswasright: !roulette 100
[xqc] SchnozeBot: CamoBricks won 100 points in roulette and now has 104276 points! FeelsGoodMan
[xqc] SchnozeBot: novlcee won 144 points in roulette and now has 432 points! FeelsGoodMan
[xqc] SchnozeBot: gutswasright won 100 points in roulette and now has 1316 points! FeelsGoodMan
[xqc] AverageTwitchUser_LuL: !roulette 10000
[xqc] SpikePulse: !roulette 5%
[xqc] SchnozeBot: SpikePulse lost 1059 points in roulette and now has 20133 points! xqcSmash
[xqc] farmn11: !roulette all ͏
[xqc] jin_etc: !roulette all
[xqc] SchnozeBot: jin_etc won 1801 points in roulette and now has 3602 points! FeelsGoodMan
[xqc] onered5: !roulette 15
[xqc] SchnozeBot: onered5 won 15 points in roulette and now has 412 points! FeelsGoodMan
[xqc] l3AHU: !roulette 320000
[xqc] ondar911: !roulette all
[xqc] SchnozeBot: l3AHU lost 320000 points in roulette and now has 1871339 points! xqcSmash
[xqc] SchnozeBot: ondar911 won 2221 points in roulette and now has 4442 points! FeelsGoodMan
[xqc] lilyzcloudy: !roulette 75k
[xqc] SchnozeBot: lilyzcloudy won 75000 points in roulette and now has 1054220 points! FeelsGoodMan
[xqc] farmn11: !roulette all
[xqc] wewn303: LOST ALL THE POINT  NOWWHAT CHAT
[xqc] SchnozeBot: farmn11 won 706 points in roulette and now has 1412 points! FeelsGoodMan
[xqc] th3net: chat do !poof
[xqc] sobermaller: !roulette 1000
[xqc] SchnozeBot: sobermaller won 1000 points in roulette and now has 123757 points! FeelsGoodMan
[xqc] r0ckystar_: I GONNA GET POOF o7
[xqc] BurntPuke: poof from existence
[xqc] Ken02z: !roulette all
[xqc] SchnozeBot: Ken02z won 1403 points in roulette and now has 2806 points! FeelsGoodMan
[xqc] HardTlmes: @lyerz_ TrollDespair
[xqc] giirrburr: Classic he ended stream early
[xqc] highvoltagehd_: @cathug51 wym
[xqc] trevorwolf13: !roulette 100%
[xqc] SchnozeBot: trevorwolf13 lost 9208 points in roulette and now has 0 points! xqcSmash
[xqc] USOIL: !roulette 19900
[xqc] kypli4ek: !roulette 1000
[xqc] SchnozeBot: kypli4ek lost 1000 points in roulette and now has 296 points! xqcSmash
[xqc] Annivrsary: yo just woke up is he going live tn or na
[xqc] AxelmodAni: !followage
[xqc] Fossabot: @AxelmodAni AxelmodAni has been following xQc for 5 years, 11 months, 24 days and 2 hours
[xqc] AverageTwitchUser_LuL: !roulette 10000 ͏
[xqc] artificia1love: xqcOffline
[xqc] l3AHU: !roulette 640000
[xqc] SchnozeBot: AverageTwitchUser_LuL lost 10000 points in roulette and now has 7098 points! xqcSmash
[xqc] r0ckystar_: !POOF\
[xqc] SpikePulse: !roulette 10%
[xqc] كوبرا: !roulette all
[xqc] SchnozeBot: SpikePulse won 2013 points in roulette and now has 22146 points! FeelsGoodMan
[xqc] SchnozeBot: كوبرا lost 4884 points in roulette and now has 0 points! xqcSmash
[xqc] l3AHU: !roulette  640000
[xqc] SchnozeBot: l3AHU won 640000 points in roulette and now has 2511339 points! FeelsGoodMan
[xqc] kypli4ek: !roulette 295
[xqc] gutswasright: !roulette 10
[xqc] SchnozeBot: gutswasright won 10 points in roulette and now has 1326 points! FeelsGoodMan
[xqc] fishnothing: !roulette 6000000
[xqc] AverageTwitchUser_LuL: !roulette all
[xqc] SchnozeBot: fishnothing won 6000000 points in roulette and now has 12000000 points! FeelsGoodMan
[xqc] jeremo947: Aware WEEK LONG BREAK TO COMPENSATE FOR 24 HR STREAM
[xqc] Annivrsary: !gamble all
[xqc] nononokes: !roulette 725
[xqc] SchnozeBot: nononokes lost 725 points in roulette and now has 1821 points! xqcSmash
[xqc] espvd: !roulette all
[xqc] SchnozeBot: espvd won 1112 points in roulette and now has 2224 points! FeelsGoodMan
[xqc] wjuh: !roulette all
[xqc] SchnozeBot: wjuh won 514 points in roulette and now has 1028 points! FeelsGoodMan
[xqc] حىىىام: !roulette all
[xqc] fishnothing: oof
[xqc] SchnozeBot: حىىىام lost 758 points in roulette and now has 0 points! xqcSmash
[xqc] AverageTwitchUser_LuL: !roulette all ͏
[xqc] SchnozeBot: AverageTwitchUser_LuL won 7098 points in roulette and now has 14196 points! FeelsGoodMan
[xqc] USOIL: !roulette 19500
[xqc] BurntPuke: wtf it didn't work
[xqc] akeidz_: ArcRaidersDance
[xqc] mybubucamel: !roulette 50%
[xqc] SchnozeBot: mybubucamel won 330 points in roulette and now has 990 points! FeelsGoodMan
[xqc] moikz: @xqc are you watching worldls

📊 Stats: 7481 messages in 21m0s (5.94 msg/sec)

[xqc] highvoltagehd_: !commands
[xqc] Fossabot: @highvoltagehd_ The commands for this channel are available at: https://fossabot.com/xqc/commands & xqc.pajbot.com/commands
[xqc] SnipyL: @fishnothing xqcBOOM
[xqc] kypli4ek: !roulette 294
[xqc] SchnozeBot: kypli4ek lost 294 points in roulette and now has 2 points! xqcSmash
[xqc] Mazeroski_: it didnt work BRUHMM @th3net
[xqc] gutswasright: !roulette 50
[xqc] SchnozeBot: gutswasright lost 50 points in roulette and now has 1276 points! xqcSmash
[xqc] lilyzcloudy: !roulette 20k
[xqc] SchnozeBot: lilyzcloudy lost 20000 points in roulette and now has 1034220 points! xqcSmash
[xqc] IncredibleFire0: !followage
[xqc] Mazeroski_: it didnt work BRUHMM @BurntPuke
[xqc] Fossabot: @IncredibleFire0 IncredibleFire0 has been following xQc for 4 years, 8 months, 11 days and 1 hour
[xqc] asiannomnom: !roulette all ͏
[xqc] i2dex: !roulette 50
[xqc] SchnozeBot: i2dex lost 50 points in roulette and now has 569 points! xqcSmash
[xqc] AverageTwitchUser_LuL: !roulette all
[xqc] SchnozeBot: AverageTwitchUser_LuL won 14196 points in roulette and now has 28392 points! FeelsGoodMan
[xqc] USOIL: !roulette 16000
[xqc] luhmoppy: aga
[xqc] gutswasright: !roulette 100
[xqc] BurntPuke: poof from existence RAGEY
[xqc] espvd: snipy widetime2
[xqc] navvlol: Aware now wot
[xqc] jeremo947: !roulette all
[xqc] SnipyL: !roulette 40k
[xqc] SchnozeBot: jeremo947 lost 172 points in roulette and now has 0 points! xqcSmash
[xqc] SchnozeBot: SnipyL won 40000 points in roulette and now has 2380000 points! FeelsGoodMan
[xqc] Mcfigon: !roulette all
[xqc] SchnozeBot: Mcfigon lost 26955 points in roulette and now has 0 points! xqcSmash
[xqc] SnipyL: ayeee
[xqc] espvd: widetime2
[xqc] SnipyL: @espvd widetime2
[xqc] farmn11: !roulette 100
[xqc] Blackwell0102: !cock ͏
[xqc] SchnozeBot: farmn11 lost 100 points in roulette and now has 1312 points! xqcSmash
[xqc] darkface____: !roulette all
[xqc] SchnozeBot: darkface____ lost 43098 points in roulette and now has 0 points! xqcSmash
[xqc] ancron_7: bruh he ended
[xqc] yuve: poof buh2
[xqc] gutswasright: !roulette 200
[xqc] SchnozeBot: gutswasright lost 200 points in roulette and now has 1076 points! xqcSmash
[xqc] ondar911: !roulette go all
[xqc] Fossabot: xqcL TR4FFiq is staying in the jungle using Prime! xqcL Thanks so much for re-subbing xqcL And continuing to support the stream! xqcL
[xqc] lilyzcloudy: !roulette 35k
[xqc] Mcfigon: Sadge
[xqc] SchnozeBot: lilyzcloudy lost 35000 points in roulette and now has 999220 points! xqcSmash
[xqc] oldjens: !smp all
[xqc] espvd: !roulette all
[xqc] BLURWYA: widetime2 SnipyL
[xqc] SchnozeBot: oldjens | xqcWut xqcEZ xqcEZ | won 10.5 points PogChamp
[xqc] SchnozeBot: espvd won 2224 points in roulette and now has 4448 points! FeelsGoodMan
[xqc] luhmoppy: im gunna watch the first 7 hours
[xqc] farmn11: !roulette 40%
[xqc] cement_bong: !roulette 800
[xqc] SchnozeBot: cement_bong won 800 points in roulette and now has 4726 points! FeelsGoodMan
[xqc] ancron_7: 24 hour stream damn

📊 Stats: 7538 messages in 21m30s (5.84 msg/sec)

[xqc] gutswasright: !roulette 400
[xqc] USOIL: !roulette 19k
[xqc] farmn11: !roulette 40% ͏
[xqc] SnipyL: @BLURWYA widetime2
[xqc] CamoBricks: !roulette 3000
[xqc] SchnozeBot: farmn11 lost 524 points in roulette and now has 788 points! xqcSmash
[xqc] SchnozeBot: CamoBricks won 3000 points in roulette and now has 107276 points! FeelsGoodMan
[xqc] strateri3: failed 24 hour challenge LO
[xqc] vexorDS: !roulette10
[xqc] AverageTwitchUser_LuL: !roulette 5000
[xqc] SchnozeBot: AverageTwitchUser_LuL won 5000 points in roulette and now has 33392 points! FeelsGoodMan
[xqc] l3AHU: pepeSmoke
[xqc] i2dex: !roulette 123
[xqc] SchnozeBot: i2dex lost 123 points in roulette and now has 446 points! xqcSmash
[xqc] l3AHU: pepeSmoke 󠀀
[xqc] farmn11: !roulette all%
[xqc] l3AHU: pepeSmoke
[xqc] jeremo947: NOWWHAT
[xqc] gutswasright: !roulette 500
[xqc] SchnozeBot: gutswasright lost 500 points in roulette and now has 576 points! xqcSmash
[xqc] farmn11: !roulette all
[xqc] l3AHU: pepeSmoke 󠀀
[xqc] d9vidx: bruh hes late again
[xqc] l3AHU: pepeSmoke
[xqc] jeremo947: !poof
[xqc] lilyzcloudy: !roulette 100k
[xqc] Mazeroski_: PauseMan
[xqc] SchnozeBot: lilyzcloudy lost 100000 points in roulette and now has 899220 points! xqcSmash
[xqc] strateri3: failed 24 hour challenge LO  ͏
[xqc] l3AHU: pepeSmoke do poof
[xqc] farmn11: !roulette all ͏
[xqc] SchnozeBot: farmn11 won 788 points in roulette and now has 1576 points! FeelsGoodMan
[xqc] Mazeroski_: PauseMan ͏
[xqc] nononokes: buh bai
[xqc] ancron_7: that’s insane conditions
[xqc] l3AHU: pepeSmoke  do poof
[xqc] Cloudzsurf: !roulette 50
[xqc] gutswasright: !roulette all
[xqc] SchnozeBot: Cloudzsurf lost 50 points in roulette and now has 14116 points! xqcSmash
[xqc] ondar911: !roulette all you bitch ass
[xqc] SchnozeBot: ondar911 won 4442 points in roulette and now has 8884 points! FeelsGoodMan
[xqc] oldjens: !roulette all
[xqc] i2dex: !roulette 50
[xqc] SchnozeBot: oldjens won 18 points in roulette and now has 36 points! FeelsGoodMan
[xqc] SchnozeBot: i2dex won 50 points in roulette and now has 496 points! FeelsGoodMan
[xqc] l3AHU: pepeSmoke do poof
[xqc] Mazeroski_: PagMan
[xqc] wewn303: agaDespair vision0  agaDespair vision0  agaDespair vision0  agaDespair vision0  agaDespair vision0  agaDespair vision0
[xqc] SpikePulse: poof
[xqc] oldjens: !smp all
[xqc] SchnozeBot: oldjens | xqcJuice xqcJuice xqcJuice | won 90.0 points PogChamp
[xqc] farmn11: !roulette 10%
[xqc] SchnozeBot: farmn11 lost 157 points in roulette and now has 1419 points! xqcSmash
[xqc] d9vidx: !points
[xqc] SchnozeBot: @d9vidx d9vidx has 20445 points. For more information about points, see http://xqc.pajbot.com/points
[xqc] gutswasright: !roulette 550
[xqc] SchnozeBot: gutswasright lost 550 points in roulette and now has 26 points! xqcSmash
[xqc] farmn11: !roulette 10% ͏
[xqc] navvlol: i love you chat i hope yall have an amazing day/night xqcLL bye
[xqc] lilyzcloudy: !roulette 250k
[xqc] SchnozeBot: lilyzcloudy won 250000 points in roulette and now has 1149220 points! FeelsGoodMan
[xqc] Fossabot: : Feel free to join my discord! https://discord.gg/xqcow (you don't have to be a sub) and follow Twitter! https://twitter.com/xQc
[xqc] Bankaii73: o7 o7
[xqc] farmn11: !roulette 10%

📊 Stats: 7602 messages in 22m0s (5.76 msg/sec)

[xqc] AverageTwitchUser_LuL: !roulette 1000
[xqc] SchnozeBot: AverageTwitchUser_LuL won 1000 points in roulette and now has 34392 points! FeelsGoodMan
[xqc] JohnHeIms: !roulette all
[xqc] kami776x: !roulette 50% ͏
[xqc] SchnozeBot: JohnHeIms won 17890 points in roulette and now has 35780 points! FeelsGoodMan
[xqc] SchnozeBot: kami776x won 8072 points in roulette and now has 24217 points! FeelsGoodMan
[xqc] 22Myno: !poof bye chat
[xqc] farmn11: !roulette 10% ͏
[xqc] HardTlmes: buhOverShakeyFlipExplode !poof 37 min
[xqc] espvd: xqcL
[xqc] lilyzcloudy: bang
[xqc] i2dex: !roulette 50 .
[xqc] SchnozeBot: i2dex lost 50 points in roulette and now has 446 points! xqcSmash
[xqc] flashfan011: !followage
[xqc] Fossabot: @flashfan011 flashfan011 has been following xQc for 3 years, 2 months, 18 days and 4 hours
[xqc] farmn11: !roulette 10%
[xqc] SchnozeBot: farmn11 lost 141 points in roulette and now has 1278 points! xqcSmash
[xqc] JohnHeIms: !gamble all
[xqc] HardTlmes: !poof
[xqc] oldjens: !smp all !
[xqc] SchnozeBot: oldjens | xqcWut xqcTree xqcJuice | lost 126 points LuL
[xqc] JohnHeIms: !gamble all ͏
[xqc] Fossabot: Want to help out the Juicer and get a badge next to your name? Gift a sub: https://bit.ly/2KPcW7h xqcL You can now gift anonymously.
[xqc] JayStarkx: !watchtime
[xqc] SchnozeBot: JayStarkx has spent 7 months and 10 days in online chat.
[xqc] JohnHeIms: !roulette all
[xqc] SchnozeBot: JohnHeIms lost 35780 points in roulette and now has 0 points! xqcSmash
[xqc] espvd: poof
[xqc] ondar911: poof fuck you chat
[xqc] nickel8089: !OV
[xqc] farmn11: !roulette 10% ͏
[xqc] SchnozeBot: farmn11 lost 127 points in roulette and now has 1151 points! xqcSmash
[xqc] nickel8089: !ov
[xqc] ThePositiveBot: [Offline Viewers] nickel8089, there are 15154 offline viewers in xqc's stream right now!
[xqc] farmn11: !roulette 40%
[xqc] Fossabot: :  Are you a vod enjoyer ? Watch them here ! https://xqc.wtf/
[xqc] vexorDS: !roulette10%
[xqc] farmn11: !roulette 40% ͏
[xqc] navvlol: !poof

📊 Stats: 7641 messages in 22m30s (5.66 msg/sec)

[xqc] IO326: !roulette
[xqc] d9vidx: !roulette 1000
[xqc] SchnozeBot: d9vidx lost 1000 points in roulette and now has 19445 points! xqcSmash
[xqc] farmn11: !roulette 40%
[xqc] SchnozeBot: farmn11 lost 460 points in roulette and now has 691 points! xqcSmash
[xqc] ondar911: !poof shit
[xqc] JayStarkx: !points
[xqc] SchnozeBot: @JayStarkx jaystarkx has 238693 points. For more information about points, see http://xqc.pajbot.com/points
[xqc] farmn11: !roulette all%
[xqc] rageca6e: HELLO OFFLINECHAT TERS ITS BEEN 24 HOURS
[xqc] viwubbb: why is drdisrespect still in his offline thing
[xqc] IO326: !roulette10%
[xqc] viwubbb: offline cover

📊 Stats: 7654 messages in 23m0s (5.55 msg/sec)

[xqc] potatoch1ppz: NOWWHAT
[xqc] highvoltagehd_: !poof
[xqc] farmn11: !roulette all
[xqc] JayStarkx: BeerCat
[xqc] SchnozeBot: farmn11 won 691 points in roulette and now has 1382 points! FeelsGoodMan
[xqc] whatsrealtho: !roulette all
[xqc] SchnozeBot: whatsrealtho won 590 points in roulette and now has 1180 points! FeelsGoodMan
[xqc] IO326: !roulette 10%
[xqc] SchnozeBot: IO326 won 1583 points in roulette and now has 17421 points! FeelsGoodMan
[xqc] 0verflux: never reached that 24 hour mark LOL
[xqc] lilyzcloudy: !roulette 15k
[xqc] SchnozeBot: lilyzcloudy lost 15000 points in roulette and now has 1134220 points! xqcSmash
[xqc] nulVirtigo: GO LIVE MR COW
[xqc] StDover: just fished the 2 ep of pluribus kinda badass concept, also LOL Apple has so much money one ep is in like 3 different countries in super luxurious places
[xqc] artificia1love: @viwubbb because who cares
[xqc] whatsrealtho: !roulette 100%
[xqc] SchnozeBot: whatsrealtho lost 1180 points in roulette and now has 0 points! xqcSmash
[xqc] mrpicklemanbig: !roulette 1000
[xqc] artificia1love: drama andy

📊 Stats: 7673 messages in 23m30s (5.44 msg/sec)

[xqc] potatoch1ppz: not even 24 hours SMH
[xqc] rageca6e: LIVE SOON, I CAN FEEL IT POGGERS
[xqc] farmn11: bye chat xqcLL
[xqc] viwubbb: @artificia1love he's a pdf thats why?
[xqc] valraSan: !roulette all
[xqc] SchnozeBot: valraSan lost 5033 points in roulette and now has 0 points! xqcSmash
[xqc] Bnsho: !lastseen xqc
[xqc] SchnozeBot: Bnsho, xQc was last seen 8 minutes and 45.2 seconds ago, and last active 21 hours and 37 minutes ago.
[xqc] Bnsho: OOOO
[xqc] Bnsho: hes here
[xqc] potatoch1ppz: Fiddy all of u
[xqc] pervysage68: GN CHAT
[xqc] rageca6e: BACK IN THE DAY HE WOULD STREAM FOR AT LEAST 24 HOURS Pointless

📊 Stats: 7686 messages in 24m0s (5.34 msg/sec)

[xqc] IO326: !roulette 421
[xqc] 0verflux: CatTime2
[xqc] SchnozeBot: IO326 won 421 points in roulette and now has 17842 points! FeelsGoodMan
[xqc] 0verflux: CatTime2 ͏
[xqc] 0verflux: CatTime2
[xqc] 0verflux: CatTime2 ͏
[xqc] 0verflux: CatTime2
[xqc] lilyzcloudy: !roulette 30k
[xqc] SchnozeBot: lilyzcloudy won 30000 points in roulette and now has 1164220 points! FeelsGoodMan
[xqc] wewn303: !lastseen
[xqc] 0verflux: CatTime2 ͏
[xqc] Jolesta: @rageca6e Pointless
[xqc] Mazeroski_: modCheck smug
[xqc] 0verflux: CatTime2
[xqc] 0verflux: CatTime2 ͏
[xqc] 0verflux: smug
[xqc] potatoch1ppz: !poof
[xqc] Blackwell0102: @viwubbb Cus the art is fire
[xqc] 0verflux: CatTime2
[xqc] Mazeroski_: WEEBSDETECTED
[xqc] 0verflux: AA
[xqc] 0verflux: CatTime2
[xqc] 0verflux: CatTime2 ͏
[xqc] lilyzcloudy: !rr
[xqc] Fossabot: The trigger is pulled. lilyzcloudy survives! PogChamp
[xqc] 0verflux: CatTime2
[xqc] kypli4ek: buh
[xqc] valraSan: wideBoink wideBoink wideBoink wideBoink wideBoink
[xqc] 0verflux: CatTime2 ͏
[xqc] 0verflux: CatTime2
[xqc] 0verflux: CatTime2 ͏
[xqc] 0verflux: CatTime2
[xqc] 0verflux: CatTime2 ͏

📊 Stats: 7719 messages in 24m30s (5.25 msg/sec)

[xqc] luxah13: aliciaxiBirb aliciaxiBirb aliciaxiBirb
[xqc] 0verflux: CatTime2
[xqc] 0verflux: CatTime2 ͏
[xqc] 0verflux: CatTime2
[xqc] JasperCalico: LOL only 20 hour stream
[xqc] 0verflux: never reached that 24 hour mark LOL
[xqc] Mazeroski_: jcal is here wade
[xqc] 0verflux: CatTime2
[xqc] 0verflux: CatTime2 ͏
[xqc] 0verflux: CatTime2
[xqc] whatsrealtho: !re
[xqc] 0verflux: CatTime2 ͏
[xqc] 0verflux: CatTime2
[xqc] wewn303: CatTime
[xqc] whatsrealtho: !rr
[xqc] 0verflux: CatTime2 ͏
[xqc] gutswasright: wideboink
[xqc] Fossabot: The trigger is pulled. A bullet fired. F for whatsrealtho FeelsBadMan
[xqc] JasperCalico: can't even do a 24 LOL
[xqc] 0verflux: CatTime2
[xqc] 0verflux: CatTime2 ͏
[xqc] 0verflux: CatTime2
[xqc] gutswasright: wideBoink
[xqc] 0verflux: CatTime2 ͏
[xqc] 0verflux: CatTime2
[xqc] JasperCalico: washed LOL
[xqc] 0verflux: CatTime2 ͏
[xqc] Jolesta: xqcLL

📊 Stats: 7747 messages in 25m0s (5.16 msg/sec)

[xqc] JasperCalico: @Mazeroski_, wideBoink
[xqc] DIBABLX: old xqc would have hit 48 hour smh
[xqc] 0verflux: getting old LOL
[xqc] 0verflux: Aware
[xqc] YEGOBLK: lovly Doc
[xqc] DIBABLX: xqcLL
[xqc] 0verflux: CatEat booty
[xqc] JasperCalico: old xqc would pull back to back 74 hour streams dude
[xqc] gutswasright: lol
[xqc] JasperCalico: Sadge
[xqc] luxah13: aliciaxiEuh
[xqc] malimus04: wait bro ended i was just about to start watching
[xqc] Bnsho: Worlds 2025 chat Cinema

📊 Stats: 7760 messages in 25m30s (5.07 msg/sec)

[xqc] JasperCalico: its joever
[xqc] malimus04: jewover?
[xqc] wewn303: BAN ME FOR 24H rar
[xqc] luxah13: viperusKiss1 viperusKiss2 gn ctrlph1Heart

📊 Stats: 7764 messages in 26m0s (4.98 msg/sec)

[xqc] JasperCalico: twitch has fuckde up so bad I almost liked a sneako tweet
[xqc] AverageTwitchUser_LuL: !roulette 1000 ͏
[xqc] SchnozeBot: AverageTwitchUser_LuL lost 1000 points in roulette and now has 33395 points! xqcSmash
[xqc] kypli4ek: PLACE

📊 Stats: 7768 messages in 26m30s (4.89 msg/sec)

[xqc] ipierceveils: !roulette all
[xqc] SchnozeBot: ipierceveils lost 10296 points in roulette and now has 0 points! xqcSmash
[xqc] Crocomane: !roulette all
[xqc] SchnozeBot: Crocomane won 19097 points in roulette and now has 38194 points! FeelsGoodMan
[xqc] febzo2: ohfrfr
[xqc] Alvesco160: !roulette all
[xqc] SchnozeBot: Alvesco160 won 43466 points in roulette and now has 86932 points! FeelsGoodMan

📊 Stats: 7775 messages in 27m0s (4.80 msg/sec)

[xqc] gggeorrge: !roulette all
[xqc] SchnozeBot: gggeorrge won 7684 points in roulette and now has 15368 points! FeelsGoodMan
[xqc] JayStarkx: GIGACHAD faker getting his 6th win

📊 Stats: 7778 messages in 27m30s (4.71 msg/sec)

[xqc] AverageTwitchUser_LuL: !roulette 10000
[xqc] SchnozeBot: AverageTwitchUser_LuL won 10000 points in roulette and now has 43395 points! FeelsGoodMan
[xqc] qqqwwweeerrr312: !roulette all
[xqc] SchnozeBot: qqqwwweeerrr312 lost 194 points in roulette and now has 0 points! xqcSmash
[xqc] Mazeroski_: !fact
[xqc] ThePositiveBot: [Fact] mazeroski_,  was Harrison Ford`s idea so that he could take a bathroom break.
[xqc] Coldblackice: @JasperCalico LO

📊 Stats: 7785 messages in 28m0s (4.63 msg/sec)

[xqc] MOOD_2008: !points
[xqc] SchnozeBot: @MOOD_2008 mood_2008 has 46899 points. For more information about points, see http://xqc.pajbot.com/points

📊 Stats: 7787 messages in 28m30s (4.55 msg/sec)

[xqc] DJToeNailOfficial: !p
[xqc] SchnozeBot: @DJToeNailOfficial djtoenailofficial has 111490 points. For more information about points, see http://xqc.pajbot.com/points
[xqc] DJToeNailOfficial: !roulette 1490
[xqc] SchnozeBot: DJToeNailOfficial won 1490 points in roulette and now has 112980 points! FeelsGoodMan

📊 Stats: 7791 messages in 29m0s (4.48 msg/sec)

[xqc] DJToeNailOfficial: !smp 980
[xqc] SchnozeBot: DJToeNailOfficial | xqcLook xqcEZ xqcTree | lost 980 points LuL
[xqc] DJToeNailOfficial: !roulette 2k
[xqc] SchnozeBot: DJToeNailOfficial lost 2000 points in roulette and now has 110000 points! xqcSmash
[xqc] DJToeNailOfficial: Olrite

📊 Stats: 7796 messages in 29m30s (4.40 msg/sec)

[xqc] RaAryaz: !roulette 67
[xqc] SchnozeBot: RaAryaz won 67 points in roulette and now has 598 points! FeelsGoodMan
[xqc] RaAryaz: ICANT
[xqc] Alvesco160: wideSpeedNod having leg muscles squeezes my balls
[xqc] nakano_it5uki: kt deny the 3peat PLEASE

📊 Stats: 7801 messages in 30m0s (4.33 msg/sec)

[xqc] RaAryaz: ICANT
[xqc] JasperCalico: alright time to watch this again https://www.youtube.com/watch?v=ZIPCptw_Otg&t=6906s
[xqc] RaAryaz: ICANT ICANT
[xqc] Coldblackice: who else was here for the xqc + dad segment, what a WW lore that was

📊 Stats: 7805 messages in 30m30s (4.27 msg/sec)

[xqc] DankJuicer: !downtime
[xqc] Fossabot: @DankJuicer xQc has been offline for 11 minutes and 14 seconds
[xqc] DankJuicer: REALLY
[xqc] DankJuicer: right when i wake up huh? emiruEARS
[xqc] KryptScript: !ov
[xqc] ThePositiveBot: [Offline Viewers] kryptscript, there are 11257 offline viewers in xqc's stream right now!
[xqc] KryptScript: xqcL
[xqc] AverageTwitchUser_LuL: !points
[xqc] SchnozeBot: @AverageTwitchUser_LuL averagetwitchuser_lul has 43395 points. For more information about points, see http://xqc.pajbot.com/points
[xqc] sweatydonkeydong: !gamble all

📊 Stats: 7815 messages in 31m0s (4.20 msg/sec)

[xqc] KryptScript: xqcL xqcL xqcL xqcL
[xqc] Coldblackice: @DankJuicer Aware ended just minutes ago xqcL
[xqc] mrpicklemanbig: !roulette all
[xqc] SchnozeBot: mrpicklemanbig lost 554 points in roulette and now has 0 points! xqcSmash
[xqc] KryptScript: holy 24 hour stream
[xqc] Kappa_slash_slash: Live soon? OOOO
[xqc] DankJuicer: @Coldblackice the dankjuicer curse emiruEARS every time i wake up he goes offline
[xqc] Coldblackice: @Kappa_slash_slash REAL OOOO NOWAYING

📊 Stats: 7823 messages in 31m30s (4.14 msg/sec)

[xqc] DankJuicer: sorry i made him end guys
[xqc] Kappa_slash_slash: OOOO
[xqc] cirrostratomutatus: !p
[xqc] SchnozeBot: @cirrostratomutatus cirrostratomutatus has 1148 points. For more information about points, see http://xqc.pajbot.com/points
[xqc] cirrostratomutatus: !roulette 200
[xqc] SchnozeBot: cirrostratomutatus lost 200 points in roulette and now has 948 points! xqcSmash
[xqc] KryptScript: OOOO ??????
[xqc] FIKOEOS: 24h live part 2 HOLDD
[xqc] KryptScript: OOOO ??????OOOO ?????? OOOO ??????OOOO ??????
[xqc] KryptScript: OOOO ?????? OOOO ?????? OOOO ??????

📊 Stats: 7833 messages in 32m0s (4.08 msg/sec)

[xqc] DankJuicer: guys i'll go back to sleep so he'll be here again
[xqc] DankJuicer: emiruEARS
[xqc] FIKOEOS: HOLDD live

📊 Stats: 7836 messages in 32m30s (4.02 msg/sec)

[xqc] taebny: OOOO CHAT LETS GOTO SLEEP WITH X PagMan
[xqc] Mazeroski_: Bajs PointRIGHT @FIKOEOS
[xqc] yosimon: this chat has lost the true sense of what it means to be a juicer
[xqc] taebny: WE CAN ALL SLEEP TOGETHER IN SPIRIT xqcL
[xqc] laboratoryscrew: omg league championship BatChest

📊 Stats: 7841 messages in 33m0s (3.96 msg/sec)

[xqc] JummyKohms: yo whats up guys put the kids to bed are we getting a juicer stream!?
[xqc] deemzer: !gamesplayed
[xqc] Fossabot: @deemzer [08 Nov 2025]: Just Chatting (7h 7m), ARC Raiders (16h 43m)

📊 Stats: 7844 messages in 33m30s (3.90 msg/sec)

[xqc] yosimon: HowDoWeTellHim
[xqc] Coldblackice: @DankJuicer Sadge maybe if you go back to bed he will go live then
[xqc] KryptScript: Telegram raiders Alarm PepeLaugh Telegram raiders Alarm PepeLaugh  Telegram raiders Alarm PepeLaugh  Telegram raiders Alarm PepeLaugh
[xqc] ex17z: @DankJuicer SERIOUSLY

📊 Stats: 7848 messages in 34m0s (3.85 msg/sec)

[xqc] taxigotbanned: hello
[xqc] ex17z: mistah dj get some sleep you'll need it for mistah max max max supermax masterclass tomorrow

📊 Stats: 7850 messages in 34m30s (3.79 msg/sec)

[xqc] taxigotbanned: i, love, chainsaw.
[xqc] KryptScript: xqc.wtf
[xqc] AverageTwitchUser_LuL: !roulette 1000
[xqc] SchnozeBot: AverageTwitchUser_LuL lost 1000 points in roulette and now has 42395 points! xqcSmash
[xqc] Adisey: wtf why the stream is off
[xqc] Coldblackice: @DankJuicer DankJuicer sacrificing for the team GIGACHAD WW ALERT
[xqc] deez_nuts52: LOL I TYPED 25K IN STEWIE CHAT AND GOT BANNED INSTA
[xqc] slowbondie: @Adisey our jooser went to bed
[xqc] ex17z: @Adisey he just ended it
[xqc] ex17z: !gamesplayed
[xqc] Fossabot: @ex17z [08 Nov 2025]: Just Chatting (7h 7m), ARC Raiders (16h 43m)
[xqc] Adisey: silly
[xqc] Mazeroski_: yawn @toottoot2_

📊 Stats: 7863 messages in 35m0s (3.74 msg/sec)

[xqc] slowbondie: crazy long stream
[xqc] Fossabot: Merch drop #3 is out https://xqc.store/ EZ
[xqc] toottoot2_: @Mazeroski_, awoo
[xqc] Titan911: !followage
[xqc] Fossabot: @Titan911 Titan911 has been following xQc for 7 years, 6 months, 21 days and 15 hours
[xqc] DankJuicer: @ex17z for sure emiruEARS
[xqc] Mazeroski_: awoo
[xqc] DankJuicer: well i just woke up cause i have sleeping problems
[xqc] slowbondie: !followage zzaaiidd
[xqc] Fossabot: @slowbondie zzaaiidd is not following xQc
[xqc] DankJuicer: can only sleep like 3h
[xqc] slowbondie: !followage zaaid

📊 Stats: 7875 messages in 35m30s (3.70 msg/sec)

[xqc] slowbondie: fack
[xqc] Blueglozz: !p
[xqc] SchnozeBot: @Blueglozz blueglozz has 380178 points. For more information about points, see http://xqc.pajbot.com/points
[xqc] Coldblackice: @slowbondie it's been ages
[xqc] slowbondie: !followage zaaid
[xqc] Fossabot: @slowbondie Zaaid has been following xQc for 5 years, 4 months, 5 days and 10 hours
[xqc] slowbondie: my lost account Sadge
[xqc] slowbondie: @Coldblackice nah facts

📊 Stats: 7883 messages in 36m0s (3.65 msg/sec)

[xqc] taebny: https://youtu.be/18vhVyRnE5Q?si=8SXwWe2DGfxW6-cB&t=632 YO WHAT IS WRONG WITH PEOPLE LMFAOO
[xqc] zzzVicious: NAILS faker
[xqc] Coldblackice: @DankJuicer like in general???

📊 Stats: 7886 messages in 36m30s (3.60 msg/sec)

[xqc] slowbondie: @zzzVicious i swear anga
[xqc] DankJuicer: @Coldblackice every night emiruEARS
[xqc] AverageTwitchUser_LuL: !roulette
[xqc] Coldblackice: @slowbondie Sadge what for
[xqc] AverageTwitchUser_LuL: !roulette 1000
[xqc] SchnozeBot: AverageTwitchUser_LuL won 1000 points in roulette and now has 43398 points! FeelsGoodMan
[xqc] moonwalk1ng: only 24hs stream?
[xqc] slowbondie: @Coldblackice changed my phone number due to a stalker and lost 2fa and all that Sadge

📊 Stats: 7894 messages in 37m0s (3.56 msg/sec)

[xqc] Coldblackice: @DankJuicer whaaaaaat GIGACHAD how

📊 Stats: 7895 messages in 37m30s (3.51 msg/sec)

[xqc] KryptScript: NOOOO
[xqc] yuhyuh316: Xqc L
[xqc] MiteFuM: chat does anyone know if he reacted to destiny vs mohammed hijab debate
[xqc] KryptScript: Nope

📊 Stats: 7899 messages in 38m0s (3.46 msg/sec)

[xqc] DankJuicer: @Coldblackice not a good thing emiruEARS slowly losing it
[xqc] slowbondie: @DankJuicer melatonin?
[xqc] Coldblackice: @slowbondie noooo Sadge have you tried putting in a support ticket about it? slim chance, but maybe support will recover
[xqc] REVOval: is he going live today?
[xqc] Coldblackice: @DankJuicer monkaEyes

📊 Stats: 7904 messages in 38m30s (3.42 msg/sec)

[xqc] slowbondie: @Coldblackice yeah i have but the problem is my new number is assosiated with another account of some sort somehow. seems like i got someones old phone number
[xqc] zzzVicious: DankJuicer you just need to join the fight club
[xqc] DankJuicer: i feel like a vampire veryFors
[xqc] JDXL: xQxi W china

📊 Stats: 7908 messages in 39m0s (3.38 msg/sec)

[xqc] DankJuicer: @slowbondie well yea
[xqc] slowbondie: i need some like actual connection with twitch or something for someone to override it idek
[xqc] slowbondie: @DankJuicer doessn't work?

📊 Stats: 7911 messages in 39m30s (3.34 msg/sec)

[xqc] DankJuicer: i guess
[xqc] Coldblackice: the irony of sleep: sleep eludes those who want it, but bodyslams those who don't
[xqc] slowbondie: @Coldblackice real

📊 Stats: 7914 messages in 40m0s (3.30 msg/sec)

[xqc] zzzVicious: !trivia
[xqc] ThePositiveBot: [Trivia] zzzvicious has started a trivia :) Question: In the classic tearjerker "Beaches," two girls begin their lifelong friendship on a beach in what U.S. state? | Do !hint for a hint 🤔
